query_id,recall
0,1
1,1
2,1
3,1
4,0.97
5,1
6,0.93
7,0.86
8,0.98
9,0.96
10,0.99
11,1
12,0.98
13,0.99
14,1
15,0.97
16,0.83
17,0.96
18,0.89
19,1
20,1
21,1
22,1
23,0.98
24,0.82
25,1
26,0.99
27,0.88
28,0.93
29,1
30,0.88
31,1
32,0.94
33,0.98
34,1
35,0.92
36,0.92
37,1
38,1
39,0.96
40,0.7
41,1
42,1
43,1
44,0.93
45,0.74
46,1
47,1
48,0.89
49,0.83
50,0.92
51,0.99
52,1
53,0.99
54,0.8
55,0.97
56,1
57,0.76
58,1
59,1
60,0.99
61,0.96
62,0.99
63,0.8
64,1
65,1
66,0.94
67,0.95
68,0.96
69,0.79
70,0.95
71,1
72,0.96
73,0.99
74,0.95
75,0.98
76,0.95
77,1
78,0.98
79,0.98
80,0.97
81,1
82,1
83,0.98
84,0.9
85,1
86,0.99
87,1
88,0.96
89,0.91
90,0.95
91,0.64
92,0.96
93,0.61
94,1
95,0.96
96,1
97,1
98,0.88
99,1
100,1
101,0.99
102,1
103,0.89
104,0.93
105,0.72
106,1
107,0.99
108,0.67
109,1
110,0.98
111,0.98
112,0.85
113,0.99
114,1
115,1
116,0.84
117,1
118,1
119,0.95
120,1
121,1
122,0.99
123,0.97
124,0.89
125,0.86
126,0.93
127,0.98
128,0.84
129,1
130,0.94
131,0.86
132,0.85
133,0.97
134,0.85
135,0.84
136,1
137,1
138,0.98
139,1
140,0.96
141,0.95
142,0.98
143,0.97
144,0.96
145,1
146,0.98
147,0.99
148,0.88
149,0.98
150,0.92
151,1
152,1
153,0.94
154,0.93
155,1
156,0.95
157,1
158,1
159,0.99
160,1
161,0.99
162,0.96
163,1
164,0.93
165,0.89
166,0.96
167,0.94
168,0.79
169,0.87
170,1
171,0.95
172,1
173,1
174,1
175,1
176,0.92
177,0.99
178,1
179,0.95
180,0.99
181,0.77
182,0.93
183,0.99
184,0.99
185,0.91
186,1
187,1
188,0.92
189,0.98
190,0.94
191,1
192,0.84
193,0.96
194,0.98
195,0.96
196,0.95
197,1
198,1
199,0.85
200,0.98
201,0.92
202,1
203,0.87
204,0.96
205,0.98
206,0.99
207,0.87
208,0.94
209,0.95
210,0.94
211,0.97
212,0.63
213,0.99
214,1
215,0.98
216,1
217,0.99
218,0.98
219,0.99
220,0.99
221,1
222,1
223,0.89
224,0.92
225,1
226,0.95
227,1
228,0.98
229,0.94
230,1
231,0.88
232,0.98
233,0.93
234,0.94
235,0.85
236,0.93
237,0.9
238,0.92
239,1
240,0.96
241,0.99
242,0.92
243,1
244,0.99
245,0.89
246,0.91
247,0.99
248,0.93
249,0.8
250,1
251,1
252,0.94
253,1
254,1
255,0.98
256,0.96
257,1
258,1
259,1
260,1
261,0.93
262,1
263,1
264,0.95
265,0.93
266,1
267,1
268,0.95
269,0.73
270,0.93
271,0.92
272,1
273,0.99
274,0.94
275,0.99
276,0.98
277,0.88
278,1
279,1
280,0.95
281,0.86
282,0.78
283,0.98
284,0.81
285,0.9
286,0.87
287,1
288,0.95
289,1
290,1
291,0.91
292,0.92
293,0.97
294,0.84
295,0.97
296,0.98
297,0.99
298,1
299,1
300,0.97
301,0.7
302,0.94
303,0.93
304,0.98
305,0.89
306,0.99
307,0.97
308,1
309,0.85
310,0.9
311,0.97
312,0.99
313,0.93
314,0.99
315,0.97
316,0.85
317,0.97
318,0.99
319,0.61
320,0.99
321,0.91
322,1
323,1
324,0.93
325,1
326,0.99
327,0.4
328,0.98
329,1
330,0.93
331,0.84
332,1
333,0.95
334,0.99
335,1
336,0.96
337,0.95
338,1
339,0.95
340,1
341,0.99
342,0.99
343,0.92
344,0.97
345,0.99
346,0.99
347,1
348,0.91
349,0.98
350,0.95
351,1
352,1
353,0.98
354,0.89
355,0.98
356,0.94
357,0.85
358,1
359,0.9
360,1
361,0.98
362,0.94
363,0.98
364,0.94
365,0.97
366,0.99
367,0.99
368,1
369,0.99
370,0.67
371,0.86
372,0.95
373,0.91
374,0.83
375,0.99
376,0.99
377,1
378,1
379,0.98
380,0.99
381,1
382,0.99
383,0.99
384,0.98
385,0.89
386,0.85
387,0.98
388,0.94
389,0.99
390,0.99
391,0.95
392,0.96
393,0.9
394,0.97
395,0.86
396,1
397,0.96
398,0.98
399,0.97
400,0.82
401,1
402,1
403,0.93
404,1
405,0.96
406,0.94
407,0.95
408,1
409,0.95
410,1
411,0.97
412,0.97
413,0.96
414,0.96
415,1
416,0.94
417,0.9
418,1
419,0.99
420,0.99
421,0.92
422,1
423,0.86
424,1
425,1
426,0.91
427,1
428,1
429,1
430,1
431,1
432,0.98
433,0.99
434,0.95
435,0.99
436,0.97
437,1
438,0.99
439,0.96
440,0.9
441,1
442,0.87
443,1
444,1
445,0.97
446,0.97
447,0.89
448,1
449,0.96
450,0.94
451,1
452,1
453,0.77
454,1
455,0.98
456,0.99
457,1
458,0.96
459,1
460,0.98
461,0.96
462,0.98
463,1
464,1
465,1
466,0.98
467,0.97
468,0.88
469,1
470,1
471,1
472,0.92
473,0.98
474,1
475,1
476,0.99
477,0.99
478,0.89
479,1
480,1
481,0.8
482,1
483,0.89
484,0.96
485,0.92
486,0.99
487,1
488,0.9
489,1
490,0.99
491,1
492,1
493,1
494,0.99
495,0.85
496,0.98
497,0.99
498,0.96
499,0.94
500,0.91
501,0.94
502,1
503,1
504,0.96
505,1
506,0.98
507,0.95
508,0.95
509,0.97
510,0.96
511,1
512,1
513,1
514,0.76
515,0.89
516,0.99
517,1
518,0.98
519,1
520,0.91
521,0.98
522,0.98
523,0.99
524,1
525,0.99
526,0.94
527,0.97
528,1
529,0.95
530,1
531,1
532,0.85
533,1
534,0.74
535,1
536,0.93
537,0.99
538,0.99
539,1
540,1
541,0.92
542,1
543,1
544,0.94
545,0.99
546,1
547,1
548,0.97
549,0.91
550,0.9
551,0.95
552,0.53
553,0.92
554,0.95
555,1
556,1
557,0.9
558,0.97
559,1
560,1
561,0.94
562,1
563,0.98
564,0.89
565,0.98
566,0.97
567,1
568,0.96
569,1
570,0.67
571,0.83
572,0.99
573,0.98
574,0.91
575,0.97
576,0.78
577,0.98
578,0.83
579,0.9
580,0.88
581,0.98
582,0.99
583,0.97
584,0.95
585,0.99
586,0.88
587,0.91
588,0.97
589,0.96
590,0.92
591,0.69
592,0.85
593,1
594,0.96
595,0.95
596,0.92
597,1
598,0.97
599,1
600,1
601,0.98
602,0.91
603,1
604,1
605,1
606,1
607,1
608,0.96
609,0.99
610,1
611,1
612,1
613,0.99
614,0.9
615,0.92
616,0.97
617,1
618,0.97
619,0.85
620,0.78
621,0.98
622,0.89
623,0.99
624,0.95
625,0.93
626,1
627,0.94
628,0.93
629,1
630,0.76
631,1
632,0.99
633,0.99
634,0.95
635,0.81
636,1
637,0.93
638,0.99
639,0.98
640,0.94
641,0.95
642,0.94
643,0.96
644,0.97
645,1
646,0.99
647,1
648,0.99
649,0.94
650,0.83
651,1
652,1
653,0.99
654,1
655,1
656,0.98
657,0.92
658,1
659,0.99
660,1
661,0.95
662,1
663,0.99
664,0.96
665,0.79
666,0.98
667,0.85
668,0.99
669,1
670,1
671,1
672,0.99
673,0.81
674,1
675,0.93
676,0.97
677,0.95
678,1
679,0.93
680,0.89
681,0.6
682,0.94
683,0.98
684,0.7
685,1
686,1
687,0.88
688,0.9
689,0.86
690,0.88
691,0.89
692,1
693,0.98
694,0.98
695,0.99
696,1
697,0.98
698,0.74
699,0.95
700,0.94
701,0.91
702,1
703,0.97
704,0.98
705,0.97
706,0.98
707,0.97
708,0.99
709,0.99
710,0.96
711,1
712,1
713,1
714,0.98
715,0.7
716,0.99
717,1
718,0.98
719,0.99
720,0.99
721,0.63
722,0.98
723,0.97
724,0.99
725,0.93
726,1
727,0.97
728,0.99
729,0.99
730,0.9
731,0.99
732,1
733,1
734,0.95
735,1
736,0.99
737,1
738,1
739,1
740,0.8
741,1
742,0.97
743,1
744,1
745,1
746,0.93
747,0.91
748,1
749,0.94
750,0.92
751,0.96
752,1
753,1
754,0.74
755,1
756,1
757,1
758,0.99
759,1
760,0.99
761,1
762,0.91
763,0.9
764,0.91
765,0.87
766,0.96
767,0.97
768,1
769,0.94
770,0.69
771,1
772,0.55
773,1
774,0.97
775,0.96
776,0.96
777,0.94
778,0.97
779,0.96
780,1
781,1
782,0.99
783,0.9
784,0.99
785,0.89
786,0.96
787,0.99
788,0.99
789,0.96
790,0.99
791,0.99
792,0.89
793,0.93
794,0.82
795,0.98
796,1
797,0.99
798,0.96
799,0.97
800,0.99
801,0.95
802,0.98
803,0.92
804,0.81
805,0.98
806,0.9
807,1
808,1
809,0.97
810,0.96
811,0.88
812,0.96
813,1
814,1
815,1
816,0.97
817,1
818,0.99
819,0.95
820,0.89
821,0.98
822,0.99
823,0.95
824,0.89
825,0.98
826,0.87
827,0.99
828,1
829,0.81
830,0.9
831,0.96
832,1
833,0.75
834,0.91
835,0.95
836,1
837,1
838,1
839,0.93
840,1
841,1
842,0.95
843,1
844,1
845,0.99
846,0.95
847,0.89
848,0.98
849,0.79
850,0.97
851,0.96
852,1
853,0.99
854,0.94
855,1
856,0.98
857,1
858,1
859,0.99
860,0.91
861,1
862,0.79
863,1
864,1
865,1
866,1
867,1
868,0.73
869,1
870,1
871,0.98
872,1
873,0.99
874,0.99
875,1
876,1
877,1
878,0.98
879,1
880,0.93
881,1
882,0.95
883,0.89
884,0.97
885,1
886,0.99
887,0.99
888,0.87
889,0.92
890,0.97
891,0.98
892,0.86
893,1
894,0.98
895,0.81
896,0.99
897,1
898,0.96
899,0.98
900,1
901,0.99
902,1
903,1
904,0.99
905,0.91
906,1
907,0.98
908,1
909,1
910,1
911,0.89
912,0.98
913,0.88
914,0.99
915,0.88
916,0.91
917,1
918,0.92
919,1
920,0.98
921,0.99
922,0.9
923,1
924,1
925,0.76
926,1
927,0.98
928,0.73
929,0.98
930,0.93
931,0.98
932,1
933,0.99
934,0.98
935,0.95
936,0.96
937,0.86
938,0.93
939,0.99
940,0.96
941,0.96
942,0.98
943,0.98
944,0.97
945,1
946,0.98
947,0.96
948,1
949,0.96
950,1
951,1
952,1
953,0.91
954,0.99
955,1
956,0.79
957,1
958,0.99
959,0.96
960,0.97
961,0.98
962,0.81
963,0.94
964,0.99
965,1
966,0.91
967,1
968,0.85
969,0.66
970,1
971,0.96
972,1
973,0.98
974,0.7
975,1
976,0.89
977,0.98
978,0.93
979,0.92
980,0.94
981,0.8
982,1
983,1
984,0.96
985,0.97
986,0.93
987,0.97
988,0.87
989,1
990,0.92
991,1
992,0.97
993,1
994,0.93
995,0.87
996,0.98
997,1
998,0.99
999,0.54
1000,0.99
1001,0.99
1002,0.99
1003,0.92
1004,0.99
1005,0.98
1006,1
1007,1
1008,0.86
1009,1
1010,0.95
1011,1
1012,1
1013,1
1014,0.79
1015,0.84
1016,1
1017,0.98
1018,0.98
1019,1
1020,1
1021,0.89
1022,1
1023,1
1024,0.99
1025,1
1026,1
1027,0.95
1028,1
1029,1
1030,1
1031,1
1032,0.97
1033,0.98
1034,0.99
1035,0.99
1036,0.97
1037,0.92
1038,0.92
1039,0.81
1040,0.91
1041,1
1042,1
1043,1
1044,1
1045,0.93
1046,0.98
1047,0.96
1048,1
1049,1
1050,0.99
1051,0.94
1052,1
1053,1
1054,0.85
1055,1
1056,0.97
1057,0.98
1058,1
1059,0.95
1060,1
1061,0.94
1062,1
1063,0.99
1064,1
1065,0.99
1066,0.92
1067,0.86
1068,0.99
1069,0.99
1070,1
1071,0.98
1072,1
1073,1
1074,0.99
1075,1
1076,0.88
1077,0.95
1078,0.94
1079,0.99
1080,1
1081,0.98
1082,0.98
1083,0.95
1084,0.83
1085,1
1086,0.98
1087,1
1088,0.98
1089,0.96
1090,0.99
1091,1
1092,1
1093,0.87
1094,0.88
1095,0.99
1096,0.98
1097,0.94
1098,0.99
1099,0.74
1100,0.94
1101,0.72
1102,0.95
1103,0.92
1104,0.98
1105,0.99
1106,0.99
1107,1
1108,1
1109,0.96
1110,0.97
1111,0.95
1112,0.99
1113,0.91
1114,0.9
1115,0.99
1116,1
1117,0.84
1118,1
1119,0.74
1120,0.93
1121,0.95
1122,0.8
1123,0.97
1124,1
1125,0.96
1126,1
1127,1
1128,0.99
1129,0.84
1130,0.91
1131,0.98
1132,1
1133,0.93
1134,0.98
1135,1
1136,0.95
1137,0.99
1138,0.93
1139,0.99
1140,0.84
1141,0.98
1142,1
1143,1
1144,0.92
1145,1
1146,0.63
1147,0.98
1148,0.99
1149,1
1150,0.95
1151,1
1152,1
1153,1
1154,0.9
1155,1
1156,0.87
1157,1
1158,1
1159,1
1160,0.89
1161,0.94
1162,0.92
1163,0.98
1164,1
1165,0.84
1166,0.99
1167,0.97
1168,1
1169,1
1170,0.88
1171,0.99
1172,1
1173,1
1174,1
1175,0.98
1176,1
1177,0.99
1178,0.97
1179,0.96
1180,0.99
1181,0.94
1182,0.91
1183,1
1184,1
1185,0.92
1186,1
1187,1
1188,0.98
1189,0.96
1190,0.99
1191,0.96
1192,0.98
1193,0.89
1194,0.39
1195,0.99
1196,1
1197,0.98
1198,1
1199,0.96
1200,0.81
1201,0.93
1202,0.91
1203,0.9
1204,0.97
1205,0.98
1206,0.89
1207,0.98
1208,1
1209,0.99
1210,1
1211,0.97
1212,0.9
1213,0.95
1214,0.88
1215,0.86
1216,1
1217,1
1218,0.98
1219,0.94
1220,1
1221,1
1222,0.66
1223,1
1224,0.99
1225,1
1226,1
1227,0.74
1228,1
1229,0.97
1230,0.75
1231,0.76
1232,0.98
1233,0.89
1234,0.92
1235,0.99
1236,0.88
1237,0.93
1238,0.99
1239,0.79
1240,1
1241,0.92
1242,0.97
1243,0.87
1244,0.93
1245,1
1246,0.85
1247,0.9
1248,1
1249,0.67
1250,1
1251,1
1252,0.92
1253,0.85
1254,1
1255,1
1256,0.99
1257,0.98
1258,0.99
1259,0.99
1260,1
1261,0.92
1262,1
1263,1
1264,1
1265,0.92
1266,0.96
1267,0.98
1268,1
1269,0.98
1270,0.9
1271,1
1272,1
1273,0.99
1274,1
1275,0.91
1276,0.72
1277,0.94
1278,0.9
1279,0.96
1280,0.75
1281,0.93
1282,0.92
1283,0.8
1284,0.81
1285,0.98
1286,0.98
1287,0.99
1288,0.99
1289,0.96
1290,1
1291,0.87
1292,0.97
1293,0.92
1294,1
1295,0.92
1296,0.99
1297,0.93
1298,0.9
1299,1
1300,1
1301,1
1302,0.89
1303,1
1304,1
1305,0.93
1306,0.97
1307,0.98
1308,0.99
1309,1
1310,0.97
1311,1
1312,0.96
1313,0.96
1314,1
1315,0.98
1316,0.71
1317,0.92
1318,0.97
1319,0.91
1320,0.97
1321,0.98
1322,0.98
1323,0.92
1324,0.81
1325,0.79
1326,0.71
1327,0.95
1328,0.89
1329,0.75
1330,0.96
1331,0.97
1332,0.95
1333,1
1334,1
1335,0.97
1336,0.88
1337,0.97
1338,0.98
1339,0.97
1340,0.87
1341,0.99
1342,0.99
1343,1
1344,0.99
1345,1
1346,0.97
1347,0.72
1348,0.84
1349,1
1350,0.99
1351,1
1352,0.82
1353,0.89
1354,0.9
1355,0.99
1356,0.92
1357,0.98
1358,1
1359,0.67
1360,0.99
1361,1
1362,1
1363,0.81
1364,0.97
1365,1
1366,1
1367,0.99
1368,0.99
1369,0.99
1370,0.9
1371,1
1372,1
1373,0.85
1374,1
1375,0.7
1376,0.91
1377,0.98
1378,1
1379,1
1380,0.86
1381,0.96
1382,0.98
1383,1
1384,0.77
1385,1
1386,1
1387,0.87
1388,0.99
1389,1
1390,0.96
1391,0.97
1392,1
1393,1
1394,0.98
1395,0.98
1396,1
1397,0.99
1398,1
1399,1
1400,0.89
1401,0.88
1402,0.94
1403,0.96
1404,0.96
1405,0.92
1406,0.85
1407,0.96
1408,0.99
1409,0.99
1410,0.99
1411,1
1412,0.92
1413,0.99
1414,1
1415,0.99
1416,0.87
1417,0.82
1418,0.86
1419,0.82
1420,0.96
1421,0.97
1422,1
1423,0.91
1424,0.97
1425,1
1426,1
1427,1
1428,0.98
1429,0.99
1430,0.97
1431,0.89
1432,1
1433,0.6
1434,0.95
1435,1
1436,0.97
1437,0.95
1438,1
1439,1
1440,0.88
1441,0.93
1442,1
1443,0.95
1444,0.97
1445,0.97
1446,0.95
1447,0.94
1448,0.97
1449,0.84
1450,0.99
1451,1
1452,1
1453,1
1454,0.97
1455,0.99
1456,0.91
1457,0.97
1458,1
1459,0.99
1460,0.91
1461,1
1462,0.97
1463,0.96
1464,1
1465,0.99
1466,1
1467,0.97
1468,0.99
1469,0.93
1470,0.98
1471,1
1472,0.98
1473,0.95
1474,0.8
1475,1
1476,0.96
1477,0.74
1478,1
1479,0.98
1480,0.92
1481,0.93
1482,0.97
1483,0.99
1484,1
1485,0.99
1486,0.8
1487,0.96
1488,0.98
1489,0.92
1490,0.95
1491,1
1492,1
1493,1
1494,1
1495,0.92
1496,0.98
1497,0.86
1498,0.84
1499,0.94
1500,0.88
1501,0.87
1502,1
1503,0.96
1504,0.98
1505,1
1506,1
1507,0.97
1508,1
1509,1
1510,0.99
1511,0.99
1512,1
1513,0.97
1514,0.98
1515,0.94
1516,0.87
1517,0.99
1518,0.96
1519,0.76
1520,0.97
1521,0.97
1522,0.95
1523,0.98
1524,1
1525,0.82
1526,1
1527,1
1528,0.87
1529,0.95
1530,0.95
1531,0.72
1532,0.98
1533,0.85
1534,0.95
1535,1
1536,1
1537,0.97
1538,0.99
1539,0.86
1540,1
1541,0.96
1542,1
1543,0.97
1544,0.99
1545,0.97
1546,0.95
1547,0.98
1548,0.98
1549,0.92
1550,0.8
1551,0.9
1552,0.98
1553,1
1554,0.97
1555,0.98
1556,0.84
1557,1
1558,1
1559,0.87
1560,0.97
1561,0.98
1562,1
1563,0.98
1564,0.98
1565,0.85
1566,0.99
1567,0.87
1568,1
1569,0.99
1570,0.94
1571,0.93
1572,0.98
1573,1
1574,0.94
1575,0.9
1576,0.96
1577,0.99
1578,1
1579,0.82
1580,0.83
1581,1
1582,0.87
1583,1
1584,0.96
1585,1
1586,1
1587,0.86
1588,1
1589,0.99
1590,0.95
1591,0.94
1592,0.89
1593,1
1594,1
1595,1
1596,0.99
1597,1
1598,0.99
1599,1
1600,0.71
1601,1
1602,0.88
1603,1
1604,0.94
1605,0.82
1606,1
1607,1
1608,1
1609,0.99
1610,0.8
1611,0.96
1612,0.94
1613,0.97
1614,1
1615,0.94
1616,1
1617,0.99
1618,0.83
1619,0.99
1620,0.88
1621,1
1622,0.88
1623,0.95
1624,0.99
1625,0.98
1626,0.91
1627,0.77
1628,0.92
1629,1
1630,0.89
1631,0.84
1632,1
1633,0.93
1634,0.94
1635,1
1636,0.9
1637,1
1638,1
1639,1
1640,0.98
1641,0.98
1642,0.96
1643,0.94
1644,0.99
1645,1
1646,0.97
1647,0.96
1648,0.97
1649,0.98
1650,0.99
1651,0.99
1652,0.96
1653,0.97
1654,0.97
1655,0.8
1656,0.96
1657,1
1658,0.96
1659,0.95
1660,0.89
1661,1
1662,0.89
1663,0.82
1664,0.94
1665,1
1666,1
1667,0.95
1668,0.98
1669,0.87
1670,1
1671,1
1672,0.9
1673,1
1674,0.95
1675,0.82
1676,0.99
1677,0.98
1678,0.99
1679,0.94
1680,1
1681,1
1682,0.93
1683,0.92
1684,0.98
1685,1
1686,0.99
1687,0.99
1688,0.93
1689,0.99
1690,0.93
1691,0.96
1692,0.95
1693,0.96
1694,1
1695,0.92
1696,1
1697,1
1698,1
1699,0.8
1700,0.89
1701,1
1702,1
1703,1
1704,0.99
1705,0.99
1706,1
1707,1
1708,0.98
1709,1
1710,1
1711,0.87
1712,0.93
1713,0.8
1714,0.97
1715,1
1716,0.99
1717,0.84
1718,1
1719,1
1720,0.76
1721,0.89
1722,0.98
1723,0.99
1724,1
1725,0.96
1726,0.93
1727,1
1728,0.95
1729,1
1730,1
1731,0.95
1732,0.93
1733,0.99
1734,0.95
1735,0.96
1736,1
1737,0.65
1738,0.92
1739,1
1740,0.99
1741,0.86
1742,0.86
1743,0.95
1744,0.99
1745,0.98
1746,0.81
1747,1
1748,0.84
1749,0.84
1750,1
1751,0.95
1752,0.98
1753,0.96
1754,0.58
1755,0.74
1756,0.99
1757,1
1758,0.89
1759,0.91
1760,0.99
1761,0.95
1762,0.83
1763,0.98
1764,0.99
1765,1
1766,0.99
1767,0.97
1768,0.97
1769,0.94
1770,0.99
1771,0.87
1772,0.8
1773,1
1774,1
1775,1
1776,0.99
1777,0.85
1778,0.99
1779,0.98
1780,0.94
1781,0.99
1782,0.99
1783,0.98
1784,0.91
1785,0.95
1786,1
1787,1
1788,0.99
1789,0.98
1790,0.98
1791,0.96
1792,0.87
1793,1
1794,0.99
1795,0.98
1796,0.98
1797,1
1798,0.95
1799,0.99
1800,1
1801,1
1802,0.9
1803,1
1804,0.88
1805,0.96
1806,0.99
1807,0.88
1808,0.98
1809,0.79
1810,0.98
1811,0.96
1812,0.93
1813,0.95
1814,1
1815,0.96
1816,0.89
1817,0.83
1818,1
1819,1
1820,0.88
1821,1
1822,0.9
1823,0.97
1824,1
1825,1
1826,1
1827,0.95
1828,0.81
1829,0.97
1830,0.97
1831,1
1832,0.7
1833,1
1834,0.88
1835,1
1836,0.85
1837,0.71
1838,0.63
1839,0.95
1840,1
1841,0.99
1842,1
1843,0.95
1844,0.9
1845,1
1846,0.98
1847,0.98
1848,0.99
1849,1
1850,0.97
1851,0.99
1852,0.95
1853,0.83
1854,0.99
1855,0.99
1856,0.92
1857,0.97
1858,1
1859,0.97
1860,1
1861,0.84
1862,0.95
1863,1
1864,1
1865,0.96
1866,1
1867,1
1868,0.91
1869,0.9
1870,1
1871,0.98
1872,0.99
1873,0.96
1874,0.99
1875,0.76
1876,1
1877,0.98
1878,0.94
1879,1
1880,0.99
1881,0.98
1882,0.87
1883,0.98
1884,0.93
1885,1
1886,0.99
1887,1
1888,0.97
1889,0.92
1890,1
1891,1
1892,0.95
1893,0.81
1894,0.94
1895,0.97
1896,1
1897,0.99
1898,0.92
1899,1
1900,0.92
1901,0.97
1902,1
1903,0.97
1904,1
1905,0.99
1906,0.89
1907,1
1908,0.9
1909,0.98
1910,0.97
1911,0.92
1912,1
1913,0.98
1914,0.83
1915,1
1916,0.95
1917,0.95
1918,0.99
1919,0.94
1920,1
1921,1
1922,0.98
1923,1
1924,0.78
1925,1
1926,0.86
1927,0.98
1928,1
1929,0.95
1930,1
1931,0.99
1932,0.97
1933,0.98
1934,0.97
1935,0.97
1936,0.98
1937,1
1938,0.73
1939,0.99
1940,0.8
1941,0.98
1942,1
1943,0.99
1944,1
1945,0.97
1946,0.94
1947,1
1948,0.98
1949,1
1950,0.87
1951,0.95
1952,0.99
1953,0.96
1954,0.89
1955,0.99
1956,1
1957,1
1958,0.9
1959,1
1960,1
1961,0.92
1962,0.99
1963,0.97
1964,0.89
1965,0.9
1966,0.79
1967,1
1968,0.79
1969,0.97
1970,0.98
1971,1
1972,1
1973,0.95
1974,1
1975,0.82
1976,0.96
1977,1
1978,0.98
1979,0.87
1980,0.99
1981,0.95
1982,0.94
1983,0.97
1984,0.95
1985,1
1986,1
1987,1
1988,0.99
1989,0.97
1990,1
1991,0.94
1992,0.98
1993,0.96
1994,0.93
1995,1
1996,1
1997,0.96
1998,0.97
1999,0.94
2000,1
2001,0.87
2002,0.98
2003,0.95
2004,1
2005,0.99
2006,0.94
2007,1
2008,1
2009,0.99
2010,1
2011,1
2012,0.99
2013,0.99
2014,0.93
2015,1
2016,1
2017,1
2018,1
2019,1
2020,0.97
2021,0.91
2022,0.93
2023,0.86
2024,1
2025,0.98
2026,0.84
2027,1
2028,0.96
2029,0.92
2030,0.99
2031,0.83
2032,0.82
2033,0.98
2034,0.83
2035,0.99
2036,0.95
2037,0.91
2038,1
2039,0.97
2040,0.83
2041,1
2042,0.93
2043,0.99
2044,0.85
2045,1
2046,0.89
2047,0.9
2048,0.94
2049,0.98
2050,0.98
2051,1
2052,1
2053,0.92
2054,0.89
2055,0.91
2056,0.98
2057,0.83
2058,0.96
2059,0.9
2060,0.96
2061,0.97
2062,0.98
2063,0.78
2064,1
2065,0.98
2066,1
2067,0.95
2068,0.99
2069,0.94
2070,0.96
2071,0.87
2072,0.91
2073,1
2074,0.95
2075,1
2076,1
2077,0.98
2078,1
2079,1
2080,0.88
2081,0.78
2082,0.71
2083,1
2084,1
2085,1
2086,1
2087,1
2088,0.96
2089,0.9
2090,1
2091,1
2092,1
2093,0.89
2094,0.99
2095,0.91
2096,1
2097,0.99
2098,0.92
2099,1
2100,0.93
2101,0.95
2102,0.91
2103,1
2104,0.95
2105,0.98
2106,0.7
2107,1
2108,0.94
2109,0.97
2110,1
2111,1
2112,1
2113,0.99
2114,0.97
2115,1
2116,1
2117,0.97
2118,1
2119,0.93
2120,1
2121,1
2122,0.87
2123,1
2124,1
2125,0.99
2126,0.71
2127,0.83
2128,1
2129,0.76
2130,0.91
2131,0.77
2132,0.99
2133,0.93
2134,0.97
2135,0.99
2136,0.99
2137,1
2138,0.99
2139,0.99
2140,1
2141,1
2142,1
2143,1
2144,1
2145,0.99
2146,1
2147,0.55
2148,0.87
2149,0.95
2150,1
2151,0.92
2152,0.92
2153,0.99
2154,0.99
2155,0.84
2156,0.99
2157,0.76
2158,0.96
2159,0.94
2160,0.97
2161,0.94
2162,0.86
2163,0.81
2164,0.81
2165,1
2166,0.95
2167,0.97
2168,0.97
2169,0.97
2170,0.93
2171,0.96
2172,1
2173,1
2174,1
2175,1
2176,1
2177,0.98
2178,0.88
2179,0.93
2180,1
2181,1
2182,0.88
2183,0.99
2184,0.61
2185,0.94
2186,0.99
2187,0.97
2188,1
2189,0.98
2190,0.81
2191,0.94
2192,1
2193,0.74
2194,1
2195,1
2196,0.88
2197,1
2198,0.81
2199,1
2200,0.99
2201,1
2202,0.98
2203,0.99
2204,1
2205,0.96
2206,0.96
2207,0.99
2208,0.86
2209,0.71
2210,0.95
2211,0.95
2212,0.79
2213,0.99
2214,0.95
2215,0.99
2216,0.93
2217,0.88
2218,0.88
2219,0.91
2220,0.98
2221,0.97
2222,0.99
2223,0.99
2224,0.92
2225,0.97
2226,0.9
2227,1
2228,0.98
2229,0.94
2230,0.98
2231,1
2232,0.85
2233,1
2234,0.99
2235,1
2236,0.98
2237,1
2238,1
2239,0.99
2240,0.99
2241,0.92
2242,0.75
2243,0.86
2244,1
2245,0.99
2246,0.99
2247,0.93
2248,0.94
2249,1
2250,0.97
2251,1
2252,0.97
2253,0.94
2254,1
2255,0.99
2256,0.98
2257,0.92
2258,0.99
2259,0.98
2260,0.94
2261,0.83
2262,1
2263,0.94
2264,0.97
2265,1
2266,0.97
2267,1
2268,0.99
2269,1
2270,0.96
2271,0.98
2272,0.95
2273,0.85
2274,0.89
2275,1
2276,0.96
2277,0.85
2278,0.98
2279,1
2280,1
2281,0.88
2282,1
2283,1
2284,0.89
2285,1
2286,0.98
2287,1
2288,1
2289,0.99
2290,1
2291,1
2292,0.94
2293,0.98
2294,0.99
2295,1
2296,0.99
2297,0.98
2298,1
2299,0.87
2300,0.98
2301,0.95
2302,1
2303,0.98
2304,0.99
2305,0.95
2306,0.93
2307,0.99
2308,0.97
2309,0.9
2310,0.98
2311,0.98
2312,0.86
2313,0.95
2314,0.95
2315,0.84
2316,0.97
2317,0.82
2318,1
2319,0.99
2320,0.93
2321,0.97
2322,0.94
2323,0.99
2324,0.85
2325,0.94
2326,0.95
2327,0.99
2328,0.92
2329,0.88
2330,0.94
2331,0.98
2332,1
2333,1
2334,0.97
2335,0.91
2336,0.89
2337,0.93
2338,1
2339,0.93
2340,1
2341,1
2342,0.99
2343,0.93
2344,0.99
2345,0.95
2346,0.99
2347,0.98
2348,0.92
2349,1
2350,0.98
2351,0.97
2352,1
2353,0.9
2354,0.92
2355,0.98
2356,0.85
2357,0.95
2358,0.81
2359,0.78
2360,0.85
2361,0.94
2362,0.99
2363,1
2364,0.99
2365,1
2366,1
2367,1
2368,0.98
2369,0.7
2370,1
2371,0.98
2372,0.86
2373,0.93
2374,0.99
2375,1
2376,0.92
2377,0.92
2378,1
2379,0.93
2380,0.98
2381,0.93
2382,1
2383,1
2384,0.95
2385,1
2386,0.99
2387,0.88
2388,0.9
2389,0.9
2390,1
2391,0.98
2392,1
2393,0.99
2394,0.92
2395,0.75
2396,1
2397,1
2398,0.96
2399,1
2400,0.82
2401,0.96
2402,0.89
2403,0.99
2404,0.98
2405,1
2406,1
2407,0.98
2408,0.88
2409,1
2410,1
2411,1
2412,1
2413,0.93
2414,1
2415,0.93
2416,0.66
2417,0.93
2418,0.94
2419,0.91
2420,0.99
2421,0.86
2422,0.91
2423,0.98
2424,0.96
2425,0.9
2426,0.98
2427,0.99
2428,0.96
2429,1
2430,0.98
2431,1
2432,0.88
2433,1
2434,0.94
2435,0.98
2436,1
2437,1
2438,0.94
2439,0.73
2440,0.96
2441,0.99
2442,1
2443,0.89
2444,0.81
2445,0.96
2446,1
2447,0.99
2448,1
2449,0.87
2450,1
2451,0.83
2452,1
2453,1
2454,1
2455,0.99
2456,0.89
2457,0.98
2458,1
2459,0.91
2460,1
2461,0.99
2462,0.91
2463,0.97
2464,0.78
2465,1
2466,0.95
2467,1
2468,0.95
2469,0.92
2470,1
2471,1
2472,0.98
2473,0.65
2474,0.99
2475,0.96
2476,1
2477,1
2478,0.96
2479,0.99
2480,0.99
2481,0.91
2482,0.77
2483,1
2484,1
2485,0.9
2486,1
2487,0.86
2488,0.98
2489,1
2490,0.98
2491,0.83
2492,0.97
2493,1
2494,0.98
2495,1
2496,0.92
2497,1
2498,0.99
2499,0.96
2500,0.87
2501,1
2502,0.97
2503,1
2504,0.99
2505,0.99
2506,0.99
2507,0.96
2508,0.99
2509,0.69
2510,1
2511,1
2512,0.99
2513,0.72
2514,0.98
2515,1
2516,1
2517,1
2518,1
2519,1
2520,1
2521,0.96
2522,0.96
2523,0.98
2524,0.92
2525,0.91
2526,1
2527,0.98
2528,0.95
2529,0.99
2530,1
2531,0.85
2532,1
2533,0.83
2534,0.88
2535,1
2536,1
2537,1
2538,0.97
2539,0.99
2540,0.87
2541,1
2542,0.98
2543,1
2544,0.97
2545,1
2546,0.7
2547,0.87
2548,0.96
2549,0.99
2550,0.92
2551,0.82
2552,0.98
2553,0.95
2554,1
2555,0.98
2556,0.91
2557,0.97
2558,0.75
2559,0.95
2560,0.96
2561,0.97
2562,0.99
2563,0.71
2564,0.93
2565,1
2566,0.8
2567,1
2568,0.9
2569,0.99
2570,1
2571,1
2572,0.88
2573,0.86
2574,1
2575,0.91
2576,0.95
2577,0.84
2578,0.73
2579,0.99
2580,1
2581,1
2582,1
2583,0.98
2584,1
2585,0.99
2586,0.91
2587,0.96
2588,0.95
2589,1
2590,1
2591,1
2592,0.87
2593,1
2594,0.98
2595,1
2596,1
2597,1
2598,0.99
2599,0.67
2600,1
2601,0.89
2602,1
2603,0.98
2604,1
2605,0.89
2606,0.91
2607,0.99
2608,0.81
2609,0.72
2610,1
2611,0.97
2612,1
2613,0.97
2614,0.88
2615,0.95
2616,0.88
2617,1
2618,1
2619,0.92
2620,1
2621,0.95
2622,0.97
2623,1
2624,0.99
2625,1
2626,1
2627,1
2628,1
2629,0.88
2630,1
2631,0.98
2632,0.94
2633,1
2634,0.99
2635,0.93
2636,1
2637,0.99
2638,0.97
2639,0.91
2640,0.99
2641,0.9
2642,0.95
2643,0.82
2644,1
2645,0.93
2646,1
2647,1
2648,0.91
2649,0.98
2650,0.99
2651,0.99
2652,0.93
2653,0.94
2654,0.91
2655,0.83
2656,1
2657,1
2658,0.93
2659,0.96
2660,0.99
2661,0.99
2662,0.99
2663,1
2664,0.9
2665,0.98
2666,0.99
2667,0.99
2668,0.93
2669,0.99
2670,0.98
2671,0.84
2672,1
2673,0.94
2674,0.86
2675,0.8
2676,0.93
2677,0.97
2678,0.95
2679,0.98
2680,1
2681,1
2682,0.72
2683,1
2684,1
2685,0.98
2686,0.93
2687,0.94
2688,0.94
2689,0.7
2690,1
2691,0.99
2692,0.96
2693,1
2694,0.99
2695,0.99
2696,0.99
2697,0.94
2698,0.71
2699,0.99
2700,0.89
2701,0.89
2702,0.93
2703,1
2704,1
2705,1
2706,1
2707,1
2708,0.98
2709,0.93
2710,0.98
2711,0.87
2712,0.99
2713,0.98
2714,0.95
2715,0.98
2716,0.92
2717,1
2718,0.99
2719,0.99
2720,0.76
2721,0.99
2722,1
2723,0.97
2724,0.96
2725,0.89
2726,1
2727,1
2728,0.94
2729,0.86
2730,1
2731,1
2732,0.85
2733,1
2734,0.94
2735,1
2736,0.84
2737,0.96
2738,0.99
2739,0.99
2740,0.91
2741,0.98
2742,1
2743,0.97
2744,1
2745,0.98
2746,0.96
2747,0.9
2748,0.88
2749,0.98
2750,0.98
2751,0.91
2752,0.86
2753,0.99
2754,1
2755,0.83
2756,1
2757,1
2758,0.99
2759,0.97
2760,0.99
2761,1
2762,0.77
2763,1
2764,0.87
2765,0.93
2766,1
2767,0.99
2768,1
2769,1
2770,0.97
2771,0.96
2772,0.93
2773,0.94
2774,0.82
2775,0.81
2776,1
2777,0.92
2778,0.95
2779,0.99
2780,0.87
2781,0.98
2782,0.81
2783,1
2784,1
2785,0.96
2786,0.96
2787,1
2788,0.9
2789,0.99
2790,0.81
2791,1
2792,1
2793,1
2794,0.93
2795,1
2796,0.95
2797,1
2798,0.94
2799,1
2800,0.97
2801,1
2802,0.87
2803,0.97
2804,1
2805,0.99
2806,1
2807,0.99
2808,0.97
2809,0.99
2810,0.89
2811,0.98
2812,0.9
2813,1
2814,1
2815,0.93
2816,0.87
2817,1
2818,0.84
2819,0.97
2820,1
2821,1
2822,1
2823,0.99
2824,0.98
2825,0.99
2826,0.96
2827,0.95
2828,0.94
2829,1
2830,0.81
2831,0.73
2832,0.76
2833,0.96
2834,0.93
2835,0.97
2836,1
2837,0.96
2838,1
2839,0.99
2840,1
2841,1
2842,0.95
2843,0.95
2844,1
2845,0.97
2846,0.97
2847,1
2848,1
2849,0.9
2850,1
2851,0.84
2852,0.98
2853,0.99
2854,1
2855,1
2856,1
2857,0.82
2858,1
2859,1
2860,0.98
2861,0.98
2862,1
2863,0.96
2864,1
2865,0.98
2866,0.88
2867,0.98
2868,1
2869,0.83
2870,0.92
2871,0.96
2872,0.98
2873,0.99
2874,0.96
2875,0.84
2876,0.88
2877,0.9
2878,1
2879,0.95
2880,1
2881,0.95
2882,0.83
2883,0.97
2884,0.93
2885,0.98
2886,0.98
2887,0.91
2888,1
2889,0.99
2890,1
2891,0.99
2892,0.9
2893,0.95
2894,0.98
2895,0.91
2896,1
2897,0.99
2898,0.95
2899,1
2900,0.99
2901,1
2902,0.96
2903,1
2904,0.99
2905,0.98
2906,1
2907,0.88
2908,0.9
2909,0.99
2910,1
2911,1
2912,0.97
2913,1
2914,0.81
2915,0.93
2916,1
2917,0.96
2918,0.97
2919,1
2920,1
2921,0.96
2922,1
2923,0.97
2924,0.9
2925,0.99
2926,0.93
2927,1
2928,0.95
2929,1
2930,1
2931,0.94
2932,0.93
2933,0.99
2934,0.93
2935,0.88
2936,0.99
2937,1
2938,0.93
2939,0.97
2940,1
2941,0.97
2942,0.96
2943,0.92
2944,0.97
2945,1
2946,0.98
2947,0.96
2948,0.97
2949,0.97
2950,0.87
2951,1
2952,0.96
2953,0.99
2954,0.99
2955,0.99
2956,1
2957,0.94
2958,1
2959,0.95
2960,0.96
2961,0.89
2962,0.89
2963,0.98
2964,1
2965,0.97
2966,1
2967,0.81
2968,0.98
2969,1
2970,1
2971,1
2972,0.99
2973,0.78
2974,0.99
2975,0.78
2976,0.83
2977,0.99
2978,1
2979,0.92
2980,0.98
2981,0.99
2982,0.99
2983,1
2984,0.92
2985,0.99
2986,0.99
2987,0.96
2988,0.97
2989,0.86
2990,0.95
2991,0.99
2992,1
2993,1
2994,1
2995,1
2996,0.96
2997,1
2998,1
2999,0.96
3000,0.98
3001,1
3002,0.75
3003,1
3004,0.75
3005,0.84
3006,0.99
3007,0.94
3008,0.98
3009,0.99
3010,0.98
3011,0.77
3012,0.79
3013,0.9
3014,1
3015,1
3016,1
3017,0.96
3018,0.98
3019,1
3020,0.81
3021,0.97
3022,0.97
3023,0.95
3024,0.81
3025,0.99
3026,0.97
3027,1
3028,0.97
3029,1
3030,1
3031,0.93
3032,1
3033,0.98
3034,0.79
3035,1
3036,0.91
3037,1
3038,0.76
3039,1
3040,0.96
3041,1
3042,1
3043,0.98
3044,0.97
3045,0.95
3046,0.98
3047,1
3048,0.96
3049,1
3050,0.93
3051,1
3052,0.91
3053,1
3054,0.94
3055,0.99
3056,1
3057,0.97
3058,0.9
3059,0.98
3060,0.99
3061,0.95
3062,0.97
3063,0.94
3064,0.92
3065,0.99
3066,0.94
3067,1
3068,0.96
3069,0.98
3070,0.97
3071,1
3072,0.99
3073,0.97
3074,1
3075,1
3076,0.83
3077,0.98
3078,0.95
3079,0.85
3080,0.96
3081,0.82
3082,0.95
3083,0.91
3084,0.96
3085,0.89
3086,0.92
3087,0.98
3088,0.77
3089,0.96
3090,1
3091,1
3092,0.99
3093,0.88
3094,0.97
3095,1
3096,0.99
3097,0.94
3098,0.98
3099,1
3100,0.98
3101,1
3102,0.96
3103,0.79
3104,1
3105,0.92
3106,0.99
3107,1
3108,0.95
3109,0.95
3110,1
3111,0.95
3112,1
3113,0.98
3114,0.88
3115,0.99
3116,0.95
3117,0.86
3118,0.89
3119,0.88
3120,0.99
3121,0.98
3122,0.97
3123,1
3124,0.97
3125,0.9
3126,1
3127,0.94
3128,0.97
3129,0.98
3130,1
3131,0.86
3132,0.95
3133,0.99
3134,0.76
3135,1
3136,0.96
3137,0.95
3138,0.92
3139,0.98
3140,0.89
3141,0.91
3142,1
3143,0.9
3144,1
3145,1
3146,1
3147,0.99
3148,0.9
3149,0.78
3150,0.96
3151,0.99
3152,0.84
3153,1
3154,1
3155,0.91
3156,0.98
3157,0.96
3158,0.95
3159,1
3160,1
3161,1
3162,1
3163,0.98
3164,0.82
3165,0.95
3166,0.96
3167,1
3168,1
3169,0.95
3170,0.97
3171,0.91
3172,0.91
3173,0.9
3174,0.99
3175,1
3176,0.78
3177,1
3178,0.97
3179,0.99
3180,0.79
3181,1
3182,0.99
3183,0.91
3184,1
3185,0.98
3186,0.95
3187,0.98
3188,1
3189,1
3190,1
3191,0.95
3192,0.86
3193,0.74
3194,0.93
3195,1
3196,0.99
3197,0.84
3198,1
3199,0.97
3200,1
3201,1
3202,0.98
3203,1
3204,1
3205,1
3206,1
3207,1
3208,1
3209,0.94
3210,1
3211,0.78
3212,0.95
3213,0.83
3214,0.96
3215,1
3216,1
3217,1
3218,1
3219,1
3220,0.99
3221,0.95
3222,1
3223,1
3224,0.88
3225,1
3226,0.94
3227,1
3228,1
3229,1
3230,0.98
3231,0.97
3232,0.99
3233,1
3234,0.99
3235,0.8
3236,0.99
3237,0.93
3238,1
3239,1
3240,0.98
3241,1
3242,0.96
3243,0.96
3244,0.99
3245,0.98
3246,1
3247,1
3248,0.91
3249,0.9
3250,1
3251,0.94
3252,0.89
3253,1
3254,0.86
3255,0.91
3256,0.99
3257,0.94
3258,0.94
3259,0.97
3260,1
3261,0.98
3262,0.95
3263,0.9
3264,0.95
3265,0.98
3266,1
3267,0.94
3268,1
3269,1
3270,0.93
3271,0.94
3272,1
3273,1
3274,0.89
3275,1
3276,0.99
3277,0.82
3278,1
3279,0.93
3280,0.75
3281,0.79
3282,0.89
3283,0.87
3284,0.86
3285,0.93
3286,0.96
3287,0.99
3288,1
3289,1
3290,0.99
3291,0.91
3292,0.92
3293,1
3294,1
3295,1
3296,0.96
3297,0.97
3298,1
3299,0.99
3300,1
3301,1
3302,0.95
3303,1
3304,0.98
3305,0.96
3306,0.99
3307,1
3308,0.99
3309,0.98
3310,0.98
3311,1
3312,0.93
3313,0.99
3314,0.85
3315,0.99
3316,0.94
3317,1
3318,0.98
3319,1
3320,0.99
3321,1
3322,0.97
3323,1
3324,0.97
3325,1
3326,1
3327,0.9
3328,0.98
3329,0.99
3330,0.94
3331,0.97
3332,0.99
3333,0.97
3334,0.94
3335,1
3336,0.89
3337,0.91
3338,0.99
3339,0.91
3340,1
3341,0.99
3342,0.85
3343,0.99
3344,0.99
3345,0.99
3346,0.97
3347,0.98
3348,0.8
3349,0.99
3350,1
3351,0.94
3352,0.92
3353,1
3354,1
3355,0.93
3356,1
3357,0.98
3358,1
3359,0.99
3360,0.88
3361,0.88
3362,0.97
3363,1
3364,0.95
3365,0.98
3366,1
3367,1
3368,0.99
3369,0.99
3370,0.95
3371,1
3372,1
3373,0.97
3374,1
3375,0.95
3376,1
3377,0.98
3378,1
3379,0.98
3380,0.99
3381,0.97
3382,0.84
3383,0.97
3384,0.98
3385,1
3386,0.99
3387,0.93
3388,0.99
3389,0.99
3390,0.99
3391,1
3392,0.95
3393,0.89
3394,1
3395,0.91
3396,0.96
3397,0.94
3398,0.99
3399,0.99
3400,0.81
3401,1
3402,0.95
3403,0.99
3404,0.88
3405,0.81
3406,0.95
3407,0.95
3408,0.88
3409,0.99
3410,0.69
3411,0.86
3412,0.98
3413,0.86
3414,0.97
3415,1
3416,0.97
3417,0.86
3418,0.93
3419,0.97
3420,0.93
3421,1
3422,0.99
3423,0.95
3424,1
3425,0.96
3426,1
3427,0.95
3428,1
3429,0.98
3430,1
3431,0.96
3432,0.99
3433,0.99
3434,0.98
3435,1
3436,0.97
3437,1
3438,0.97
3439,1
3440,0.96
3441,0.95
3442,0.99
3443,1
3444,0.95
3445,0.97
3446,1
3447,0.99
3448,0.93
3449,0.93
3450,1
3451,1
3452,1
3453,1
3454,0.96
3455,0.91
3456,1
3457,0.92
3458,0.99
3459,1
3460,0.96
3461,0.96
3462,0.71
3463,1
3464,0.99
3465,0.91
3466,1
3467,0.97
3468,0.99
3469,1
3470,1
3471,1
3472,0.99
3473,0.97
3474,1
3475,0.9
3476,0.96
3477,1
3478,0.96
3479,1
3480,1
3481,0.93
3482,0.99
3483,0.97
3484,1
3485,1
3486,0.99
3487,0.96
3488,0.97
3489,0.98
3490,0.98
3491,1
3492,0.97
3493,0.89
3494,0.99
3495,0.84
3496,0.99
3497,0.96
3498,0.99
3499,0.99
3500,0.94
3501,1
3502,0.99
3503,0.95
3504,0.89
3505,0.96
3506,0.98
3507,0.99
3508,0.99
3509,0.94
3510,0.98
3511,0.93
3512,0.99
3513,1
3514,0.89
3515,0.95
3516,0.87
3517,0.95
3518,1
3519,0.93
3520,0.99
3521,0.96
3522,0.96
3523,0.99
3524,1
3525,0.92
3526,1
3527,1
3528,0.93
3529,0.98
3530,0.96
3531,0.98
3532,1
3533,0.98
3534,0.99
3535,0.99
3536,0.93
3537,1
3538,1
3539,0.95
3540,0.95
3541,0.94
3542,1
3543,1
3544,1
3545,1
3546,0.92
3547,0.99
3548,1
3549,0.93
3550,1
3551,1
3552,1
3553,1
3554,0.91
3555,1
3556,0.86
3557,1
3558,1
3559,1
3560,0.99
3561,0.98
3562,0.99
3563,1
3564,1
3565,0.99
3566,0.99
3567,0.91
3568,1
3569,1
3570,0.93
3571,0.96
3572,1
3573,1
3574,1
3575,0.96
3576,1
3577,0.84
3578,0.97
3579,0.91
3580,0.81
3581,1
3582,0.98
3583,0.74
3584,0.96
3585,0.79
3586,0.98
3587,0.96
3588,0.92
3589,0.76
3590,1
3591,1
3592,1
3593,1
3594,1
3595,1
3596,1
3597,0.79
3598,1
3599,0.84
3600,1
3601,0.84
3602,0.94
3603,0.91
3604,0.98
3605,0.95
3606,1
3607,0.96
3608,0.86
3609,1
3610,1
3611,0.85
3612,0.99
3613,1
3614,0.79
3615,0.99
3616,0.97
3617,0.97
3618,1
3619,0.91
3620,0.91
3621,1
3622,0.98
3623,1
3624,0.91
3625,0.97
3626,0.94
3627,0.96
3628,0.84
3629,0.89
3630,1
3631,1
3632,0.87
3633,0.99
3634,1
3635,1
3636,1
3637,0.96
3638,0.99
3639,1
3640,0.96
3641,0.97
3642,1
3643,1
3644,1
3645,1
3646,0.8
3647,0.96
3648,0.78
3649,0.82
3650,0.61
3651,0.94
3652,0.96
3653,1
3654,1
3655,0.96
3656,0.97
3657,0.94
3658,1
3659,0.92
3660,0.99
3661,1
3662,0.98
3663,0.96
3664,0.92
3665,0.96
3666,0.98
3667,0.84
3668,1
3669,0.88
3670,0.95
3671,1
3672,0.98
3673,1
3674,0.95
3675,0.99
3676,1
3677,1
3678,1
3679,0.96
3680,0.8
3681,0.95
3682,0.82
3683,0.98
3684,0.99
3685,0.81
3686,0.98
3687,0.99
3688,0.93
3689,0.98
3690,0.99
3691,0.8
3692,0.6
3693,0.99
3694,0.77
3695,0.79
3696,0.96
3697,0.97
3698,1
3699,0.7
3700,0.96
3701,0.98
3702,0.93
3703,0.88
3704,0.92
3705,1
3706,0.98
3707,0.97
3708,0.99
3709,0.99
3710,0.8
3711,1
3712,0.98
3713,1
3714,0.78
3715,0.8
3716,0.9
3717,0.92
3718,0.9
3719,0.85
3720,0.59
3721,1
3722,0.92
3723,0.97
3724,0.9
3725,0.98
3726,1
3727,0.86
3728,0.98
3729,1
3730,0.99
3731,0.89
3732,1
3733,0.96
3734,0.99
3735,0.94
3736,0.97
3737,0.97
3738,0.92
3739,0.87
3740,1
3741,1
3742,0.95
3743,0.98
3744,0.95
3745,0.95
3746,0.92
3747,0.97
3748,0.94
3749,0.99
3750,0.85
3751,0.73
3752,0.79
3753,0.95
3754,0.99
3755,0.98
3756,0.83
3757,0.98
3758,1
3759,0.91
3760,0.97
3761,0.99
3762,1
3763,0.98
3764,0.98
3765,0.99
3766,1
3767,0.96
3768,1
3769,1
3770,0.64
3771,0.99
3772,0.93
3773,0.99
3774,0.93
3775,0.96
3776,0.97
3777,1
3778,1
3779,0.96
3780,1
3781,1
3782,1
3783,0.93
3784,1
3785,0.97
3786,0.93
3787,0.94
3788,1
3789,0.98
3790,1
3791,0.95
3792,1
3793,0.96
3794,1
3795,1
3796,0.96
3797,0.92
3798,0.96
3799,0.92
3800,1
3801,0.99
3802,0.76
3803,1
3804,0.97
3805,1
3806,0.91
3807,0.96
3808,0.95
3809,0.95
3810,1
3811,1
3812,0.91
3813,0.99
3814,1
3815,1
3816,1
3817,0.98
3818,1
3819,1
3820,1
3821,1
3822,1
3823,0.99
3824,0.99
3825,1
3826,0.97
3827,1
3828,0.99
3829,0.99
3830,0.99
3831,0.95
3832,1
3833,1
3834,0.84
3835,1
3836,1
3837,0.98
3838,0.99
3839,0.94
3840,0.91
3841,0.96
3842,1
3843,0.99
3844,0.99
3845,1
3846,0.95
3847,0.93
3848,0.93
3849,0.98
3850,0.91
3851,1
3852,0.67
3853,0.97
3854,1
3855,0.95
3856,0.92
3857,0.95
3858,0.98
3859,0.84
3860,0.98
3861,1
3862,0.98
3863,1
3864,0.75
3865,0.46
3866,0.75
3867,0.89
3868,1
3869,0.99
3870,0.86
3871,1
3872,0.92
3873,0.99
3874,0.84
3875,0.8
3876,0.94
3877,1
3878,0.65
3879,1
3880,0.99
3881,0.91
3882,0.99
3883,0.89
3884,0.93
3885,1
3886,0.78
3887,1
3888,0.95
3889,0.94
3890,0.99
3891,0.9
3892,0.92
3893,0.95
3894,0.97
3895,1
3896,0.98
3897,0.99
3898,0.97
3899,0.96
3900,1
3901,0.92
3902,0.95
3903,0.86
3904,0.94
3905,0.95
3906,0.97
3907,0.99
3908,0.81
3909,1
3910,0.94
3911,1
3912,0.75
3913,0.84
3914,1
3915,1
3916,0.98
3917,0.98
3918,0.97
3919,0.95
3920,0.6
3921,0.95
3922,0.95
3923,0.94
3924,0.86
3925,1
3926,0.95
3927,0.93
3928,0.96
3929,0.96
3930,1
3931,0.75
3932,0.94
3933,0.95
3934,0.97
3935,1
3936,0.96
3937,0.9
3938,1
3939,0.98
3940,0.97
3941,0.93
3942,1
3943,0.97
3944,0.98
3945,0.99
3946,1
3947,0.95
3948,0.86
3949,0.92
3950,0.97
3951,1
3952,0.94
3953,0.99
3954,1
3955,0.9
3956,0.97
3957,1
3958,0.98
3959,0.84
3960,0.89
3961,0.97
3962,0.94
3963,0.86
3964,0.99
3965,0.95
3966,0.92
3967,0.99
3968,1
3969,1
3970,0.99
3971,0.81
3972,0.95
3973,0.99
3974,0.96
3975,0.97
3976,0.99
3977,1
3978,0.92
3979,1
3980,0.99
3981,1
3982,0.98
3983,0.99
3984,0.95
3985,1
3986,0.85
3987,1
3988,0.99
3989,1
3990,0.97
3991,0.82
3992,0.95
3993,1
3994,1
3995,0.86
3996,1
3997,1
3998,1
3999,0.96
4000,0.99
4001,1
4002,0.92
4003,1
4004,0.95
4005,0.96
4006,0.91
4007,1
4008,0.93
4009,1
4010,0.9
4011,0.99
4012,0.79
4013,1
4014,0.9
4015,1
4016,0.98
4017,0.91
4018,0.8
4019,0.99
4020,0.99
4021,1
4022,1
4023,1
4024,0.83
4025,0.99
4026,0.97
4027,0.98
4028,1
4029,1
4030,0.99
4031,1
4032,0.98
4033,1
4034,0.9
4035,1
4036,0.99
4037,0.96
4038,0.98
4039,0.94
4040,0.99
4041,0.91
4042,0.97
4043,0.8
4044,1
4045,1
4046,1
4047,1
4048,1
4049,0.97
4050,0.99
4051,1
4052,1
4053,0.88
4054,0.88
4055,0.96
4056,0.96
4057,0.96
4058,1
4059,0.63
4060,0.94
4061,0.98
4062,0.8
4063,1
4064,1
4065,0.98
4066,0.94
4067,0.98
4068,0.99
4069,0.99
4070,0.99
4071,0.98
4072,1
4073,0.96
4074,1
4075,0.86
4076,0.96
4077,0.86
4078,1
4079,0.99
4080,1
4081,1
4082,0.99
4083,0.97
4084,1
4085,1
4086,0.91
4087,0.86
4088,0.94
4089,1
4090,1
4091,0.99
4092,1
4093,0.98
4094,0.99
4095,0.87
4096,0.99
4097,0.99
4098,0.94
4099,1
4100,0.96
4101,0.83
4102,0.94
4103,0.94
4104,1
4105,0.97
4106,1
4107,0.88
4108,1
4109,1
4110,0.99
4111,0.97
4112,0.97
4113,0.73
4114,0.77
4115,0.91
4116,0.9
4117,0.99
4118,0.97
4119,0.95
4120,1
4121,0.96
4122,0.97
4123,0.88
4124,1
4125,0.96
4126,0.9
4127,0.79
4128,0.97
4129,0.96
4130,0.95
4131,0.75
4132,0.95
4133,0.99
4134,1
4135,0.99
4136,0.96
4137,0.89
4138,0.96
4139,0.86
4140,1
4141,0.97
4142,0.93
4143,1
4144,1
4145,1
4146,0.95
4147,0.89
4148,1
4149,0.99
4150,1
4151,0.99
4152,0.99
4153,1
4154,0.94
4155,0.97
4156,1
4157,0.83
4158,0.96
4159,1
4160,1
4161,0.92
4162,0.95
4163,0.89
4164,1
4165,1
4166,1
4167,1
4168,1
4169,0.99
4170,1
4171,0.96
4172,1
4173,0.95
4174,0.98
4175,1
4176,0.8
4177,0.92
4178,0.99
4179,0.97
4180,0.84
4181,0.95
4182,0.99
4183,0.99
4184,1
4185,0.65
4186,0.98
4187,0.94
4188,0.74
4189,0.9
4190,0.99
4191,0.99
4192,0.95
4193,0.98
4194,0.95
4195,0.92
4196,0.58
4197,0.99
4198,0.94
4199,0.99
4200,0.88
4201,0.98
4202,1
4203,0.94
4204,1
4205,0.66
4206,0.92
4207,0.96
4208,1
4209,0.97
4210,0.99
4211,0.89
4212,0.98
4213,1
4214,0.97
4215,0.87
4216,0.85
4217,0.97
4218,0.93
4219,1
4220,1
4221,0.93
4222,1
4223,0.99
4224,0.9
4225,0.98
4226,0.97
4227,0.87
4228,0.94
4229,0.99
4230,0.79
4231,1
4232,0.98
4233,0.93
4234,1
4235,0.95
4236,0.83
4237,0.99
4238,0.97
4239,0.94
4240,0.99
4241,0.98
4242,0.91
4243,0.94
4244,1
4245,1
4246,1
4247,0.91
4248,1
4249,0.95
4250,1
4251,1
4252,0.89
4253,0.93
4254,0.96
4255,1
4256,1
4257,0.86
4258,0.92
4259,0.99
4260,0.85
4261,0.99
4262,1
4263,0.91
4264,0.98
4265,0.98
4266,0.91
4267,0.91
4268,0.95
4269,0.93
4270,1
4271,0.97
4272,0.99
4273,0.84
4274,1
4275,0.64
4276,0.92
4277,0.96
4278,1
4279,0.84
4280,0.99
4281,1
4282,1
4283,0.97
4284,0.82
4285,1
4286,1
4287,0.99
4288,0.95
4289,0.98
4290,1
4291,0.99
4292,0.82
4293,1
4294,0.96
4295,0.99
4296,0.99
4297,0.99
4298,0.97
4299,0.87
4300,1
4301,1
4302,0.96
4303,1
4304,0.89
4305,0.98
4306,0.97
4307,1
4308,0.96
4309,0.94
4310,1
4311,0.96
4312,0.79
4313,0.97
4314,1
4315,0.99
4316,0.96
4317,0.88
4318,0.99
4319,0.89
4320,0.98
4321,0.95
4322,0.91
4323,0.96
4324,0.94
4325,0.99
4326,1
4327,0.98
4328,0.81
4329,1
4330,0.86
4331,1
4332,0.95
4333,0.91
4334,0.99
4335,0.93
4336,0.98
4337,1
4338,0.96
4339,0.98
4340,1
4341,0.88
4342,1
4343,0.83
4344,1
4345,0.99
4346,1
4347,0.93
4348,0.97
4349,0.95
4350,0.91
4351,1
4352,1
4353,0.85
4354,1
4355,1
4356,1
4357,0.97
4358,0.96
4359,1
4360,1
4361,1
4362,0.97
4363,0.97
4364,0.97
4365,0.99
4366,0.93
4367,1
4368,1
4369,1
4370,1
4371,0.99
4372,0.91
4373,0.96
4374,0.99
4375,0.88
4376,0.98
4377,0.52
4378,1
4379,0.94
4380,1
4381,1
4382,0.96
4383,1
4384,0.98
4385,0.95
4386,0.99
4387,0.93
4388,0.91
4389,0.96
4390,0.98
4391,1
4392,1
4393,0.87
4394,0.8
4395,0.94
4396,0.99
4397,0.91
4398,0.99
4399,0.89
4400,1
4401,0.88
4402,1
4403,0.99
4404,0.94
4405,1
4406,0.94
4407,1
4408,1
4409,0.95
4410,0.74
4411,1
4412,0.95
4413,0.96
4414,0.78
4415,1
4416,0.98
4417,1
4418,0.75
4419,0.99
4420,0.96
4421,0.95
4422,0.97
4423,0.72
4424,0.99
4425,0.94
4426,1
4427,0.97
4428,1
4429,0.87
4430,1
4431,1
4432,0.98
4433,1
4434,1
4435,0.42
4436,0.97
4437,1
4438,0.98
4439,0.86
4440,1
4441,0.94
4442,0.99
4443,0.87
4444,0.94
4445,1
4446,1
4447,0.91
4448,0.96
4449,0.85
4450,0.94
4451,0.96
4452,0.93
4453,0.97
4454,0.94
4455,0.9
4456,1
4457,1
4458,1
4459,1
4460,0.98
4461,1
4462,0.92
4463,1
4464,0.76
4465,1
4466,0.82
4467,0.98
4468,0.88
4469,0.83
4470,1
4471,0.98
4472,0.8
4473,1
4474,0.99
4475,0.97
4476,0.99
4477,0.92
4478,0.79
4479,0.97
4480,0.99
4481,0.91
4482,0.99
4483,1
4484,0.99
4485,0.85
4486,0.98
4487,0.83
4488,0.98
4489,0.86
4490,0.96
4491,1
4492,0.97
4493,1
4494,0.93
4495,1
4496,1
4497,0.93
4498,1
4499,0.98
4500,0.65
4501,1
4502,1
4503,0.88
4504,0.86
4505,1
4506,0.98
4507,0.97
4508,1
4509,0.98
4510,0.9
4511,0.97
4512,1
4513,0.98
4514,1
4515,0.93
4516,0.94
4517,0.98
4518,1
4519,0.88
4520,0.97
4521,0.93
4522,0.95
4523,0.97
4524,0.87
4525,0.99
4526,0.65
4527,0.9
4528,0.94
4529,0.95
4530,0.92
4531,0.99
4532,0.92
4533,0.99
4534,0.94
4535,0.97
4536,0.98
4537,1
4538,0.81
4539,0.99
4540,0.98
4541,0.93
4542,0.97
4543,0.96
4544,0.96
4545,1
4546,1
4547,0.91
4548,0.99
4549,1
4550,0.98
4551,1
4552,1
4553,1
4554,0.84
4555,0.94
4556,0.8
4557,0.85
4558,0.98
4559,1
4560,0.97
4561,0.93
4562,0.98
4563,1
4564,1
4565,1
4566,0.95
4567,1
4568,0.99
4569,0.96
4570,1
4571,1
4572,1
4573,0.97
4574,0.91
4575,0.98
4576,1
4577,0.87
4578,1
4579,0.96
4580,1
4581,0.98
4582,1
4583,0.99
4584,0.97
4585,0.88
4586,1
4587,0.72
4588,0.98
4589,1
4590,1
4591,0.93
4592,0.87
4593,0.87
4594,0.99
4595,1
4596,0.8
4597,0.81
4598,0.98
4599,1
4600,0.99
4601,0.97
4602,0.99
4603,0.79
4604,0.99
4605,0.98
4606,0.95
4607,0.99
4608,1
4609,0.99
4610,1
4611,0.94
4612,0.98
4613,1
4614,1
4615,0.73
4616,0.7
4617,1
4618,0.93
4619,1
4620,1
4621,0.99
4622,0.95
4623,1
4624,0.99
4625,0.98
4626,0.94
4627,0.95
4628,1
4629,1
4630,0.95
4631,0.99
4632,0.93
4633,1
4634,0.99
4635,1
4636,0.94
4637,0.95
4638,1
4639,1
4640,0.97
4641,0.87
4642,1
4643,1
4644,1
4645,0.97
4646,0.99
4647,0.98
4648,0.93
4649,0.97
4650,1
4651,1
4652,1
4653,0.99
4654,0.99
4655,0.98
4656,0.99
4657,1
4658,0.81
4659,1
4660,0.72
4661,0.96
4662,1
4663,0.99
4664,0.98
4665,0.98
4666,0.98
4667,1
4668,0.97
4669,1
4670,0.9
4671,0.89
4672,1
4673,0.98
4674,0.96
4675,0.84
4676,0.91
4677,0.69
4678,0.97
4679,0.99
4680,0.96
4681,0.98
4682,0.98
4683,1
4684,1
4685,0.98
4686,0.86
4687,1
4688,0.9
4689,1
4690,1
4691,0.97
4692,0.93
4693,0.97
4694,1
4695,0.99
4696,0.91
4697,0.95
4698,0.95
4699,0.96
4700,0.97
4701,0.99
4702,0.86
4703,0.99
4704,0.79
4705,0.8
4706,0.9
4707,1
4708,0.94
4709,0.92
4710,0.99
4711,0.95
4712,0.98
4713,1
4714,0.95
4715,1
4716,1
4717,0.96
4718,0.9
4719,0.98
4720,0.95
4721,0.91
4722,0.9
4723,0.99
4724,0.86
4725,1
4726,0.8
4727,0.94
4728,0.65
4729,0.85
4730,0.85
4731,0.81
4732,0.93
4733,0.87
4734,0.98
4735,0.96
4736,0.93
4737,0.88
4738,0.99
4739,0.94
4740,0.99
4741,0.99
4742,0.96
4743,0.96
4744,0.96
4745,1
4746,0.97
4747,1
4748,0.99
4749,1
4750,0.88
4751,1
4752,1
4753,0.99
4754,0.97
4755,0.98
4756,0.98
4757,1
4758,0.92
4759,0.96
4760,0.87
4761,0.99
4762,1
4763,1
4764,0.91
4765,0.94
4766,0.98
4767,0.98
4768,0.96
4769,1
4770,0.82
4771,0.81
4772,0.88
4773,0.9
4774,1
4775,0.94
4776,1
4777,0.81
4778,0.86
4779,1
4780,0.94
4781,0.97
4782,0.91
4783,0.94
4784,0.99
4785,1
4786,0.86
4787,0.99
4788,0.9
4789,1
4790,1
4791,0.96
4792,1
4793,1
4794,0.98
4795,0.99
4796,0.89
4797,0.98
4798,0.91
4799,0.96
4800,1
4801,1
4802,1
4803,0.95
4804,0.87
4805,0.99
4806,1
4807,0.95
4808,0.87
4809,1
4810,0.98
4811,0.91
4812,0.91
4813,1
4814,0.95
4815,0.97
4816,0.91
4817,1
4818,0.91
4819,0.95
4820,1
4821,0.96
4822,1
4823,1
4824,0.94
4825,0.93
4826,0.91
4827,0.99
4828,0.96
4829,0.81
4830,0.9
4831,0.99
4832,0.97
4833,0.96
4834,1
4835,0.99
4836,1
4837,0.93
4838,0.95
4839,0.96
4840,0.93
4841,0.97
4842,0.98
4843,0.97
4844,0.98
4845,1
4846,0.99
4847,1
4848,0.95
4849,1
4850,0.89
4851,0.98
4852,0.92
4853,0.99
4854,0.94
4855,0.94
4856,1
4857,0.93
4858,1
4859,0.97
4860,0.98
4861,0.99
4862,0.9
4863,0.95
4864,0.99
4865,0.95
4866,0.98
4867,1
4868,1
4869,0.97
4870,0.84
4871,1
4872,0.85
4873,0.99
4874,0.88
4875,0.68
4876,0.93
4877,0.87
4878,0.96
4879,0.96
4880,0.97
4881,1
4882,1
4883,0.98
4884,0.98
4885,0.97
4886,0.93
4887,1
4888,0.9
4889,1
4890,0.99
4891,0.97
4892,0.98
4893,1
4894,0.87
4895,0.98
4896,0.81
4897,1
4898,0.96
4899,0.93
4900,0.96
4901,0.95
4902,1
4903,0.99
4904,0.99
4905,0.9
4906,1
4907,0.98
4908,0.97
4909,0.83
4910,1
4911,0.96
4912,0.58
4913,0.99
4914,0.99
4915,0.87
4916,0.92
4917,1
4918,1
4919,1
4920,0.96
4921,0.99
4922,1
4923,0.99
4924,0.99
4925,0.82
4926,0.92
4927,0.96
4928,0.99
4929,0.99
4930,1
4931,0.97
4932,1
4933,1
4934,0.95
4935,0.92
4936,1
4937,0.98
4938,0.93
4939,0.98
4940,0.78
4941,1
4942,0.98
4943,0.83
4944,1
4945,0.89
4946,0.93
4947,0.98
4948,1
4949,0.99
4950,1
4951,0.87
4952,0.92
4953,0.97
4954,0.96
4955,1
4956,0.96
4957,0.95
4958,0.97
4959,0.91
4960,0.98
4961,1
4962,1
4963,1
4964,0.99
4965,1
4966,1
4967,0.89
4968,0.97
4969,0.99
4970,1
4971,0.73
4972,0.96
4973,0.99
4974,1
4975,0.87
4976,0.95
4977,0.96
4978,0.9
4979,0.93
4980,1
4981,0.98
4982,0.95
4983,1
4984,1
4985,0.97
4986,0.97
4987,0.98
4988,0.99
4989,1
4990,0.98
4991,0.89
4992,1
4993,0.96
4994,0.94
4995,0.96
4996,0.95
4997,0.97
4998,0.75
4999,0.87
5000,0.68
5001,0.99
5002,1
5003,0.98
5004,0.8
5005,0.96
5006,0.94
5007,0.96
5008,0.95
5009,0.94
5010,0.93
5011,1
5012,1
5013,0.93
5014,0.94
5015,0.99
5016,0.84
5017,1
5018,1
5019,1
5020,0.96
5021,0.98
5022,0.79
5023,0.95
5024,1
5025,1
5026,0.99
5027,0.85
5028,0.99
5029,0.95
5030,1
5031,1
5032,0.98
5033,0.98
5034,0.85
5035,0.99
5036,0.93
5037,1
5038,1
5039,1
5040,1
5041,0.93
5042,1
5043,1
5044,0.87
5045,0.99
5046,0.87
5047,0.93
5048,0.95
5049,1
5050,1
5051,0.99
5052,1
5053,0.9
5054,0.99
5055,1
5056,0.91
5057,0.93
5058,0.99
5059,0.99
5060,1
5061,0.75
5062,0.84
5063,0.96
5064,0.87
5065,0.92
5066,0.9
5067,0.97
5068,0.91
5069,1
5070,0.89
5071,0.95
5072,1
5073,1
5074,0.87
5075,0.94
5076,0.94
5077,1
5078,0.97
5079,1
5080,0.93
5081,0.92
5082,0.94
5083,0.99
5084,0.88
5085,0.98
5086,1
5087,1
5088,0.89
5089,0.99
5090,0.96
5091,0.95
5092,0.99
5093,0.79
5094,1
5095,0.82
5096,1
5097,1
5098,1
5099,0.92
5100,0.93
5101,1
5102,1
5103,0.98
5104,1
5105,0.99
5106,1
5107,0.94
5108,0.94
5109,0.94
5110,1
5111,0.92
5112,1
5113,1
5114,0.99
5115,0.97
5116,1
5117,1
5118,0.95
5119,0.8
5120,1
5121,1
5122,0.99
5123,0.73
5124,0.91
5125,0.97
5126,0.97
5127,0.96
5128,0.99
5129,1
5130,0.88
5131,0.99
5132,0.95
5133,0.93
5134,0.85
5135,1
5136,1
5137,1
5138,0.97
5139,0.96
5140,0.97
5141,1
5142,0.98
5143,0.99
5144,1
5145,0.97
5146,1
5147,1
5148,0.99
5149,0.99
5150,0.98
5151,1
5152,0.99
5153,0.95
5154,0.99
5155,1
5156,1
5157,0.87
5158,0.86
5159,1
5160,1
5161,0.88
5162,0.99
5163,1
5164,1
5165,0.99
5166,0.99
5167,0.97
5168,1
5169,1
5170,0.98
5171,0.94
5172,0.98
5173,0.8
5174,0.99
5175,0.9
5176,0.94
5177,0.99
5178,0.96
5179,1
5180,0.93
5181,0.99
5182,1
5183,1
5184,0.99
5185,1
5186,0.96
5187,0.54
5188,1
5189,0.96
5190,0.97
5191,0.94
5192,0.98
5193,0.88
5194,0.92
5195,0.92
5196,0.78
5197,0.81
5198,1
5199,0.89
5200,1
5201,0.99
5202,0.96
5203,0.96
5204,1
5205,0.99
5206,0.86
5207,0.96
5208,0.91
5209,0.69
5210,0.92
5211,0.95
5212,0.92
5213,1
5214,0.95
5215,1
5216,0.97
5217,0.91
5218,0.88
5219,1
5220,0.79
5221,0.89
5222,0.98
5223,0.96
5224,0.99
5225,0.99
5226,0.93
5227,1
5228,1
5229,0.98
5230,1
5231,1
5232,0.96
5233,1
5234,1
5235,0.99
5236,0.99
5237,0.99
5238,0.98
5239,0.89
5240,0.99
5241,1
5242,0.94
5243,1
5244,0.86
5245,0.98
5246,1
5247,1
5248,0.96
5249,1
5250,0.97
5251,0.93
5252,0.99
5253,0.98
5254,1
5255,0.92
5256,0.96
5257,0.91
5258,1
5259,0.97
5260,0.75
5261,0.92
5262,0.94
5263,0.96
5264,0.8
5265,0.92
5266,0.99
5267,0.99
5268,1
5269,0.83
5270,0.79
5271,1
5272,0.98
5273,1
5274,0.95
5275,1
5276,0.83
5277,1
5278,0.88
5279,0.91
5280,1
5281,0.97
5282,1
5283,0.94
5284,0.78
5285,0.95
5286,0.99
5287,0.67
5288,0.99
5289,0.98
5290,0.92
5291,1
5292,0.97
5293,0.95
5294,1
5295,1
5296,1
5297,0.69
5298,0.99
5299,0.99
5300,0.98
5301,0.98
5302,0.99
5303,0.95
5304,0.83
5305,1
5306,0.94
5307,0.97
5308,1
5309,0.87
5310,0.99
5311,0.94
5312,0.97
5313,1
5314,0.84
5315,0.91
5316,0.99
5317,0.97
5318,0.99
5319,0.87
5320,0.99
5321,0.95
5322,1
5323,1
5324,0.9
5325,0.92
5326,0.85
5327,0.96
5328,0.98
5329,1
5330,1
5331,1
5332,0.9
5333,0.99
5334,1
5335,0.96
5336,0.98
5337,1
5338,0.8
5339,0.84
5340,1
5341,1
5342,0.83
5343,0.86
5344,0.97
5345,0.93
5346,0.94
5347,1
5348,0.99
5349,1
5350,0.85
5351,0.92
5352,0.87
5353,0.82
5354,1
5355,0.96
5356,0.96
5357,0.95
5358,1
5359,1
5360,0.97
5361,0.99
5362,0.98
5363,0.78
5364,0.99
5365,1
5366,0.98
5367,0.92
5368,1
5369,1
5370,0.93
5371,1
5372,1
5373,0.95
5374,1
5375,1
5376,0.96
5377,1
5378,0.82
5379,0.97
5380,1
5381,0.84
5382,0.66
5383,1
5384,0.98
5385,0.78
5386,0.97
5387,0.61
5388,1
5389,1
5390,1
5391,1
5392,1
5393,0.96
5394,0.99
5395,0.99
5396,0.96
5397,0.92
5398,0.95
5399,1
5400,0.82
5401,0.81
5402,0.92
5403,0.99
5404,0.98
5405,1
5406,0.96
5407,0.96
5408,1
5409,0.99
5410,0.98
5411,0.97
5412,1
5413,0.95
5414,1
5415,0.97
5416,1
5417,0.9
5418,1
5419,0.91
5420,0.99
5421,0.98
5422,1
5423,0.95
5424,1
5425,1
5426,0.94
5427,0.98
5428,0.96
5429,0.94
5430,0.94
5431,0.95
5432,1
5433,0.99
5434,0.99
5435,0.87
5436,0.91
5437,0.96
5438,0.95
5439,1
5440,1
5441,0.94
5442,0.99
5443,0.88
5444,0.99
5445,1
5446,0.96
5447,0.98
5448,1
5449,0.89
5450,0.99
5451,0.88
5452,1
5453,0.88
5454,1
5455,1
5456,1
5457,0.93
5458,0.98
5459,0.73
5460,0.99
5461,0.99
5462,1
5463,0.72
5464,0.85
5465,1
5466,0.97
5467,0.98
5468,0.73
5469,1
5470,0.9
5471,0.99
5472,0.96
5473,1
5474,0.95
5475,1
5476,1
5477,0.9
5478,0.78
5479,0.99
5480,0.97
5481,0.97
5482,0.99
5483,0.88
5484,0.98
5485,0.98
5486,1
5487,1
5488,0.97
5489,0.82
5490,0.99
5491,1
5492,1
5493,1
5494,0.99
5495,1
5496,0.83
5497,0.94
5498,0.89
5499,0.93
5500,0.96
5501,1
5502,1
5503,0.94
5504,1
5505,0.98
5506,0.89
5507,0.99
5508,1
5509,0.97
5510,0.94
5511,1
5512,1
5513,0.99
5514,0.72
5515,1
5516,0.94
5517,1
5518,1
5519,1
5520,1
5521,0.96
5522,0.98
5523,0.88
5524,0.99
5525,1
5526,0.98
5527,0.92
5528,0.87
5529,0.93
5530,0.93
5531,0.99
5532,0.91
5533,0.98
5534,0.94
5535,0.98
5536,0.96
5537,1
5538,0.97
5539,0.91
5540,0.88
5541,1
5542,0.95
5543,0.87
5544,0.98
5545,1
5546,0.84
5547,0.98
5548,0.96
5549,0.9
5550,0.99
5551,0.97
5552,1
5553,0.92
5554,0.98
5555,0.97
5556,0.95
5557,0.97
5558,0.98
5559,0.9
5560,0.94
5561,0.98
5562,1
5563,0.95
5564,0.84
5565,1
5566,0.99
5567,1
5568,0.91
5569,1
5570,0.95
5571,1
5572,0.99
5573,0.97
5574,0.99
5575,0.95
5576,1
5577,0.99
5578,1
5579,1
5580,0.77
5581,0.98
5582,0.91
5583,0.96
5584,1
5585,0.96
5586,1
5587,0.84
5588,1
5589,0.97
5590,1
5591,1
5592,0.91
5593,1
5594,0.99
5595,0.91
5596,0.96
5597,1
5598,1
5599,0.99
5600,0.84
5601,1
5602,0.94
5603,0.95
5604,1
5605,1
5606,1
5607,1
5608,0.99
5609,0.92
5610,0.82
5611,1
5612,1
5613,0.99
5614,0.94
5615,0.99
5616,0.69
5617,0.77
5618,1
5619,0.96
5620,0.97
5621,1
5622,0.88
5623,0.98
5624,1
5625,1
5626,0.92
5627,0.86
5628,1
5629,0.97
5630,1
5631,1
5632,1
5633,0.98
5634,0.95
5635,0.99
5636,0.96
5637,0.83
5638,0.98
5639,0.99
5640,1
5641,0.98
5642,0.93
5643,0.96
5644,0.89
5645,0.73
5646,1
5647,0.98
5648,0.91
5649,0.72
5650,1
5651,0.97
5652,1
5653,0.96
5654,0.99
5655,0.99
5656,0.95
5657,0.86
5658,0.97
5659,0.99
5660,0.86
5661,0.94
5662,0.93
5663,0.91
5664,0.87
5665,0.99
5666,0.93
5667,0.92
5668,0.99
5669,0.98
5670,0.96
5671,1
5672,1
5673,0.95
5674,0.99
5675,0.97
5676,1
5677,1
5678,0.76
5679,1
5680,1
5681,0.95
5682,0.98
5683,0.86
5684,0.93
5685,1
5686,0.99
5687,0.99
5688,0.99
5689,0.75
5690,0.99
5691,1
5692,0.99
5693,0.98
5694,0.8
5695,0.96
5696,1
5697,0.97
5698,0.99
5699,0.99
5700,0.99
5701,0.84
5702,1
5703,0.99
5704,1
5705,1
5706,0.9
5707,1
5708,0.96
5709,0.96
5710,0.98
5711,1
5712,1
5713,1
5714,0.94
5715,1
5716,0.93
5717,1
5718,0.94
5719,0.92
5720,0.97
5721,0.74
5722,0.99
5723,0.81
5724,0.97
5725,0.99
5726,0.97
5727,1
5728,1
5729,0.8
5730,0.9
5731,0.93
5732,0.7
5733,1
5734,1
5735,0.99
5736,1
5737,1
5738,0.98
5739,0.85
5740,0.97
5741,0.96
5742,0.93
5743,0.98
5744,0.98
5745,1
5746,0.99
5747,0.92
5748,0.96
5749,0.99
5750,0.68
5751,1
5752,0.9
5753,1
5754,1
5755,1
5756,0.82
5757,1
5758,0.93
5759,0.97
5760,0.97
5761,1
5762,0.77
5763,0.99
5764,0.95
5765,0.87
5766,1
5767,0.95
5768,1
5769,0.84
5770,0.99
5771,1
5772,0.93
5773,0.98
5774,1
5775,0.94
5776,0.92
5777,1
5778,0.99
5779,1
5780,1
5781,0.97
5782,0.95
5783,0.94
5784,1
5785,0.79
5786,1
5787,0.91
5788,0.83
5789,1
5790,0.94
5791,1
5792,0.87
5793,0.83
5794,0.96
5795,0.98
5796,1
5797,0.97
5798,0.98
5799,0.94
5800,0.86
5801,1
5802,0.91
5803,0.96
5804,0.96
5805,1
5806,0.98
5807,0.98
5808,1
5809,0.99
5810,0.94
5811,0.99
5812,0.96
5813,1
5814,0.89
5815,1
5816,0.98
5817,0.98
5818,0.89
5819,0.99
5820,0.91
5821,0.98
5822,1
5823,0.96
5824,0.99
5825,1
5826,1
5827,1
5828,0.9
5829,1
5830,0.98
5831,0.99
5832,0.99
5833,0.85
5834,0.76
5835,1
5836,0.85
5837,0.92
5838,0.98
5839,1
5840,1
5841,1
5842,0.99
5843,1
5844,0.94
5845,0.98
5846,1
5847,0.94
5848,0.98
5849,0.95
5850,0.86
5851,0.99
5852,0.79
5853,0.91
5854,0.97
5855,1
5856,0.93
5857,0.99
5858,0.61
5859,1
5860,1
5861,0.99
5862,0.8
5863,1
5864,0.96
5865,0.99
5866,0.97
5867,0.97
5868,1
5869,0.94
5870,1
5871,1
5872,0.99
5873,0.95
5874,0.96
5875,1
5876,0.98
5877,0.98
5878,0.99
5879,1
5880,0.98
5881,0.87
5882,1
5883,0.99
5884,0.95
5885,0.88
5886,0.88
5887,0.86
5888,0.86
5889,1
5890,1
5891,0.98
5892,0.95
5893,0.98
5894,0.99
5895,1
5896,0.99
5897,0.94
5898,0.99
5899,0.98
5900,0.94
5901,1
5902,0.94
5903,0.86
5904,0.97
5905,0.77
5906,0.98
5907,0.96
5908,1
5909,0.95
5910,1
5911,0.86
5912,1
5913,1
5914,0.83
5915,1
5916,0.98
5917,1
5918,0.97
5919,0.96
5920,1
5921,0.8
5922,0.98
5923,0.9
5924,1
5925,0.94
5926,0.99
5927,0.97
5928,0.97
5929,0.89
5930,1
5931,1
5932,0.91
5933,0.99
5934,0.88
5935,0.85
5936,0.98
5937,1
5938,0.92
5939,0.96
5940,0.99
5941,1
5942,1
5943,1
5944,1
5945,0.92
5946,0.99
5947,0.95
5948,0.99
5949,0.97
5950,0.91
5951,0.98
5952,0.98
5953,0.97
5954,0.94
5955,0.98
5956,1
5957,1
5958,0.96
5959,0.97
5960,1
5961,1
5962,0.96
5963,0.93
5964,0.98
5965,0.95
5966,1
5967,0.98
5968,1
5969,0.95
5970,1
5971,1
5972,1
5973,0.93
5974,1
5975,0.99
5976,0.98
5977,1
5978,0.9
5979,0.99
5980,0.79
5981,0.99
5982,0.82
5983,0.96
5984,1
5985,0.97
5986,0.98
5987,1
5988,0.82
5989,1
5990,1
5991,1
5992,0.99
5993,1
5994,0.88
5995,0.94
5996,1
5997,0.86
5998,0.97
5999,0.97
6000,1
6001,0.97
6002,1
6003,0.93
6004,0.88
6005,1
6006,0.94
6007,0.99
6008,0.79
6009,0.95
6010,1
6011,1
6012,0.99
6013,0.87
6014,1
6015,0.99
6016,0.92
6017,0.99
6018,0.94
6019,0.92
6020,1
6021,0.98
6022,0.98
6023,0.98
6024,1
6025,0.94
6026,0.88
6027,0.93
6028,0.98
6029,0.99
6030,0.95
6031,1
6032,0.99
6033,1
6034,1
6035,0.94
6036,0.99
6037,0.96
6038,0.98
6039,0.99
6040,0.99
6041,0.99
6042,0.96
6043,1
6044,1
6045,0.98
6046,0.98
6047,1
6048,0.8
6049,0.97
6050,0.97
6051,0.92
6052,1
6053,0.85
6054,0.83
6055,1
6056,1
6057,0.97
6058,0.98
6059,0.87
6060,0.99
6061,0.72
6062,0.98
6063,0.9
6064,0.92
6065,0.9
6066,1
6067,0.98
6068,1
6069,0.98
6070,0.99
6071,0.74
6072,0.86
6073,0.94
6074,0.99
6075,0.93
6076,1
6077,0.97
6078,0.85
6079,1
6080,0.89
6081,0.97
6082,0.95
6083,0.93
6084,0.8
6085,0.97
6086,1
6087,0.94
6088,1
6089,0.99
6090,0.8
6091,1
6092,0.96
6093,0.98
6094,1
6095,1
6096,1
6097,0.96
6098,1
6099,0.94
6100,0.98
6101,1
6102,0.99
6103,0.83
6104,0.99
6105,0.9
6106,1
6107,0.99
6108,0.99
6109,0.91
6110,0.98
6111,0.88
6112,0.98
6113,0.78
6114,0.76
6115,1
6116,0.91
6117,1
6118,1
6119,0.9
6120,1
6121,0.87
6122,1
6123,0.98
6124,1
6125,0.7
6126,1
6127,0.95
6128,0.96
6129,0.99
6130,0.85
6131,0.96
6132,0.96
6133,1
6134,1
6135,0.99
6136,0.97
6137,1
6138,0.97
6139,1
6140,0.87
6141,0.94
6142,0.93
6143,0.9
6144,0.98
6145,1
6146,0.98
6147,0.96
6148,0.94
6149,0.92
6150,1
6151,0.9
6152,1
6153,0.99
6154,1
6155,1
6156,1
6157,0.74
6158,0.87
6159,1
6160,0.95
6161,1
6162,0.93
6163,1
6164,0.84
6165,0.91
6166,1
6167,1
6168,1
6169,1
6170,0.99
6171,0.99
6172,1
6173,1
6174,0.94
6175,0.73
6176,0.92
6177,0.82
6178,1
6179,0.98
6180,0.99
6181,0.98
6182,0.91
6183,0.98
6184,0.9
6185,0.91
6186,0.96
6187,1
6188,0.98
6189,1
6190,1
6191,0.99
6192,0.99
6193,0.98
6194,1
6195,0.95
6196,0.94
6197,0.98
6198,0.97
6199,0.94
6200,0.99
6201,1
6202,0.93
6203,0.87
6204,1
6205,0.99
6206,0.83
6207,0.89
6208,1
6209,1
6210,1
6211,0.97
6212,1
6213,0.93
6214,1
6215,0.98
6216,0.97
6217,1
6218,1
6219,0.99
6220,0.99
6221,0.94
6222,0.85
6223,0.59
6224,1
6225,0.97
6226,0.85
6227,0.9
6228,1
6229,1
6230,1
6231,0.95
6232,0.96
6233,0.99
6234,1
6235,0.73
6236,1
6237,0.99
6238,0.97
6239,0.95
6240,0.97
6241,0.73
6242,1
6243,0.98
6244,0.99
6245,0.83
6246,1
6247,1
6248,0.89
6249,0.99
6250,0.86
6251,0.97
6252,0.96
6253,0.98
6254,0.95
6255,1
6256,0.99
6257,0.99
6258,0.93
6259,0.99
6260,0.99
6261,0.99
6262,0.67
6263,0.92
6264,0.95
6265,0.97
6266,1
6267,0.99
6268,0.81
6269,0.99
6270,0.99
6271,0.98
6272,0.99
6273,0.94
6274,0.97
6275,0.85
6276,0.92
6277,0.97
6278,1
6279,0.89
6280,0.93
6281,1
6282,1
6283,0.95
6284,0.94
6285,1
6286,1
6287,1
6288,0.94
6289,0.85
6290,0.96
6291,1
6292,0.99
6293,1
6294,1
6295,0.96
6296,0.94
6297,0.99
6298,0.96
6299,1
6300,0.98
6301,1
6302,0.93
6303,1
6304,0.95
6305,0.87
6306,0.92
6307,0.99
6308,1
6309,1
6310,0.94
6311,0.7
6312,1
6313,0.97
6314,0.99
6315,0.89
6316,1
6317,1
6318,0.98
6319,0.87
6320,0.94
6321,0.86
6322,1
6323,0.84
6324,0.99
6325,0.99
6326,0.95
6327,0.98
6328,1
6329,0.99
6330,0.86
6331,0.74
6332,0.65
6333,0.81
6334,0.97
6335,0.99
6336,1
6337,0.93
6338,1
6339,0.9
6340,1
6341,1
6342,1
6343,0.92
6344,1
6345,0.8
6346,0.99
6347,0.98
6348,0.86
6349,0.97
6350,0.98
6351,1
6352,0.98
6353,0.93
6354,1
6355,0.93
6356,1
6357,0.99
6358,0.86
6359,1
6360,0.99
6361,1
6362,1
6363,0.85
6364,0.96
6365,0.86
6366,1
6367,1
6368,0.98
6369,1
6370,0.99
6371,0.82
6372,0.98
6373,0.98
6374,0.99
6375,0.97
6376,0.95
6377,1
6378,0.93
6379,1
6380,1
6381,0.96
6382,0.87
6383,0.85
6384,0.98
6385,0.89
6386,1
6387,0.68
6388,1
6389,1
6390,1
6391,0.99
6392,0.97
6393,0.99
6394,1
6395,0.98
6396,0.98
6397,1
6398,0.88
6399,0.79
6400,0.92
6401,1
6402,0.96
6403,1
6404,1
6405,0.96
6406,0.89
6407,1
6408,0.46
6409,0.97
6410,1
6411,0.98
6412,0.99
6413,1
6414,0.97
6415,0.98
6416,0.98
6417,1
6418,0.99
6419,1
6420,1
6421,0.98
6422,1
6423,0.93
6424,1
6425,0.9
6426,0.92
6427,0.99
6428,0.98
6429,0.89
6430,0.94
6431,0.91
6432,1
6433,1
6434,1
6435,0.76
6436,0.98
6437,1
6438,0.9
6439,0.74
6440,0.96
6441,0.94
6442,0.84
6443,0.93
6444,1
6445,0.75
6446,0.89
6447,1
6448,0.99
6449,1
6450,1
6451,1
6452,0.99
6453,0.98
6454,0.87
6455,0.98
6456,1
6457,0.99
6458,1
6459,1
6460,1
6461,0.88
6462,1
6463,0.95
6464,0.98
6465,0.89
6466,1
6467,0.99
6468,0.97
6469,0.77
6470,1
6471,1
6472,0.89
6473,1
6474,0.9
6475,1
6476,0.78
6477,1
6478,0.91
6479,0.98
6480,0.97
6481,1
6482,0.93
6483,1
6484,0.99
6485,0.96
6486,0.85
6487,0.93
6488,0.99
6489,0.96
6490,0.97
6491,0.93
6492,0.98
6493,0.97
6494,0.96
6495,1
6496,0.91
6497,0.85
6498,0.96
6499,0.79
6500,0.99
6501,0.95
6502,1
6503,1
6504,0.93
6505,0.97
6506,0.96
6507,1
6508,0.9
6509,1
6510,1
6511,1
6512,1
6513,0.9
6514,1
6515,1
6516,0.92
6517,0.99
6518,0.98
6519,0.9
6520,0.99
6521,0.98
6522,0.88
6523,0.99
6524,1
6525,0.97
6526,1
6527,0.59
6528,0.98
6529,0.81
6530,0.74
6531,0.76
6532,1
6533,1
6534,0.95
6535,0.87
6536,0.96
6537,0.96
6538,0.84
6539,0.99
6540,0.98
6541,1
6542,1
6543,0.94
6544,0.91
6545,1
6546,0.96
6547,0.83
6548,0.99
6549,0.65
6550,1
6551,0.97
6552,0.99
6553,1
6554,1
6555,0.93
6556,1
6557,0.86
6558,0.99
6559,0.99
6560,0.99
6561,1
6562,0.95
6563,0.93
6564,0.97
6565,0.81
6566,0.99
6567,0.98
6568,0.94
6569,1
6570,1
6571,0.99
6572,0.92
6573,0.99
6574,0.95
6575,0.93
6576,0.69
6577,0.84
6578,1
6579,0.96
6580,0.96
6581,0.99
6582,0.88
6583,0.95
6584,0.91
6585,0.96
6586,0.97
6587,0.99
6588,0.99
6589,0.98
6590,0.99
6591,1
6592,0.99
6593,0.99
6594,0.6
6595,0.98
6596,0.88
6597,1
6598,0.98
6599,0.96
6600,0.98
6601,1
6602,1
6603,0.98
6604,0.96
6605,0.97
6606,0.95
6607,0.83
6608,0.76
6609,0.96
6610,0.96
6611,0.99
6612,0.94
6613,0.98
6614,1
6615,0.94
6616,0.95
6617,1
6618,0.9
6619,0.95
6620,0.97
6621,1
6622,1
6623,0.98
6624,1
6625,1
6626,1
6627,0.98
6628,1
6629,0.96
6630,1
6631,0.93
6632,0.99
6633,0.75
6634,0.99
6635,1
6636,0.98
6637,0.98
6638,1
6639,1
6640,0.97
6641,0.99
6642,0.93
6643,1
6644,1
6645,0.98
6646,0.99
6647,0.95
6648,0.99
6649,0.92
6650,0.87
6651,0.99
6652,0.69
6653,1
6654,0.98
6655,0.94
6656,1
6657,0.99
6658,0.99
6659,0.93
6660,0.92
6661,0.81
6662,1
6663,0.98
6664,1
6665,0.96
6666,0.92
6667,0.99
6668,1
6669,0.93
6670,0.95
6671,0.78
6672,1
6673,1
6674,0.88
6675,0.81
6676,1
6677,1
6678,0.97
6679,1
6680,0.98
6681,0.92
6682,0.89
6683,1
6684,0.99
6685,1
6686,1
6687,0.97
6688,0.98
6689,1
6690,1
6691,0.99
6692,1
6693,0.67
6694,1
6695,0.92
6696,0.89
6697,0.95
6698,1
6699,0.95
6700,1
6701,0.99
6702,0.99
6703,0.96
6704,0.78
6705,1
6706,0.98
6707,1
6708,0.98
6709,0.98
6710,1
6711,0.88
6712,0.99
6713,0.75
6714,0.97
6715,1
6716,1
6717,0.97
6718,0.74
6719,0.95
6720,0.97
6721,1
6722,0.98
6723,0.98
6724,0.98
6725,0.98
6726,0.85
6727,0.99
6728,1
6729,0.96
6730,1
6731,0.89
6732,0.97
6733,0.91
6734,1
6735,1
6736,0.99
6737,0.75
6738,1
6739,0.95
6740,1
6741,1
6742,0.97
6743,0.97
6744,0.99
6745,0.98
6746,0.97
6747,0.88
6748,0.95
6749,0.99
6750,1
6751,0.92
6752,0.88
6753,1
6754,0.99
6755,1
6756,0.7
6757,1
6758,1
6759,0.95
6760,1
6761,0.99
6762,0.99
6763,0.83
6764,0.93
6765,0.96
6766,0.99
6767,0.97
6768,0.97
6769,0.98
6770,1
6771,0.99
6772,0.99
6773,0.84
6774,0.96
6775,1
6776,0.98
6777,0.8
6778,0.99
6779,0.97
6780,1
6781,1
6782,0.89
6783,0.99
6784,0.92
6785,1
6786,0.94
6787,0.98
6788,0.99
6789,1
6790,0.99
6791,0.97
6792,0.94
6793,0.97
6794,1
6795,0.79
6796,0.88
6797,0.92
6798,0.93
6799,1
6800,0.96
6801,1
6802,0.84
6803,0.7
6804,0.99
6805,0.69
6806,1
6807,1
6808,0.96
6809,1
6810,0.98
6811,0.84
6812,0.99
6813,0.73
6814,0.95
6815,1
6816,0.97
6817,1
6818,1
6819,0.82
6820,1
6821,1
6822,1
6823,0.97
6824,0.92
6825,1
6826,1
6827,1
6828,0.96
6829,1
6830,0.98
6831,0.97
6832,1
6833,0.99
6834,1
6835,0.88
6836,0.53
6837,0.97
6838,0.99
6839,0.97
6840,0.93
6841,0.94
6842,0.98
6843,0.98
6844,0.97
6845,0.97
6846,0.98
6847,0.97
6848,1
6849,0.96
6850,1
6851,0.96
6852,0.92
6853,1
6854,1
6855,1
6856,0.98
6857,1
6858,0.99
6859,1
6860,0.98
6861,0.94
6862,0.98
6863,0.99
6864,1
6865,0.72
6866,0.98
6867,0.94
6868,1
6869,1
6870,0.98
6871,0.77
6872,0.95
6873,1
6874,0.75
6875,0.93
6876,0.63
6877,0.99
6878,1
6879,0.99
6880,0.85
6881,0.97
6882,1
6883,1
6884,0.83
6885,0.9
6886,0.93
6887,1
6888,0.97
6889,1
6890,1
6891,0.8
6892,0.96
6893,1
6894,1
6895,1
6896,0.98
6897,0.99
6898,1
6899,1
6900,1
6901,0.98
6902,1
6903,0.93
6904,1
6905,1
6906,0.96
6907,0.99
6908,1
6909,0.97
6910,1
6911,1
6912,0.86
6913,0.99
6914,1
6915,0.98
6916,0.93
6917,0.96
6918,0.99
6919,0.98
6920,1
6921,1
6922,0.99
6923,0.95
6924,0.95
6925,1
6926,0.77
6927,0.99
6928,0.99
6929,0.99
6930,0.94
6931,0.88
6932,1
6933,1
6934,0.92
6935,0.85
6936,1
6937,0.91
6938,0.91
6939,0.73
6940,1
6941,0.99
6942,0.98
6943,0.85
6944,0.95
6945,1
6946,0.99
6947,0.89
6948,0.9
6949,0.96
6950,1
6951,0.98
6952,0.82
6953,0.98
6954,1
6955,0.97
6956,0.77
6957,0.89
6958,1
6959,0.99
6960,0.68
6961,0.87
6962,0.61
6963,0.99
6964,0.97
6965,1
6966,0.93
6967,0.99
6968,0.95
6969,0.91
6970,0.95
6971,1
6972,0.97
6973,0.91
6974,1
6975,0.98
6976,0.96
6977,0.72
6978,1
6979,0.67
6980,0.82
6981,0.96
6982,1
6983,0.91
6984,0.83
6985,0.94
6986,0.98
6987,0.89
6988,0.95
6989,0.83
6990,1
6991,1
6992,1
6993,0.99
6994,0.95
6995,0.88
6996,0.51
6997,1
6998,0.93
6999,1
7000,0.87
7001,0.99
7002,0.71
7003,0.93
7004,0.83
7005,0.99
7006,0.92
7007,0.84
7008,0.95
7009,0.94
7010,0.96
7011,1
7012,1
7013,0.96
7014,0.92
7015,1
7016,0.88
7017,0.88
7018,0.94
7019,0.95
7020,1
7021,1
7022,0.89
7023,0.84
7024,1
7025,1
7026,0.87
7027,0.98
7028,1
7029,0.78
7030,0.98
7031,0.97
7032,1
7033,0.98
7034,0.98
7035,0.75
7036,0.8
7037,0.94
7038,1
7039,0.98
7040,0.85
7041,0.99
7042,0.75
7043,0.85
7044,0.94
7045,0.92
7046,1
7047,0.99
7048,0.86
7049,1
7050,1
7051,0.98
7052,0.96
7053,0.91
7054,1
7055,0.7
7056,0.89
7057,0.98
7058,1
7059,1
7060,0.83
7061,1
7062,0.98
7063,1
7064,0.79
7065,0.86
7066,0.91
7067,1
7068,0.96
7069,0.91
7070,0.99
7071,0.98
7072,1
7073,1
7074,0.96
7075,1
7076,0.91
7077,1
7078,1
7079,0.99
7080,0.93
7081,1
7082,1
7083,0.93
7084,0.99
7085,0.99
7086,0.9
7087,1
7088,0.89
7089,0.99
7090,1
7091,1
7092,1
7093,0.99
7094,1
7095,0.92
7096,0.92
7097,0.93
7098,0.94
7099,0.99
7100,0.96
7101,0.86
7102,0.97
7103,1
7104,0.91
7105,0.83
7106,0.91
7107,0.77
7108,1
7109,0.93
7110,1
7111,1
7112,0.79
7113,0.96
7114,1
7115,0.74
7116,0.86
7117,0.99
7118,1
7119,1
7120,0.97
7121,0.88
7122,0.83
7123,0.84
7124,0.79
7125,1
7126,0.99
7127,1
7128,0.99
7129,0.9
7130,0.9
7131,0.9
7132,0.95
7133,0.98
7134,0.99
7135,0.91
7136,0.71
7137,0.95
7138,0.99
7139,0.97
7140,1
7141,0.95
7142,0.98
7143,0.92
7144,0.96
7145,0.87
7146,1
7147,0.97
7148,1
7149,0.99
7150,0.97
7151,1
7152,0.97
7153,1
7154,1
7155,0.84
7156,0.98
7157,0.97
7158,1
7159,0.93
7160,1
7161,1
7162,0.96
7163,0.98
7164,0.81
7165,1
7166,1
7167,0.99
7168,1
7169,1
7170,1
7171,1
7172,0.99
7173,1
7174,0.99
7175,0.99
7176,0.93
7177,0.98
7178,1
7179,1
7180,1
7181,1
7182,0.96
7183,1
7184,0.69
7185,1
7186,0.97
7187,0.94
7188,1
7189,1
7190,1
7191,0.84
7192,1
7193,0.73
7194,0.98
7195,0.89
7196,1
7197,0.96
7198,0.67
7199,0.93
7200,0.93
7201,0.99
7202,1
7203,0.99
7204,0.89
7205,1
7206,1
7207,1
7208,0.94
7209,1
7210,0.84
7211,0.99
7212,1
7213,0.95
7214,0.98
7215,1
7216,0.81
7217,0.96
7218,0.98
7219,0.96
7220,1
7221,0.75
7222,1
7223,0.95
7224,0.84
7225,0.97
7226,1
7227,0.96
7228,0.99
7229,0.91
7230,0.98
7231,1
7232,1
7233,0.96
7234,0.96
7235,0.92
7236,0.98
7237,0.98
7238,0.97
7239,0.99
7240,0.79
7241,0.99
7242,1
7243,0.99
7244,1
7245,0.99
7246,0.99
7247,0.9
7248,1
7249,0.97
7250,1
7251,1
7252,0.88
7253,0.94
7254,0.98
7255,0.96
7256,0.99
7257,0.9
7258,0.95
7259,0.78
7260,1
7261,0.87
7262,0.95
7263,0.91
7264,0.96
7265,0.98
7266,0.99
7267,0.99
7268,0.85
7269,0.92
7270,0.93
7271,1
7272,1
7273,0.91
7274,0.98
7275,1
7276,0.99
7277,1
7278,0.87
7279,1
7280,0.99
7281,0.99
7282,0.99
7283,1
7284,0.97
7285,0.88
7286,0.97
7287,1
7288,1
7289,0.98
7290,0.94
7291,1
7292,0.94
7293,0.97
7294,0.99
7295,1
7296,0.99
7297,1
7298,0.74
7299,0.99
7300,0.91
7301,1
7302,0.97
7303,0.98
7304,0.97
7305,0.93
7306,0.97
7307,0.99
7308,0.97
7309,0.98
7310,0.98
7311,0.97
7312,1
7313,0.94
7314,0.97
7315,1
7316,0.89
7317,0.95
7318,1
7319,0.99
7320,0.98
7321,0.98
7322,1
7323,1
7324,1
7325,1
7326,1
7327,1
7328,0.87
7329,0.91
7330,0.99
7331,1
7332,1
7333,1
7334,0.91
7335,1
7336,0.84
7337,0.99
7338,0.95
7339,0.99
7340,0.87
7341,1
7342,0.93
7343,0.96
7344,1
7345,0.99
7346,1
7347,0.98
7348,0.89
7349,1
7350,0.92
7351,1
7352,1
7353,0.97
7354,1
7355,1
7356,0.99
7357,1
7358,0.76
7359,0.99
7360,0.99
7361,1
7362,0.99
7363,0.97
7364,1
7365,1
7366,1
7367,0.98
7368,1
7369,0.91
7370,1
7371,0.99
7372,1
7373,0.94
7374,0.97
7375,1
7376,1
7377,1
7378,1
7379,0.95
7380,0.98
7381,1
7382,0.95
7383,1
7384,0.91
7385,0.97
7386,0.94
7387,0.94
7388,0.95
7389,0.99
7390,1
7391,0.86
7392,1
7393,0.99
7394,0.97
7395,1
7396,1
7397,0.92
7398,0.96
7399,0.93
7400,1
7401,0.99
7402,0.97
7403,0.91
7404,0.9
7405,1
7406,0.99
7407,0.56
7408,1
7409,0.95
7410,0.99
7411,0.95
7412,1
7413,0.99
7414,1
7415,0.99
7416,1
7417,1
7418,0.99
7419,1
7420,0.94
7421,0.89
7422,1
7423,1
7424,0.94
7425,0.99
7426,0.87
7427,0.99
7428,0.97
7429,1
7430,0.97
7431,0.98
7432,1
7433,0.99
7434,1
7435,1
7436,1
7437,0.93
7438,0.56
7439,0.76
7440,0.98
7441,0.92
7442,0.8
7443,0.93
7444,0.99
7445,1
7446,0.99
7447,0.97
7448,1
7449,0.95
7450,0.99
7451,0.99
7452,0.94
7453,1
7454,0.81
7455,1
7456,1
7457,0.98
7458,0.94
7459,0.94
7460,0.99
7461,1
7462,0.79
7463,0.99
7464,0.94
7465,0.6
7466,1
7467,1
7468,0.97
7469,1
7470,1
7471,1
7472,0.98
7473,1
7474,0.99
7475,1
7476,0.98
7477,0.96
7478,0.98
7479,0.96
7480,0.93
7481,1
7482,1
7483,0.99
7484,0.98
7485,0.96
7486,0.99
7487,1
7488,0.65
7489,0.99
7490,0.98
7491,1
7492,1
7493,0.78
7494,0.8
7495,0.95
7496,1
7497,0.94
7498,1
7499,0.93
7500,0.98
7501,1
7502,0.83
7503,1
7504,1
7505,1
7506,0.97
7507,0.96
7508,0.79
7509,1
7510,0.87
7511,1
7512,0.99
7513,0.96
7514,0.9
7515,0.99
7516,0.98
7517,1
7518,0.99
7519,1
7520,1
7521,0.97
7522,0.71
7523,1
7524,1
7525,1
7526,1
7527,1
7528,0.98
7529,0.99
7530,0.95
7531,0.81
7532,0.8
7533,0.99
7534,1
7535,0.62
7536,0.9
7537,1
7538,0.78
7539,0.99
7540,0.85
7541,0.99
7542,0.98
7543,1
7544,1
7545,1
7546,0.99
7547,1
7548,0.99
7549,0.89
7550,0.91
7551,0.98
7552,1
7553,0.96
7554,0.99
7555,1
7556,1
7557,0.92
7558,0.98
7559,0.94
7560,0.91
7561,0.94
7562,0.99
7563,0.97
7564,0.94
7565,0.99
7566,0.94
7567,0.99
7568,0.99
7569,1
7570,0.97
7571,0.88
7572,1
7573,0.95
7574,0.85
7575,1
7576,0.97
7577,1
7578,0.99
7579,1
7580,0.78
7581,0.89
7582,1
7583,1
7584,0.67
7585,0.95
7586,0.94
7587,0.96
7588,1
7589,0.99
7590,1
7591,0.92
7592,0.89
7593,0.96
7594,1
7595,0.87
7596,0.95
7597,0.96
7598,1
7599,1
7600,0.97
7601,0.97
7602,0.98
7603,0.83
7604,1
7605,1
7606,0.95
7607,0.88
7608,1
7609,0.97
7610,0.97
7611,0.86
7612,0.98
7613,0.96
7614,1
7615,1
7616,1
7617,0.87
7618,0.95
7619,0.62
7620,0.84
7621,0.94
7622,0.98
7623,1
7624,0.97
7625,1
7626,0.93
7627,0.98
7628,0.99
7629,0.97
7630,0.99
7631,0.91
7632,0.95
7633,1
7634,1
7635,0.98
7636,0.74
7637,1
7638,0.9
7639,0.9
7640,1
7641,1
7642,1
7643,0.81
7644,0.93
7645,0.99
7646,1
7647,1
7648,1
7649,0.92
7650,1
7651,0.98
7652,0.97
7653,1
7654,0.96
7655,0.96
7656,0.87
7657,0.98
7658,0.76
7659,0.9
7660,0.97
7661,1
7662,0.62
7663,0.9
7664,0.93
7665,0.98
7666,0.99
7667,0.98
7668,1
7669,0.9
7670,0.9
7671,1
7672,0.95
7673,0.99
7674,0.99
7675,0.94
7676,0.97
7677,1
7678,0.99
7679,0.98
7680,0.9
7681,0.87
7682,0.96
7683,1
7684,1
7685,0.98
7686,0.86
7687,1
7688,0.95
7689,0.94
7690,0.98
7691,0.95
7692,1
7693,0.99
7694,1
7695,1
7696,1
7697,1
7698,0.95
7699,0.93
7700,1
7701,0.87
7702,0.97
7703,0.92
7704,0.97
7705,0.99
7706,1
7707,0.94
7708,0.94
7709,1
7710,1
7711,0.97
7712,0.98
7713,0.97
7714,1
7715,0.97
7716,1
7717,0.97
7718,0.94
7719,0.99
7720,0.94
7721,0.97
7722,0.99
7723,0.98
7724,1
7725,0.94
7726,1
7727,0.96
7728,1
7729,0.97
7730,1
7731,1
7732,1
7733,0.99
7734,1
7735,0.79
7736,0.98
7737,0.9
7738,0.95
7739,0.99
7740,1
7741,0.97
7742,1
7743,0.96
7744,0.98
7745,0.99
7746,0.87
7747,0.97
7748,1
7749,1
7750,0.99
7751,0.9
7752,0.99
7753,1
7754,0.98
7755,1
7756,0.89
7757,0.96
7758,0.99
7759,0.93
7760,1
7761,1
7762,0.9
7763,1
7764,1
7765,0.99
7766,1
7767,1
7768,0.92
7769,0.94
7770,0.95
7771,0.73
7772,0.9
7773,0.97
7774,0.89
7775,0.96
7776,1
7777,0.93
7778,0.94
7779,0.95
7780,1
7781,0.93
7782,0.95
7783,0.9
7784,1
7785,0.99
7786,1
7787,1
7788,0.81
7789,1
7790,0.92
7791,0.82
7792,0.94
7793,0.95
7794,1
7795,0.6
7796,1
7797,0.99
7798,1
7799,0.98
7800,0.84
7801,0.98
7802,0.97
7803,0.97
7804,0.96
7805,0.96
7806,0.69
7807,1
7808,0.88
7809,0.99
7810,1
7811,1
7812,1
7813,0.98
7814,1
7815,1
7816,1
7817,0.99
7818,1
7819,0.98
7820,1
7821,0.88
7822,0.97
7823,1
7824,0.9
7825,1
7826,1
7827,0.92
7828,1
7829,0.97
7830,0.95
7831,0.99
7832,0.8
7833,1
7834,0.95
7835,0.97
7836,1
7837,1
7838,0.85
7839,1
7840,0.86
7841,0.88
7842,1
7843,0.97
7844,1
7845,1
7846,0.92
7847,0.94
7848,0.75
7849,1
7850,0.97
7851,1
7852,0.99
7853,0.99
7854,0.87
7855,1
7856,1
7857,0.63
7858,1
7859,0.99
7860,1
7861,0.96
7862,0.8
7863,1
7864,0.97
7865,1
7866,0.98
7867,1
7868,1
7869,1
7870,1
7871,1
7872,0.98
7873,0.92
7874,0.98
7875,0.95
7876,1
7877,1
7878,0.93
7879,0.95
7880,0.97
7881,0.95
7882,0.76
7883,1
7884,0.98
7885,1
7886,0.96
7887,0.9
7888,0.83
7889,1
7890,1
7891,0.99
7892,0.97
7893,1
7894,0.87
7895,1
7896,0.99
7897,1
7898,0.92
7899,0.93
7900,0.96
7901,1
7902,0.81
7903,1
7904,1
7905,1
7906,0.93
7907,0.97
7908,0.9
7909,1
7910,0.91
7911,1
7912,0.99
7913,0.97
7914,0.84
7915,0.93
7916,1
7917,1
7918,0.92
7919,0.91
7920,0.95
7921,1
7922,0.99
7923,0.81
7924,1
7925,0.88
7926,0.95
7927,0.98
7928,0.98
7929,1
7930,0.79
7931,0.98
7932,1
7933,0.98
7934,1
7935,1
7936,0.87
7937,0.97
7938,1
7939,1
7940,0.99
7941,0.77
7942,0.83
7943,0.99
7944,1
7945,0.83
7946,0.94
7947,0.62
7948,0.84
7949,1
7950,1
7951,0.95
7952,1
7953,0.64
7954,0.97
7955,0.94
7956,0.96
7957,0.93
7958,1
7959,0.97
7960,0.89
7961,0.96
7962,0.99
7963,0.93
7964,0.92
7965,0.96
7966,1
7967,0.94
7968,1
7969,0.99
7970,0.79
7971,0.9
7972,0.82
7973,0.92
7974,0.9
7975,0.99
7976,0.99
7977,0.97
7978,0.9
7979,1
7980,0.97
7981,0.99
7982,1
7983,1
7984,0.93
7985,0.99
7986,1
7987,0.88
7988,1
7989,0.99
7990,0.93
7991,0.96
7992,0.98
7993,0.9
7994,0.95
7995,0.96
7996,1
7997,1
7998,0.91
7999,0.98
8000,0.67
8001,0.99
8002,1
8003,0.99
8004,0.79
8005,0.99
8006,1
8007,0.95
8008,0.93
8009,0.9
8010,0.97
8011,0.91
8012,0.99
8013,1
8014,0.98
8015,0.95
8016,0.88
8017,0.94
8018,1
8019,0.93
8020,0.99
8021,0.99
8022,1
8023,0.99
8024,0.93
8025,0.99
8026,1
8027,0.95
8028,1
8029,1
8030,1
8031,0.92
8032,1
8033,0.93
8034,1
8035,0.93
8036,1
8037,1
8038,0.97
8039,0.91
8040,0.9
8041,0.94
8042,1
8043,1
8044,0.94
8045,0.97
8046,0.99
8047,0.96
8048,0.89
8049,0.91
8050,1
8051,0.97
8052,0.99
8053,1
8054,0.97
8055,0.96
8056,1
8057,0.86
8058,0.99
8059,1
8060,0.91
8061,0.99
8062,0.93
8063,0.97
8064,1
8065,0.99
8066,0.97
8067,0.98
8068,0.99
8069,0.93
8070,0.98
8071,0.99
8072,0.99
8073,1
8074,0.95
8075,0.82
8076,0.93
8077,0.98
8078,0.95
8079,1
8080,0.92
8081,0.99
8082,1
8083,1
8084,0.98
8085,1
8086,1
8087,0.97
8088,0.97
8089,0.88
8090,1
8091,0.99
8092,0.91
8093,0.96
8094,0.96
8095,0.98
8096,0.98
8097,0.96
8098,0.99
8099,1
8100,0.99
8101,0.99
8102,0.97
8103,1
8104,0.93
8105,1
8106,1
8107,0.91
8108,0.94
8109,0.9
8110,0.86
8111,0.98
8112,1
8113,1
8114,0.96
8115,1
8116,0.8
8117,1
8118,1
8119,1
8120,1
8121,0.89
8122,0.99
8123,0.88
8124,0.98
8125,1
8126,0.95
8127,1
8128,1
8129,0.98
8130,1
8131,1
8132,0.98
8133,0.99
8134,0.83
8135,0.9
8136,1
8137,0.93
8138,1
8139,0.9
8140,0.97
8141,0.76
8142,1
8143,1
8144,0.99
8145,0.97
8146,1
8147,0.92
8148,0.97
8149,0.85
8150,1
8151,0.92
8152,0.81
8153,0.99
8154,0.89
8155,0.97
8156,0.98
8157,0.85
8158,0.99
8159,1
8160,0.96
8161,0.98
8162,0.95
8163,0.97
8164,0.89
8165,1
8166,0.98
8167,0.95
8168,1
8169,0.95
8170,1
8171,0.94
8172,1
8173,1
8174,0.99
8175,0.92
8176,0.72
8177,0.83
8178,0.98
8179,0.99
8180,1
8181,1
8182,0.99
8183,0.81
8184,1
8185,0.92
8186,1
8187,0.96
8188,0.93
8189,1
8190,1
8191,1
8192,0.99
8193,0.82
8194,0.71
8195,0.98
8196,1
8197,1
8198,0.99
8199,0.99
8200,0.88
8201,1
8202,0.87
8203,1
8204,0.91
8205,0.99
8206,1
8207,0.81
8208,1
8209,0.87
8210,0.94
8211,0.87
8212,0.98
8213,0.93
8214,1
8215,0.98
8216,0.8
8217,0.9
8218,0.82
8219,1
8220,1
8221,0.76
8222,0.99
8223,0.93
8224,0.97
8225,1
8226,0.99
8227,1
8228,0.85
8229,0.97
8230,1
8231,1
8232,0.99
8233,0.97
8234,0.68
8235,1
8236,0.99
8237,0.85
8238,0.97
8239,0.79
8240,0.96
8241,0.95
8242,1
8243,1
8244,0.91
8245,0.96
8246,0.98
8247,0.92
8248,1
8249,0.88
8250,0.99
8251,0.99
8252,0.91
8253,1
8254,0.94
8255,0.94
8256,0.95
8257,0.86
8258,1
8259,0.88
8260,0.99
8261,1
8262,1
8263,1
8264,0.96
8265,0.96
8266,0.82
8267,0.95
8268,0.95
8269,0.81
8270,0.78
8271,0.98
8272,0.96
8273,0.98
8274,1
8275,0.99
8276,0.91
8277,1
8278,0.78
8279,0.95
8280,1
8281,0.88
8282,0.94
8283,0.95
8284,1
8285,0.92
8286,1
8287,1
8288,0.96
8289,1
8290,0.95
8291,0.92
8292,0.88
8293,0.97
8294,0.94
8295,0.99
8296,0.98
8297,0.98
8298,0.88
8299,1
8300,0.99
8301,0.97
8302,0.92
8303,0.9
8304,0.98
8305,0.98
8306,0.96
8307,0.94
8308,0.93
8309,1
8310,1
8311,0.99
8312,0.91
8313,0.87
8314,0.96
8315,1
8316,0.99
8317,0.99
8318,0.98
8319,0.74
8320,0.98
8321,0.87
8322,1
8323,1
8324,0.93
8325,0.9
8326,0.96
8327,0.99
8328,0.97
8329,0.99
8330,1
8331,0.97
8332,0.79
8333,0.89
8334,1
8335,0.78
8336,0.98
8337,1
8338,1
8339,1
8340,1
8341,0.97
8342,0.96
8343,0.98
8344,0.99
8345,0.85
8346,0.73
8347,0.98
8348,0.96
8349,0.99
8350,0.94
8351,0.91
8352,0.98
8353,1
8354,0.98
8355,1
8356,0.89
8357,0.91
8358,0.91
8359,1
8360,0.84
8361,1
8362,0.97
8363,0.98
8364,0.87
8365,0.66
8366,0.99
8367,1
8368,0.97
8369,1
8370,0.96
8371,0.71
8372,0.98
8373,1
8374,1
8375,0.84
8376,0.99
8377,0.99
8378,0.99
8379,0.94
8380,0.93
8381,0.97
8382,0.94
8383,0.99
8384,0.96
8385,0.97
8386,0.93
8387,1
8388,0.99
8389,0.98
8390,0.75
8391,0.97
8392,1
8393,1
8394,0.93
8395,1
8396,1
8397,0.84
8398,0.97
8399,0.93
8400,1
8401,0.99
8402,1
8403,1
8404,1
8405,0.94
8406,0.95
8407,1
8408,0.98
8409,1
8410,0.58
8411,0.99
8412,0.87
8413,0.99
8414,1
8415,0.96
8416,0.97
8417,1
8418,0.95
8419,0.96
8420,0.99
8421,0.97
8422,0.91
8423,0.88
8424,0.96
8425,1
8426,0.95
8427,1
8428,0.97
8429,1
8430,0.99
8431,0.99
8432,0.98
8433,0.91
8434,0.99
8435,0.82
8436,0.98
8437,0.67
8438,0.91
8439,1
8440,1
8441,0.99
8442,0.95
8443,1
8444,1
8445,1
8446,0.97
8447,0.96
8448,0.83
8449,0.99
8450,0.85
8451,0.63
8452,0.96
8453,1
8454,0.96
8455,0.98
8456,0.82
8457,1
8458,0.97
8459,0.97
8460,1
8461,0.98
8462,0.95
8463,1
8464,1
8465,0.9
8466,0.96
8467,0.99
8468,0.98
8469,0.8
8470,0.87
8471,1
8472,0.98
8473,0.97
8474,0.98
8475,0.99
8476,0.99
8477,0.97
8478,1
8479,0.92
8480,0.93
8481,0.89
8482,0.98
8483,0.97
8484,0.96
8485,0.98
8486,0.95
8487,0.98
8488,1
8489,0.89
8490,0.78
8491,1
8492,0.98
8493,0.99
8494,0.96
8495,0.83
8496,1
8497,0.96
8498,1
8499,1
8500,0.99
8501,1
8502,0.71
8503,0.94
8504,0.98
8505,0.95
8506,1
8507,0.99
8508,1
8509,1
8510,0.75
8511,0.97
8512,0.99
8513,0.82
8514,0.93
8515,1
8516,0.96
8517,0.6
8518,0.98
8519,0.99
8520,0.99
8521,1
8522,0.97
8523,0.98
8524,1
8525,0.98
8526,0.93
8527,0.76
8528,0.98
8529,0.79
8530,0.98
8531,1
8532,0.96
8533,1
8534,0.92
8535,0.99
8536,0.98
8537,0.99
8538,0.84
8539,0.96
8540,0.95
8541,1
8542,1
8543,0.99
8544,0.97
8545,0.96
8546,0.87
8547,0.94
8548,1
8549,1
8550,0.99
8551,0.97
8552,0.99
8553,0.93
8554,1
8555,0.97
8556,1
8557,1
8558,1
8559,1
8560,0.95
8561,0.96
8562,0.98
8563,0.95
8564,0.86
8565,1
8566,1
8567,0.84
8568,1
8569,0.99
8570,0.97
8571,0.95
8572,0.93
8573,0.91
8574,0.8
8575,1
8576,1
8577,0.94
8578,1
8579,0.99
8580,0.96
8581,0.89
8582,1
8583,0.82
8584,0.98
8585,0.98
8586,1
8587,1
8588,0.99
8589,0.98
8590,0.98
8591,1
8592,0.97
8593,0.98
8594,0.99
8595,1
8596,1
8597,0.96
8598,1
8599,1
8600,1
8601,0.78
8602,0.97
8603,0.94
8604,0.93
8605,0.92
8606,0.98
8607,0.93
8608,0.99
8609,0.84
8610,0.97
8611,0.97
8612,0.93
8613,0.84
8614,0.95
8615,0.99
8616,0.92
8617,0.98
8618,0.99
8619,1
8620,0.98
8621,1
8622,0.99
8623,1
8624,0.99
8625,1
8626,0.99
8627,1
8628,1
8629,0.97
8630,1
8631,0.99
8632,0.98
8633,0.84
8634,0.95
8635,0.97
8636,1
8637,0.88
8638,1
8639,1
8640,1
8641,0.96
8642,1
8643,0.99
8644,0.94
8645,0.94
8646,1
8647,0.97
8648,0.98
8649,0.99
8650,0.95
8651,0.95
8652,0.97
8653,0.9
8654,1
8655,0.96
8656,0.99
8657,0.98
8658,0.96
8659,0.78
8660,0.99
8661,0.95
8662,0.94
8663,0.96
8664,0.95
8665,0.86
8666,0.86
8667,0.88
8668,1
8669,1
8670,1
8671,0.96
8672,0.94
8673,0.99
8674,0.98
8675,0.79
8676,0.98
8677,0.97
8678,0.81
8679,0.79
8680,0.96
8681,0.88
8682,0.99
8683,0.86
8684,0.98
8685,1
8686,1
8687,1
8688,0.82
8689,0.83
8690,0.99
8691,1
8692,0.95
8693,1
8694,0.93
8695,0.92
8696,0.77
8697,1
8698,0.94
8699,1
8700,0.98
8701,0.93
8702,0.99
8703,1
8704,0.99
8705,1
8706,0.82
8707,0.98
8708,0.98
8709,1
8710,1
8711,0.99
8712,1
8713,0.78
8714,0.91
8715,0.88
8716,1
8717,1
8718,0.83
8719,0.98
8720,1
8721,1
8722,0.99
8723,0.98
8724,1
8725,0.97
8726,1
8727,0.92
8728,0.82
8729,0.97
8730,0.99
8731,1
8732,1
8733,0.92
8734,0.79
8735,1
8736,1
8737,0.97
8738,0.99
8739,1
8740,0.74
8741,0.71
8742,0.97
8743,0.86
8744,0.97
8745,0.98
8746,0.99
8747,1
8748,1
8749,0.99
8750,0.99
8751,1
8752,1
8753,1
8754,0.99
8755,1
8756,0.95
8757,0.93
8758,0.96
8759,0.99
8760,1
8761,0.97
8762,1
8763,1
8764,1
8765,0.95
8766,0.99
8767,0.98
8768,1
8769,0.96
8770,0.83
8771,1
8772,1
8773,1
8774,1
8775,1
8776,0.91
8777,0.85
8778,0.89
8779,0.93
8780,0.99
8781,0.88
8782,0.98
8783,1
8784,0.98
8785,0.99
8786,1
8787,1
8788,0.98
8789,1
8790,0.96
8791,0.99
8792,1
8793,0.96
8794,0.95
8795,1
8796,1
8797,0.99
8798,0.75
8799,0.86
8800,0.91
8801,0.99
8802,0.96
8803,0.96
8804,0.98
8805,0.98
8806,0.97
8807,0.92
8808,0.97
8809,1
8810,0.99
8811,0.99
8812,0.97
8813,0.85
8814,0.86
8815,0.94
8816,1
8817,0.75
8818,1
8819,1
8820,0.96
8821,1
8822,1
8823,0.97
8824,0.99
8825,1
8826,0.68
8827,0.98
8828,0.96
8829,0.91
8830,0.96
8831,0.9
8832,0.98
8833,0.95
8834,1
8835,0.91
8836,0.95
8837,1
8838,1
8839,1
8840,0.93
8841,0.93
8842,1
8843,1
8844,0.97
8845,0.95
8846,0.98
8847,0.9
8848,1
8849,0.96
8850,0.99
8851,1
8852,1
8853,0.98
8854,0.99
8855,0.51
8856,0.83
8857,0.69
8858,0.74
8859,0.97
8860,0.95
8861,0.96
8862,1
8863,0.98
8864,1
8865,0.97
8866,0.99
8867,1
8868,1
8869,1
8870,0.94
8871,0.94
8872,0.87
8873,0.94
8874,0.99
8875,0.97
8876,1
8877,0.92
8878,0.98
8879,1
8880,0.94
8881,0.99
8882,1
8883,0.99
8884,0.93
8885,0.95
8886,0.96
8887,0.91
8888,1
8889,1
8890,0.96
8891,0.95
8892,0.99
8893,0.89
8894,0.96
8895,0.88
8896,0.99
8897,1
8898,1
8899,0.8
8900,0.87
8901,1
8902,1
8903,0.99
8904,0.98
8905,0.84
8906,1
8907,1
8908,0.88
8909,0.98
8910,1
8911,1
8912,1
8913,1
8914,0.98
8915,0.89
8916,0.99
8917,0.95
8918,0.87
8919,1
8920,0.97
8921,0.99
8922,0.82
8923,0.97
8924,0.88
8925,0.9
8926,0.96
8927,0.92
8928,1
8929,1
8930,1
8931,1
8932,0.92
8933,0.96
8934,0.99
8935,0.98
8936,0.87
8937,0.93
8938,0.94
8939,0.97
8940,0.89
8941,0.76
8942,0.99
8943,0.95
8944,0.96
8945,0.95
8946,1
8947,0.98
8948,1
8949,0.97
8950,0.96
8951,0.99
8952,0.99
8953,0.91
8954,0.96
8955,0.69
8956,0.98
8957,0.98
8958,0.93
8959,0.97
8960,1
8961,0.83
8962,0.85
8963,0.97
8964,0.94
8965,0.92
8966,0.99
8967,0.99
8968,1
8969,0.99
8970,1
8971,0.99
8972,1
8973,1
8974,0.97
8975,0.95
8976,0.98
8977,0.94
8978,1
8979,0.99
8980,0.98
8981,1
8982,0.89
8983,1
8984,0.92
8985,0.95
8986,0.94
8987,0.85
8988,0.98
8989,0.97
8990,0.94
8991,0.94
8992,0.61
8993,1
8994,1
8995,1
8996,1
8997,1
8998,1
8999,0.99
9000,0.99
9001,0.96
9002,0.99
9003,0.95
9004,0.96
9005,0.99
9006,0.88
9007,0.96
9008,0.99
9009,0.93
9010,0.99
9011,0.99
9012,0.98
9013,0.9
9014,1
9015,1
9016,0.97
9017,0.92
9018,1
9019,0.96
9020,0.89
9021,0.99
9022,0.95
9023,0.93
9024,0.99
9025,0.95
9026,0.92
9027,0.99
9028,0.89
9029,0.94
9030,0.98
9031,0.85
9032,0.92
9033,0.88
9034,0.99
9035,1
9036,0.99
9037,0.97
9038,0.77
9039,0.97
9040,0.91
9041,1
9042,0.99
9043,0.61
9044,0.89
9045,0.85
9046,1
9047,0.7
9048,0.83
9049,0.79
9050,0.97
9051,0.99
9052,1
9053,0.89
9054,0.99
9055,1
9056,1
9057,0.95
9058,0.98
9059,1
9060,0.99
9061,0.87
9062,0.91
9063,0.91
9064,1
9065,0.99
9066,0.97
9067,0.99
9068,0.91
9069,0.95
9070,0.98
9071,1
9072,0.81
9073,0.87
9074,0.98
9075,0.99
9076,0.75
9077,1
9078,0.98
9079,1
9080,1
9081,1
9082,0.82
9083,0.99
9084,0.98
9085,1
9086,0.92
9087,0.9
9088,0.85
9089,1
9090,0.82
9091,0.97
9092,0.9
9093,0.98
9094,0.83
9095,0.98
9096,0.93
9097,0.97
9098,0.99
9099,0.94
9100,0.9
9101,0.98
9102,1
9103,0.98
9104,0.78
9105,0.62
9106,0.87
9107,0.91
9108,1
9109,0.98
9110,1
9111,0.99
9112,1
9113,1
9114,0.92
9115,0.92
9116,1
9117,0.97
9118,1
9119,0.94
9120,0.97
9121,0.99
9122,0.95
9123,0.98
9124,1
9125,0.89
9126,0.88
9127,0.97
9128,1
9129,0.98
9130,1
9131,0.93
9132,1
9133,1
9134,1
9135,0.98
9136,0.98
9137,1
9138,0.79
9139,0.98
9140,1
9141,0.88
9142,0.76
9143,0.98
9144,1
9145,0.94
9146,0.97
9147,0.68
9148,0.89
9149,1
9150,0.93
9151,0.98
9152,1
9153,0.95
9154,0.98
9155,0.99
9156,0.99
9157,0.97
9158,0.99
9159,1
9160,1
9161,0.93
9162,1
9163,0.9
9164,0.95
9165,1
9166,0.86
9167,1
9168,0.95
9169,1
9170,0.96
9171,1
9172,1
9173,0.81
9174,0.99
9175,0.98
9176,0.99
9177,1
9178,0.91
9179,1
9180,0.91
9181,0.79
9182,0.99
9183,0.83
9184,0.99
9185,0.94
9186,1
9187,0.83
9188,1
9189,0.99
9190,1
9191,1
9192,0.99
9193,0.93
9194,1
9195,0.93
9196,0.98
9197,1
9198,0.98
9199,0.99
9200,0.94
9201,1
9202,1
9203,1
9204,0.97
9205,0.71
9206,0.89
9207,0.95
9208,0.99
9209,1
9210,1
9211,1
9212,0.98
9213,0.97
9214,0.97
9215,1
9216,0.99
9217,1
9218,0.88
9219,0.85
9220,0.95
9221,0.87
9222,1
9223,1
9224,0.96
9225,0.76
9226,0.98
9227,1
9228,0.4
9229,0.97
9230,0.99
9231,0.91
9232,1
9233,1
9234,1
9235,0.85
9236,0.97
9237,1
9238,1
9239,1
9240,0.87
9241,0.92
9242,1
9243,1
9244,0.98
9245,0.99
9246,0.99
9247,1
9248,1
9249,1
9250,0.99
9251,0.97
9252,1
9253,1
9254,0.98
9255,0.93
9256,0.9
9257,0.99
9258,0.82
9259,0.97
9260,0.69
9261,0.91
9262,0.94
9263,1
9264,1
9265,1
9266,0.91
9267,0.72
9268,1
9269,0.99
9270,1
9271,0.85
9272,1
9273,1
9274,0.87
9275,0.8
9276,0.88
9277,0.99
9278,1
9279,0.93
9280,0.96
9281,0.76
9282,1
9283,0.97
9284,1
9285,1
9286,1
9287,0.98
9288,0.95
9289,1
9290,1
9291,0.95
9292,1
9293,0.99
9294,1
9295,0.99
9296,0.97
9297,0.93
9298,0.97
9299,0.85
9300,0.92
9301,1
9302,1
9303,0.95
9304,0.93
9305,0.98
9306,0.93
9307,1
9308,1
9309,0.95
9310,0.99
9311,1
9312,0.96
9313,0.98
9314,0.99
9315,1
9316,0.94
9317,0.96
9318,1
9319,0.96
9320,0.97
9321,1
9322,1
9323,1
9324,0.93
9325,0.98
9326,0.99
9327,0.99
9328,0.96
9329,1
9330,0.94
9331,1
9332,0.99
9333,1
9334,1
9335,0.95
9336,0.98
9337,0.95
9338,0.99
9339,1
9340,1
9341,0.98
9342,0.97
9343,0.98
9344,0.95
9345,0.88
9346,0.97
9347,1
9348,1
9349,1
9350,0.65
9351,0.95
9352,1
9353,0.98
9354,1
9355,1
9356,0.98
9357,0.98
9358,0.96
9359,1
9360,0.93
9361,0.99
9362,1
9363,0.98
9364,0.96
9365,0.93
9366,0.98
9367,0.85
9368,0.94
9369,0.96
9370,0.96
9371,1
9372,0.96
9373,0.98
9374,0.99
9375,0.97
9376,0.99
9377,0.93
9378,1
9379,1
9380,1
9381,1
9382,0.97
9383,0.91
9384,1
9385,0.92
9386,0.97
9387,0.95
9388,1
9389,1
9390,0.67
9391,1
9392,0.98
9393,1
9394,0.99
9395,0.99
9396,0.94
9397,1
9398,0.97
9399,1
9400,0.77
9401,0.75
9402,1
9403,1
9404,1
9405,1
9406,0.98
9407,1
9408,0.99
9409,0.97
9410,0.89
9411,0.95
9412,0.97
9413,0.98
9414,1
9415,0.99
9416,0.99
9417,0.99
9418,1
9419,0.99
9420,0.94
9421,0.92
9422,1
9423,0.61
9424,1
9425,0.96
9426,1
9427,0.96
9428,1
9429,0.98
9430,0.9
9431,0.75
9432,0.91
9433,0.97
9434,1
9435,0.99
9436,0.98
9437,1
9438,0.91
9439,1
9440,1
9441,0.74
9442,0.94
9443,0.93
9444,0.97
9445,0.94
9446,0.89
9447,0.94
9448,0.99
9449,1
9450,0.9
9451,0.98
9452,0.98
9453,1
9454,0.98
9455,1
9456,1
9457,0.96
9458,0.99
9459,0.97
9460,0.99
9461,1
9462,0.93
9463,0.99
9464,0.99
9465,0.95
9466,0.96
9467,0.95
9468,0.87
9469,1
9470,0.85
9471,0.7
9472,0.99
9473,0.98
9474,0.85
9475,0.98
9476,0.93
9477,0.93
9478,1
9479,0.99
9480,1
9481,0.98
9482,0.97
9483,0.99
9484,0.99
9485,1
9486,0.97
9487,0.94
9488,1
9489,1
9490,0.65
9491,0.94
9492,0.99
9493,0.89
9494,0.9
9495,0.99
9496,0.9
9497,1
9498,0.97
9499,1
9500,0.47
9501,0.96
9502,1
9503,0.97
9504,1
9505,1
9506,0.98
9507,1
9508,0.93
9509,1
9510,0.76
9511,0.93
9512,0.96
9513,0.98
9514,1
9515,0.96
9516,1
9517,1
9518,0.92
9519,0.82
9520,0.99
9521,0.99
9522,0.96
9523,0.95
9524,0.82
9525,0.91
9526,0.89
9527,0.77
9528,1
9529,0.97
9530,0.91
9531,0.88
9532,0.99
9533,0.98
9534,0.95
9535,0.97
9536,1
9537,1
9538,1
9539,1
9540,0.98
9541,0.99
9542,1
9543,1
9544,0.93
9545,0.82
9546,0.94
9547,1
9548,1
9549,0.98
9550,0.98
9551,0.97
9552,0.94
9553,0.98
9554,0.89
9555,0.83
9556,1
9557,0.98
9558,1
9559,0.8
9560,0.85
9561,0.97
9562,0.96
9563,0.95
9564,0.95
9565,0.73
9566,0.98
9567,0.99
9568,1
9569,0.99
9570,0.93
9571,1
9572,0.93
9573,0.96
9574,0.97
9575,0.93
9576,0.99
9577,0.93
9578,0.99
9579,1
9580,1
9581,1
9582,0.96
9583,0.84
9584,0.99
9585,0.93
9586,0.99
9587,0.96
9588,0.78
9589,1
9590,0.89
9591,0.96
9592,0.99
9593,0.96
9594,0.72
9595,0.89
9596,1
9597,1
9598,1
9599,1
9600,0.94
9601,1
9602,0.99
9603,1
9604,1
9605,1
9606,0.95
9607,0.99
9608,1
9609,1
9610,0.99
9611,0.98
9612,0.99
9613,0.99
9614,0.91
9615,0.96
9616,1
9617,1
9618,1
9619,0.77
9620,0.94
9621,0.86
9622,1
9623,0.98
9624,1
9625,1
9626,1
9627,0.98
9628,0.98
9629,0.94
9630,0.91
9631,0.93
9632,0.92
9633,0.96
9634,1
9635,1
9636,1
9637,1
9638,0.97
9639,0.95
9640,0.96
9641,0.99
9642,1
9643,0.99
9644,0.96
9645,0.86
9646,0.99
9647,1
9648,0.98
9649,0.96
9650,0.9
9651,0.98
9652,0.98
9653,0.99
9654,0.97
9655,0.99
9656,1
9657,0.99
9658,1
9659,0.99
9660,0.91
9661,0.91
9662,0.99
9663,0.95
9664,1
9665,0.97
9666,0.95
9667,1
9668,0.98
9669,1
9670,1
9671,0.99
9672,0.95
9673,0.97
9674,0.93
9675,1
9676,0.89
9677,1
9678,0.94
9679,0.95
9680,0.74
9681,0.96
9682,0.99
9683,0.88
9684,0.88
9685,0.99
9686,1
9687,0.97
9688,1
9689,1
9690,1
9691,0.98
9692,0.7
9693,0.85
9694,1
9695,0.96
9696,0.99
9697,0.99
9698,0.86
9699,1
9700,1
9701,0.99
9702,1
9703,1
9704,0.96
9705,1
9706,0.83
9707,0.99
9708,0.97
9709,1
9710,1
9711,0.69
9712,0.98
9713,0.99
9714,0.91
9715,0.94
9716,0.92
9717,0.64
9718,0.99
9719,1
9720,1
9721,0.96
9722,1
9723,1
9724,0.81
9725,0.91
9726,0.95
9727,1
9728,0.98
9729,0.98
9730,1
9731,0.94
9732,0.98
9733,1
9734,0.99
9735,1
9736,0.98
9737,1
9738,1
9739,0.98
9740,0.99
9741,0.95
9742,1
9743,0.87
9744,0.98
9745,0.7
9746,1
9747,0.98
9748,1
9749,0.92
9750,1
9751,1
9752,0.95
9753,1
9754,0.89
9755,0.96
9756,0.9
9757,0.77
9758,0.92
9759,1
9760,1
9761,1
9762,1
9763,0.99
9764,0.98
9765,0.99
9766,1
9767,0.93
9768,1
9769,1
9770,0.96
9771,1
9772,0.97
9773,0.96
9774,0.93
9775,0.85
9776,0.77
9777,1
9778,0.99
9779,0.73
9780,1
9781,0.97
9782,0.99
9783,0.98
9784,0.63
9785,0.96
9786,0.88
9787,0.99
9788,0.97
9789,0.92
9790,0.75
9791,0.94
9792,0.98
9793,1
9794,0.97
9795,0.92
9796,0.76
9797,0.99
9798,1
9799,0.89
9800,0.98
9801,0.99
9802,0.99
9803,1
9804,1
9805,0.93
9806,1
9807,0.62
9808,0.96
9809,0.93
9810,0.93
9811,0.95
9812,1
9813,1
9814,0.99
9815,1
9816,0.93
9817,0.96
9818,0.99
9819,0.92
9820,0.98
9821,0.86
9822,0.91
9823,1
9824,0.99
9825,1
9826,1
9827,0.88
9828,0.91
9829,0.96
9830,0.93
9831,1
9832,0.97
9833,0.66
9834,0.95
9835,0.99
9836,1
9837,0.66
9838,0.94
9839,0.98
9840,0.99
9841,0.92
9842,0.96
9843,0.86
9844,0.95
9845,0.97
9846,0.82
9847,0.87
9848,0.96
9849,0.98
9850,0.77
9851,0.95
9852,0.99
9853,0.9
9854,1
9855,0.95
9856,0.96
9857,0.99
9858,0.86
9859,0.91
9860,0.91
9861,0.96
9862,0.93
9863,0.97
9864,0.97
9865,0.87
9866,1
9867,1
9868,0.99
9869,1
9870,1
9871,1
9872,0.99
9873,0.95
9874,0.82
9875,0.96
9876,0.96
9877,1
9878,1
9879,0.98
9880,1
9881,0.98
9882,0.8
9883,1
9884,0.88
9885,1
9886,1
9887,0.92
9888,0.98
9889,0.98
9890,0.99
9891,0.98
9892,0.97
9893,0.93
9894,0.92
9895,1
9896,0.94
9897,1
9898,1
9899,0.91
9900,0.98
9901,1
9902,0.98
9903,1
9904,0.99
9905,0.98
9906,0.81
9907,0.98
9908,0.88
9909,0.94
9910,1
9911,0.93
9912,0.93
9913,1
9914,0.78
9915,0.99
9916,0.91
9917,0.98
9918,0.92
9919,1
9920,0.94
9921,1
9922,0.85
9923,1
9924,0.98
9925,1
9926,0.98
9927,0.95
9928,0.99
9929,0.99
9930,0.97
9931,0.77
9932,1
9933,0.98
9934,0.97
9935,0.97
9936,0.88
9937,1
9938,1
9939,1
9940,0.95
9941,1
9942,0.68
9943,0.98
9944,0.96
9945,0.99
9946,0.87
9947,1
9948,1
9949,0.91
9950,0.9
9951,0.95
9952,0.98
9953,1
9954,0.95
9955,0.88
9956,0.89
9957,0.85
9958,0.87
9959,0.89
9960,0.98
9961,0.94
9962,0.87
9963,1
9964,0.87
9965,1
9966,0.93
9967,1
9968,0.82
9969,0.95
9970,0.99
9971,0.99
9972,1
9973,0.82
9974,0.94
9975,0.85
9976,1
9977,1
9978,0.97
9979,0.91
9980,1
9981,0.96
9982,1
9983,0.94
9984,0.98
9985,1
9986,0.87
9987,0.99
9988,0.96
9989,0.99
9990,0.86
9991,1
9992,1
9993,1
9994,0.99
9995,1
9996,1
9997,0.99
9998,0.97
9999,0.99
