query_idx,M,M_R,ef_assigned,actual_recall
1730,1.08915,0.101066,2925,0.8
3464,0.959207,0.117038,662,0.9
662,0.853046,0.145214,287,0.9
6236,1.0689,0.0700923,1575,1
9488,0.880026,0.155527,300,0.9
2113,0.727841,0.351822,50,1
457,0.704974,0.215391,67,0
2411,0.724973,0.211751,67,1
3127,0.376753,0.444891,50,1
758,0.924171,0.142387,550,1
3863,0.468073,0.374849,50,1
7848,1.12434,0.135103,1155,0.9
1537,0.926403,0.0774454,2430,1
8819,0.322595,0.385382,50,1
3537,1.00198,0.10161,1950,0.9
2606,0.742414,0.257052,100,1
7810,1.0486,0.123244,992,0.9
8934,0.384446,0.449281,50,1
5896,0.897231,0.197249,275,1
6485,0.466239,0.218721,95,0.9
2463,0.751984,0.227285,102,0.9
9611,0.411699,0.49114,50,1
8876,0.958246,0.145784,1210,1
4629,1.06651,0.0981392,1350,1
5430,0.692546,0.347685,50,1
1327,0.845369,0.132144,640,1
3742,0.488622,0.418012,50,1
409,0.94516,0.0988127,662,0.8
3272,0.334429,0.546262,50,1
1207,1.17193,0.081549,2660,0.9
9981,0.424683,0.301598,50,1
8017,0.524641,0.304188,50,0.8
6689,0.671987,0.271807,100,0.9
26,0.608965,0.274207,57,1
9529,0.894429,0.127759,700,0.9
4768,0.324472,0.503856,50,1
7856,0.95207,0.13121,520,0.8
3287,0.891294,0.119041,530,0.8
2192,0.724217,0.282689,100,1
7713,0.70235,0.251844,50,0.9
7057,0.629541,0.22841,50,0.9
3714,0.730658,0.252005,50,0.7
9552,0.930232,0.160531,175,1
1544,0.742727,0.24493,100,1
3294,0.839939,0.276315,100,1
1193,0.928421,0.25291,162,0.8
4826,0.41095,0.306736,50,0.9
2631,1.073,0.160251,1180,0.9
2111,0.419925,0.415061,50,1
8093,0.558495,0.167497,172,0.6
4581,0.605834,0.226938,102,0.9
5049,0.642076,0.232088,50,1
5446,0.826508,0.217437,175,0.8
8484,0.874069,0.290463,230,1
3885,0.591574,0.299014,50,1
5098,0.143733,0.329569,50,1
8008,0.897022,0.207437,102,0.8
4623,0.433389,0.337571,50,1
3733,0.953348,0.109446,662,0.9
7324,0.877273,0.129549,422,1
6711,1.04167,0.159838,1180,1
2966,0.931627,0.195295,465,0.8
5217,0.871944,0.249858,200,1
3812,0.919127,0.207855,102,1
2822,0.824993,0.198997,100,0.9
8276,0.663171,0.220035,125,1
2987,0.371799,0.447093,50,1
3868,0.973716,0.090328,2070,0.9
1926,1.10889,0.0913792,2660,1
1351,0.280923,0.411372,50,1
2107,0.929501,0.155451,175,1
3453,0.940131,0.148711,550,0.8
3674,0.618361,0.258454,50,1
7538,0.637992,0.134972,367,0.9
4350,0.655048,0.192367,67,0.9
8998,0.999125,0.1022,1950,1
5097,0.619677,0.21533,50,1
2718,0.598526,0.315499,50,1
4543,0.394876,0.576563,50,0.9
8877,0.489018,0.43759,50,1
2836,0.386267,0.495444,50,1
8791,0.706691,0.276251,100,1
2782,0.671264,0.363022,50,1
1279,0.632311,0.232955,50,1
6442,0.856467,0.261886,62,1
1447,0.842499,0.116084,1407,1
2872,0.781466,0.145797,1072,0.9
6269,0.908804,0.244369,100,1
7302,0.717678,0.475175,50,1
9793,0.783571,0.264377,100,0.9
5191,0.695249,0.401723,50,1
4608,1.03002,0.104742,1950,0.7
1999,0.886863,0.146872,460,0.8
1023,1.04703,0.0845653,1575,0.9
9225,0.736419,0.242816,50,0.7
2391,0.786377,0.175989,190,0.8
1874,0.846481,0.196218,207,1
9114,0.287067,0.460764,50,1
8238,0.674237,0.237633,50,1
4265,0.837067,0.183525,130,1
9495,0.859606,0.127936,640,1
3682,0.489117,0.408291,50,1
6974,0.654498,0.401038,50,0.9
6453,0.957446,0.137872,525,1
8476,0.844664,0.0885156,922,1
2309,0.609348,0.459453,50,1
8263,0.616067,0.269154,57,1
6020,0.482092,0.396331,50,1
1216,0.461174,0.268154,50,0.9
1012,0.786192,0.196164,150,1
5012,1.05024,0.184004,3187,1
1339,0.622262,0.405396,50,1
7181,0.903896,0.170538,275,1
4233,0.987345,0.100869,1140,1
8649,0.790951,0.199464,150,1
2926,0.893423,0.162887,345,1
5022,0.724909,0.102845,4100,1
5286,0.580242,0.264953,50,0.9
9916,0.732293,0.172986,107,1
6785,0.449493,0.42861,50,1
3300,0.740445,0.315554,50,1
555,0.588423,0.345591,50,1
3444,0.723272,0.0927608,1922,1
315,0.755359,0.407992,140,0.9
563,0.863531,0.21864,114,0.9
9629,0.824941,0.221489,175,1
9523,0.560401,0.396481,50,1
6979,0.978095,0.114912,662,1
9468,0.610345,0.204307,50,1
2544,0.830286,0.131178,220,1
5333,0.897756,0.259729,100,1
9877,0.711863,0.206798,67,1
687,0.348063,0.364147,50,0.9
7068,0.858562,0.10613,2155,0.9
2754,0.989912,0.131708,992,1
8126,0.558223,0.173072,172,1
8440,0.620001,0.337251,50,0.7
4217,0.860377,0.127652,640,0.9
1925,0.500285,0.329605,50,1
6106,0.817115,0.22785,147,1
9166,0.848767,0.280793,102,1
4397,0.508832,0.507892,50,1
6060,1.11187,0.111696,1439,0.9
8971,0.350596,0.520346,50,1
2060,1.04868,0.0852504,1575,0.9
2565,0.387459,0.676641,50,1
4522,0.620058,0.268297,57,0.6
1573,0.787226,0.290949,62,1
9555,0.857908,0.240208,100,1
4524,0.3698,0.19481,50,1
6186,1.0046,0.0953781,1950,1
1509,0.919232,0.139857,500,0.9
8049,0.926042,0.169126,350,1
6896,0.590368,0.404589,50,0.9
1771,0.932958,0.12427,819,0.8
5379,0.477457,0.357782,50,1
3401,0.709085,0.403128,50,0.8
1347,0.994257,0.19026,600,0.9
3745,0.863576,0.354751,50,1
2556,0.755492,0.277749,50,1
3254,0.420247,0.23679,50,1
5042,0.819047,0.212754,175,1
4724,0.855927,0.228108,100,0.9
9449,0.494157,0.283234,50,1
9115,0.984323,0.19311,690,0.9
938,1.06625,0.167226,1112,0.9
8623,0.533269,0.33687,50,1
5933,0.849328,0.22383,100,1
2137,1.01955,0.0973068,1950,1
273,0.826258,0.179825,130,1
7782,0.732151,0.321849,50,1
503,0.507558,0.227713,50,1
872,0.513609,0.292857,50,1
9059,0.38044,0.379346,50,1
4510,0.648411,0.213463,125,0.9
1585,0.645444,0.29672,50,1
6542,0.993449,0.266159,650,1
3549,0.890615,0.186366,247,1
9332,0.994544,0.236425,167,1
488,1.07704,0.095261,1350,1
7214,0.376166,0.389458,50,1
5018,0.493615,0.312539,50,1
8314,0.899931,0.280815,50,1
9257,1.14755,0.0942112,2660,0.9
141,0.625207,0.443993,50,1
4595,0.850817,0.210651,114,1
5695,1.11845,0.0984595,2925,1
4579,0.880116,0.14363,460,0.8
7527,0.595231,0.151224,50,1
9321,0.42862,0.367091,50,0.9
239,0.886919,0.107196,1235,1
5485,0.860013,0.205627,207,1
4188,0.580256,0.221115,50,1
7689,0.878009,0.192164,247,1
1027,0.229736,0.459157,50,1
9496,0.414222,0.484005,50,1
6090,0.464342,0.37633,50,0.8
4702,0.922799,0.128809,520,1
7879,0.787497,0.218403,112,0.8
4760,0.943172,0.184659,180,0.8
1146,1.11285,0.108886,2925,0.9
6960,0.505915,0.292806,50,1
351,1.00303,0.179012,600,0.9
1525,1.01019,0.0943073,2260,0.9
9753,0.976292,0.198111,690,1
9619,0.919623,0.15166,500,0.9
9715,0.912769,0.151199,500,1
5717,0.471528,0.363248,50,0.8
2452,0.649388,0.245646,50,1
7907,0.881285,0.303412,72,1
2356,0.460382,0.273382,50,0.9
9868,0.35952,0.600194,50,1
8833,0.606804,0.158951,95,0.8
4525,0.697275,0.188065,50,1
4990,0.45786,0.48049,50,1
8237,0.42624,0.23818,50,1
9067,0.624092,0.36737,50,1
8468,0.602957,0.291459,50,1
1029,0.93999,0.122311,819,0.8
251,0.561972,0.348029,50,1
4733,0.576621,0.313075,50,1
4528,0.583795,0.176372,172,0.9
817,1.02046,0.105893,1950,1
3074,1.12784,0.0837421,2660,0.8
5494,0.798706,0.223672,85,1
102,0.922296,0.129219,700,0.9
3267,0.529226,0.494691,50,1
4610,1.05559,0.127781,1177,0.7
4540,0.626001,0.251599,50,1
8958,0.816124,0.12154,1230,1
3111,1.14168,0.0896671,2660,1
2860,1.11957,0.100137,2925,0.9
5053,0.597259,0.381409,50,1
1616,0.65961,0.321492,75,1
6331,0.625189,0.151944,95,1
4979,0.732451,0.147291,217,0.9
6202,0.865119,0.356274,50,1
4511,1.04293,0.0925235,1575,1
3969,0.915008,0.184728,440,1
7737,0.461172,0.366311,50,1
6520,0.43762,0.466827,50,1
1147,1.04525,0.107503,1350,1
4533,0.58696,0.166501,150,1
2053,0.639624,0.361592,50,1
6722,0.57862,0.266501,50,1
9187,0.375356,0.522396,50,1
1853,0.461978,0.402375,50,1
236,0.912037,0.149137,500,1
1393,0.637056,0.308723,100,1
56,0.867896,0.162542,300,1
1552,0.605746,0.122332,150,1
497,0.802451,0.202979,150,1
8123,1.11343,0.0730409,2660,1
3442,0.612369,0.341235,50,1
8752,1.0263,0.0908216,2260,1
2373,0.786097,0.359342,50,1
1315,0.745101,0.310569,50,1
1311,0.374607,0.497824,50,1
9689,1.10881,0.0816809,2660,0.8
8361,0.972129,0.15193,1490,0.9
1272,0.924557,0.185223,180,0.8
4831,0.785733,0.258841,100,0.9
9131,0.563364,0.395387,50,1
9526,0.861109,0.170212,285,0.6
5825,1.12171,0.0919618,2660,1
6981,0.704886,0.442831,50,1
4356,1.08812,0.118758,1439,1
7639,0.899253,0.13965,500,0.9
6069,0.783343,0.38571,67,1
9264,0.652125,0.279994,50,0.9
2496,0.637953,0.532201,50,1
9123,1.00835,0.186657,600,1
1940,0.912308,0.201611,275,0.9
7121,0.844456,0.187366,407,1
7809,0.937492,0.164298,175,1
868,0.514474,0.248711,50,1
9485,0.250175,0.387551,50,1
3366,0.940129,0.1744,350,0.9
3421,0.723252,0.192761,67,0.7
2164,0.365706,0.359229,50,1
5111,0.676998,0.41218,50,1
5951,0.82545,0.296186,50,1
9545,0.52662,0.417964,50,1
1952,0.671832,0.268175,100,0.9
5797,0.888178,0.146379,460,1
214,0.982108,0.159151,1490,1
5112,0.549145,0.374196,50,1
3317,0.314987,0.221752,50,1
9433,1.02463,0.0913593,2260,0.9
2868,0.550314,0.254119,50,0.9
719,0.897844,0.15713,345,1
5438,0.702096,0.165895,107,0.8
8827,0.870492,0.146934,460,0.9
4599,1.11814,0.112927,1439,1
1364,0.784067,0.25429,100,1
2139,0.4225,0.301837,50,1
6623,0.987295,0.120398,662,0.7
3712,0.522097,0.288387,50,1
5323,0.847018,0.175911,285,0.9
4427,0.946624,0.150294,550,0.9
2156,0.915476,0.13039,700,1
7532,0.667107,0.391817,50,1
7399,0.29429,0.55741,50,1
5337,0.882572,0.0949685,1235,0.9
4657,1.04949,0.17663,1112,0.9
4498,0.769442,0.243348,100,0.9
1228,0.604214,0.20913,50,1
7453,0.915226,0.15377,345,0.9
3944,0.30323,0.357861,50,1
6457,0.836171,0.237495,147,0.8
3410,0.746281,0.310039,50,1
1674,0.916313,0.162337,345,1
4375,0.871975,0.156779,300,1
624,0.97024,0.16832,702,1
4683,0.610193,0.297913,50,1
4288,0.881985,0.17888,247,1
2413,1.02263,0.0833758,2260,1
7135,0.904441,0.178429,275,1
6654,0.339755,0.262925,50,1
2845,0.693327,0.227407,50,1
6837,0.782014,0.440891,50,1
366,1.00927,0.204645,650,0.9
779,1.08999,0.142819,4320,1
6708,0.755293,0.14616,1300,0.9
6604,0.564651,0.31033,50,1
9999,0.808361,0.207558,175,1
165,0.802229,0.273346,100,1
5370,1.0653,0.23072,4400,1
6767,0.548156,0.357593,50,1
1836,0.62707,0.537189,50,1
9104,0.911466,0.123362,907,0.9
1409,0.524289,0.433151,50,1
5904,0.547138,0.392576,50,1
1994,0.919486,0.214203,102,0.5
120,0.561286,0.413259,50,1
136,0.665503,0.281794,50,1
892,0.97206,0.227331,1660,0.9
9616,1.07008,0.219459,5000,0.9
2073,0.890523,0.182146,247,0.9
7449,0.936576,0.0888509,2430,0.9
5048,0.480588,0.316577,50,1
9596,0.613171,0.272394,57,1
3800,0.401848,0.358925,50,1
4162,0.509433,0.151934,150,1
6307,0.849281,0.283857,102,0.9
3322,0.844243,0.28048,102,0.9
1250,0.919274,0.152718,345,0.9
8026,0.947169,0.151973,175,1
587,0.654556,0.275525,62,0.8
2968,0.132873,0.561377,50,1
2547,0.853118,0.271066,62,1
3778,0.634723,0.311884,100,1
7027,0.47086,0.616179,50,1
4235,0.375218,0.421432,50,1
2572,0.695182,0.289538,50,0.8
5573,0.894287,0.0897054,2342,1
4502,1.07544,0.199545,1202,1
4232,0.770423,0.272244,50,1
8244,0.578573,0.403934,50,1
3848,0.956016,0.189587,375,1
4582,0.600229,0.257627,50,1
234,0.836172,0.17497,415,0.8
8662,0.414073,0.279836,50,1
9669,0.570141,0.293807,80,1
7118,0.451507,0.412883,50,1
4297,0.749118,0.36539,50,1
7042,0.364836,0.276575,50,1
3288,1.01102,0.176719,1267,1
323,0.537856,0.16901,1050,1
1277,0.190913,0.340801,50,1
8679,0.787644,0.334634,50,1
271,0.835512,0.194652,100,0.7
9444,0.318929,0.335623,50,1
62,0.992937,0.0945044,2260,1
7441,0.7962,0.117477,670,0.9
7421,1.029,0.108375,1950,0.9
8438,0.892977,0.240809,57,0.9
3614,0.999266,0.12066,692,0.8
7596,1.07215,0.118729,992,0.9
792,0.622071,0.328704,50,1
401,0.411122,0.42371,50,1
2343,0.877602,0.23773,57,1
5192,0.501352,0.385604,50,0.9
356,0.270725,0.508788,50,1
118,0.382128,0.542413,50,1
4290,0.95555,0.113099,662,1
9642,0.717797,0.235388,50,1
9639,0.365944,0.412098,50,1
831,1.04233,0.115617,992,0.7
9756,0.776354,0.277676,62,1
7084,1.05091,0.129466,1177,0.9
1507,1.01806,0.0913608,2260,1
3962,0.995838,0.130255,992,1
9213,0.957819,0.171987,702,0.9
3633,0.954107,0.144171,550,0.9
1802,1.0618,0.154328,1180,0.9
3884,0.679867,0.158392,207,1
3280,0.713929,0.322356,50,1
8505,0.998952,0.225469,167,0.9
8756,0.990364,0.0954762,1950,0.9
2294,1.00102,0.129126,992,0.9
8849,1.16772,0.0889723,2660,0.9
6040,0.742501,0.30707,50,1
4286,0.560873,0.328797,50,1
8234,0.846385,0.176951,285,1
5912,0.688372,0.24297,100,0.9
9033,1.07773,0.0887565,2660,0.9
5967,0.648825,0.268789,62,1
586,0.420303,0.286527,50,1
1048,0.851207,0.210175,114,0.9
1428,0.643831,0.279113,50,1
8801,0.859422,0.196542,207,0.9
2771,0.934305,0.184804,180,1
197,0.152485,0.47357,50,1
7022,0.959228,0.178316,702,1
3100,0.780321,0.154774,280,0.8
725,0.793422,0.235964,85,0.9
4355,0.205373,0.567725,50,1
3325,0.152114,0.574362,50,1
9651,0.883137,0.249184,200,1
1499,1.05476,0.08564,1575,1
8010,0.916211,0.158628,345,1
8809,0.913109,0.313868,95,0.7
2820,0.695957,0.186402,50,0.5
8455,0.352388,0.382783,50,1
9823,1.00114,0.164069,787,1
6619,0.314111,0.709346,50,1
5788,0.679484,0.214598,200,1
6677,0.498721,0.46096,50,1
515,0.477504,0.287328,50,1
6718,0.639468,0.212569,125,0.9
5804,0.511378,0.299206,50,0.9
3494,0.819065,0.365919,72,1
2023,0.83054,0.288531,50,1
1293,0.499153,0.114468,1150,1
2162,0.827657,0.239314,147,0.7
4707,1.00335,0.127804,992,1
3559,0.595856,0.231017,102,1
7760,0.870708,0.231988,57,1
2584,0.698338,0.51528,50,1
4418,0.898727,0.17185,275,0.9
375,0.529904,0.409516,50,0.9
3601,0.551614,0.367227,50,1
7910,0.781433,0.337539,50,0.9
6528,0.976047,0.128901,525,0.8
1528,0.567146,0.369343,50,1
8511,0.788813,0.284076,62,0.9
4008,0.91669,0.141811,500,1
9255,0.658609,0.196563,250,1
5987,0.128056,0.34936,50,1
8965,0.526192,0.543192,50,1
2939,0.520047,0.143923,1112,0.9
6183,0.767136,0.150818,1300,1
4523,1.04829,0.0931807,1575,0.9
5796,0.728379,0.367077,50,0.9
7265,0.970276,0.112059,662,1
8240,0.920992,0.197878,275,1
1974,0.927033,0.119871,819,1
1543,0.662073,0.300068,100,1
7964,0.801025,0.385168,67,1
8493,0.808275,0.131317,220,1
3441,0.766735,0.314332,50,0.9
8177,0.879595,0.205174,295,0.9
1697,0.301462,0.200792,50,1
8378,0.491414,0.188174,90,1
4019,0.696571,0.477103,50,1
5885,0.730436,0.138285,217,1
4802,0.716578,0.281003,100,1
1316,0.859474,0.167239,285,1
9534,1.05192,0.134436,1177,1
9582,0.320671,0.486952,50,1
7911,0.816115,0.194489,100,1
2340,0.62996,0.161929,295,1
5418,0.811309,0.233569,147,0.9
5755,0.752458,0.184416,50,1
6274,0.87544,0.216026,67,1
4416,0.73139,0.216699,67,0.9
636,0.142127,0.241669,50,1
8554,0.89704,0.209541,102,0.8
2611,1.04959,0.131994,1177,1
7952,0.809,0.120677,1230,0.9
617,0.789802,0.238398,85,0.9
3469,0.96249,0.140941,1210,1
9432,0.587938,0.265378,57,1
9859,0.380421,0.373882,50,1
7094,0.970597,0.152957,1490,0.7
4070,0.970679,0.121445,662,0.7
3911,1.03266,0.129665,992,0.8
6696,0.689367,0.332414,50,1
4994,1.00095,0.0934931,2260,1
3303,0.577648,0.35203,50,1
8818,0.982687,0.0813207,2070,1
6173,0.782856,0.129165,557,0.9
6694,0.354495,0.395189,50,1
4403,0.929487,0.135976,520,0.9
8227,1.00696,0.0903448,2260,1
8233,0.94801,0.14895,550,1
2862,0.632404,0.294227,50,1
5608,0.970146,0.151814,1490,1
2198,0.871814,0.0726329,2495,1
4302,0.648401,0.216582,125,1
6870,1.08854,0.0902505,2660,0.9
1995,1.0107,0.130602,992,0.9
8513,0.475858,0.37684,50,1
8551,0.810856,0.234265,147,0.9
7731,0.183125,0.564983,50,1
8105,0.868583,0.16486,300,0.9
2009,0.298546,0.394819,50,1
8245,0.476755,0.291418,50,1
5478,0.926301,0.16349,175,0.8
3887,0.897804,0.161678,345,0.9
9658,0.802191,0.258325,100,0.8
5821,0.602603,0.325955,50,1
6901,0.692285,0.288675,50,0.9
2713,0.717831,0.306009,50,1
8156,0.458931,0.47841,50,1
2178,0.851375,0.192202,407,0.8
9819,0.866513,0.165543,200,0.9
4261,0.980113,0.117145,662,0.9
1706,0.864547,0.203754,207,0.8
6505,0.832956,0.217624,175,0.9
8782,0.343139,0.276356,50,1
9337,0.317383,0.449725,50,1
4295,0.502806,0.370359,50,0.9
9891,0.788266,0.210448,112,1
7052,0.516111,0.346476,50,1
9053,0.95232,0.114971,819,1
3094,0.74947,0.322347,100,1
2590,1.16623,0.135549,1155,1
2305,0.943122,0.144374,550,1
4804,0.46503,0.506916,50,1
8722,0.694395,0.210822,200,1
5520,0.690609,0.220248,200,0.9
4551,0.299841,0.40064,50,1
6229,0.92472,0.242006,162,1
3789,0.662622,0.434851,50,1
8684,0.915462,0.142096,500,0.8
1457,0.906647,0.17172,275,0.8
3838,1.05014,0.111446,992,1
9195,1.06445,0.081179,1575,1
132,0.640456,0.171863,72,1
1118,0.612145,0.288479,50,0.9
2235,0.437103,0.22757,50,1
4916,1.12721,0.115335,1439,1
5995,0.868497,0.291947,230,1
1590,0.968733,0.174139,702,0.9
1596,0.795487,0.235383,85,1
6548,0.606265,0.471487,50,1
3396,0.408275,0.501593,50,1
5791,0.426789,0.310745,50,1
5574,0.802082,0.203328,150,1
5137,1.00305,0.0992632,1950,0.9
4967,0.886561,0.118781,530,0.9
1862,1.05547,0.0804412,1575,1
5487,1.14627,0.0610218,2660,1
9163,0.53213,0.179008,90,0.9
1097,0.699837,0.210019,200,0.8
9567,0.939065,0.193768,465,0.6
830,0.560867,0.25254,50,1
3986,0.324611,0.484615,50,1
9771,0.371025,0.39401,50,1
6350,0.859443,0.163086,200,0.9
8824,0.446397,0.282938,50,1
2286,0.795021,0.251587,100,1
3990,0.442685,0.365622,50,1
1407,0.804621,0.243739,100,1
2078,0.909778,0.135473,700,1
5237,0.647884,0.245671,50,0.9
9058,0.966728,0.128449,525,1
4200,0.714324,0.11214,975,0.9
331,1.00261,0.143469,1065,0.9
6537,1.1376,0.201841,2145,0.9
9792,0.663493,0.312566,100,1
5557,0.436252,0.474628,50,1
5082,0.569915,0.334802,50,1
1200,0.690382,0.24542,100,1
7343,0.973258,0.133592,525,0.8
5539,1.09177,0.115236,1439,1
2450,1.044,0.145126,2510,1
1797,0.658811,0.458259,50,1
3535,0.435592,0.336262,50,1
1869,1.10018,0.146705,4320,0.8
3609,0.451378,0.420312,50,1
5218,0.98753,0.223392,167,0.7
7155,0.604329,0.159989,95,1
3721,0.845529,0.245946,117,1
6192,0.978766,0.139712,1210,1
6034,1.15173,0.102023,2925,0.9
3731,0.948215,0.0824096,2430,0.9
1921,0.855105,0.29395,102,1
2624,0.648798,0.36533,50,1
3554,0.484918,0.351969,50,1
1108,0.593589,0.311586,50,1
3228,0.740865,0.580791,50,1
2994,0.733535,0.255861,50,1
987,1.16352,0.0846756,2660,0.9
5988,0.703407,0.552355,50,1
726,0.548647,0.467402,50,1
6559,0.810603,0.280038,50,0.9
1721,0.409302,0.315631,50,1
343,0.751161,0.22714,102,0.9
9212,0.94992,0.131272,520,1
2088,0.746747,0.162466,642,1
3555,0.794964,0.193061,150,0.9
5354,0.839943,0.270383,62,1
7060,0.704122,0.22351,50,0.9
1410,0.85266,0.100491,2155,0.9
8926,0.772246,0.247368,100,1
8265,0.815434,0.230994,147,1
2838,0.934024,0.178426,350,1
1443,0.683647,0.194221,167,0.9
6674,0.934239,0.148315,550,0.8
5776,0.762585,0.217027,162,0.9
5649,0.549888,0.469102,50,1
6671,0.372454,0.426225,50,1
6487,0.489111,0.430929,50,1
9102,0.911378,0.143368,500,1
7185,0.767157,0.244719,100,1
6462,0.491023,0.276778,50,1
5314,0.859027,0.171123,285,1
8862,0.471761,0.404682,50,1
2059,0.493249,0.332364,50,1
6093,0.848998,0.221483,114,1
6479,1.0215,0.134347,992,1
3805,0.815435,0.171698,415,1
4712,0.783369,0.199755,150,0.9
1677,0.841458,0.266809,62,0.9
3235,0.545157,0.347358,50,1
1627,0.680328,0.344145,50,1
3227,0.534475,0.296378,50,1
3700,0.791435,0.271208,100,0.9
6262,0.522159,0.227083,50,1
6554,1.03684,0.142285,2510,0.8
9834,1.14609,0.171964,3150,0.9
7967,0.579964,0.283314,80,0.9
1643,0.82392,0.176612,415,1
3276,0.904863,0.126848,700,0.9
7297,0.480119,0.286988,50,1
9944,0.96284,0.149599,1210,0.8
1811,0.964461,0.0937178,2070,1
6721,0.67049,0.315018,100,1
2597,1.07907,0.10589,2925,1
7806,0.813401,0.305338,100,1
4364,0.819578,0.260785,100,0.9
9900,1.0123,0.173001,1267,1
8356,0.90601,0.204806,275,0.8
7370,0.889723,0.155267,300,0.9
9155,0.436092,0.496911,50,1
6880,1.0658,0.083318,1575,1
4226,0.979048,0.131419,525,0.9
7321,0.792496,0.221783,112,0.9
7386,0.97227,0.120369,662,1
2419,0.669996,0.397793,50,1
3811,0.953891,0.141498,550,1
3058,0.957367,0.103225,1140,0.9
9327,0.769746,0.275501,50,0.8
450,0.912141,0.111626,907,0.9
7011,0.95411,0.198724,690,1
5100,0.793244,0.14941,1072,1
4957,0.791138,0.0974317,1200,1
2918,0.523544,0.310934,50,1
4002,0.628524,0.220367,125,1
3038,0.824988,0.169177,415,0.9
7778,1.06992,0.112585,992,1
8841,0.53656,0.336118,50,0.9
8028,0.665724,0.254932,50,1
4052,0.0627163,0.627964,50,1
2285,0.939181,0.233783,290,0.9
8209,0.597512,0.287444,50,0.9
2501,0.871883,0.191834,247,1
1396,0.641342,0.216536,125,0.9
979,0.65362,0.152026,295,0.9
8575,0.845021,0.175534,285,1
6393,0.327716,0.338808,50,1
5924,0.633488,0.332776,75,0.9
9955,0.835612,0.20389,100,0.7
168,1.15194,0.0891958,2660,1
5488,0.946611,0.119442,819,0.9
9613,0.529986,0.52292,50,1
9305,0.581979,0.254122,50,0.7
2625,0.874153,0.219456,67,1
4236,1.0918,0.113488,1439,0.7
9183,0.447015,0.308204,50,0.9
9650,1.02556,0.0763081,2260,0.8
4076,0.808218,0.191182,130,0.9
9242,0.735617,0.188211,215,0.9
8386,0.602112,0.223215,50,1
3999,0.494758,0.360014,50,1
9412,0.649968,0.235205,50,1
8460,0.764481,0.202417,100,1
6219,0.735448,0.256523,50,1
1350,0.93456,0.0841384,2430,1
9381,0.446019,0.349339,50,1
3729,0.493983,0.312366,50,1
5230,0.46565,0.533987,50,1
8142,0.829346,0.356778,72,1
5536,1.05798,0.083672,1575,0.8
8757,0.684528,0.252924,100,1
360,0.885346,0.19052,247,0.9
753,0.74946,0.187173,50,1
709,0.534384,0.127871,400,1
4460,0.763099,0.37326,50,1
4198,0.976508,0.269286,545,0.9
9347,0.751147,0.193963,100,0.8
8048,0.71546,0.274694,100,1
5243,0.87052,0.173049,265,0.8
5633,0.724668,0.173698,107,0.9
1791,0.970749,0.0961229,1140,1
5074,0.621525,0.171435,150,0.8
8262,0.673113,0.187935,50,1
244,0.745702,0.223524,102,1
4101,0.771663,0.306653,50,1
5938,0.589159,0.358976,50,1
6207,0.928856,0.110772,819,1
7466,1.02874,0.0841126,2260,0.9
3784,0.780197,0.165692,280,1
6105,0.631178,0.35736,50,1
2707,0.801634,0.25816,100,1
3558,0.6632,0.317022,75,1
1416,0.957716,0.101255,1140,1
6796,0.624564,0.207524,50,0.9
2117,0.752418,0.215217,162,1
9590,1.12598,0.0981814,2925,1
4984,0.82696,0.196002,100,0.8
1253,0.43182,0.413832,50,0.9
7564,0.672758,0.430336,50,1
577,0.362263,0.584607,50,1
9326,0.86814,0.244103,200,1
4855,0.642714,0.341963,75,0.9
9987,0.566633,0.352913,50,1
4499,0.886215,0.184301,247,0.9
2832,0.694638,0.189857,50,1
6514,0.613648,0.434096,50,1
380,0.420439,0.460958,50,1
561,0.594088,0.280542,50,1
7316,0.862206,0.289492,102,1
8787,0.898289,0.222015,102,1
6819,0.770407,0.269235,50,1
4344,0.440972,0.220343,95,1
6749,1.02415,0.106628,1950,1
839,0.953325,0.148972,550,0.8
4478,0.908762,0.30387,95,1
175,0.854499,0.203338,207,0.9
2362,0.247211,0.444713,50,1
1989,0.72291,0.334991,50,1
2134,0.880945,0.177458,265,1
6799,0.687192,0.321695,50,1
5935,0.707822,0.208625,67,1
8672,0.787835,0.11734,670,1
8795,0.421844,0.452557,50,1
7473,1.15616,0.107869,2925,1
815,1.04912,0.107183,1350,0.9
5999,0.816082,0.263338,100,0.9
4602,0.685539,0.310607,100,1
2814,0.691198,0.210612,200,1
2473,0.747359,0.275182,50,1
7464,1.04157,0.103998,1350,1
206,0.801786,0.230664,85,1
3713,1.13543,0.173617,3150,1
8616,0.985156,0.133166,525,0.9
4892,0.76431,0.24227,100,1
1367,0.819665,0.253934,100,1
8457,0.936445,0.125801,520,0.9
4541,1.08506,0.108602,2925,0.9
4570,0.396071,0.27857,50,1
3753,0.803737,0.160719,280,0.9
8962,0.445983,0.442371,50,0.9
7450,0.342703,0.410816,50,1
8004,0.628863,0.208565,125,1
6073,0.882936,0.121729,530,1
5219,0.682825,0.188955,50,0.9
1288,0.622259,0.30797,50,1
1343,0.847872,0.225727,100,1
9817,0.690598,0.18959,50,1
3717,0.934957,0.179918,180,1
6890,0.545107,0.406673,50,1
7200,0.449182,0.378934,50,1
5739,0.658704,0.218034,125,1
3620,0.562805,0.199189,50,1
7747,0.796139,0.216813,112,1
7703,0.888288,0.255053,200,1
9818,0.836914,0.178609,415,1
7340,1.00756,0.105898,1950,0.9
7270,0.964658,0.127536,525,0.9
948,0.724653,0.266553,100,1
1960,0.242706,0.496655,50,1
7864,1.05396,0.100127,1350,0.7
9777,0.737217,0.371587,50,1
6600,1.05138,0.180684,3187,0.9
7926,1.06443,0.108028,1350,1
9835,0.6322,0.185447,67,1
7326,0.846399,0.169193,285,0.9
4538,0.932774,0.154018,175,0.8
2703,1.02588,0.121749,692,1
1945,0.616231,0.335858,50,1
648,0.894092,0.11425,907,1
9330,0.932065,0.159093,175,0.7
5339,0.847616,0.165954,285,0.9
7099,0.463169,0.302438,50,1
7375,0.504143,0.179315,90,1
1634,0.635346,0.305983,100,1
7828,0.314492,0.305254,50,1
2553,0.979162,0.109685,1140,0.9
2464,0.894827,0.113057,907,1
4414,1.01279,0.181571,600,0.6
9086,0.582668,0.473708,50,1
4037,0.835316,0.302504,100,1
7575,0.873166,0.251619,200,0.9
578,1.04853,0.102537,1350,0.7
1003,1.15473,0.0933472,2660,0.9
9911,1.06365,0.156836,1180,1
9037,0.849128,0.0969985,2155,1
1508,1.16672,0.0722892,2660,0.9
6139,0.504157,0.453178,50,1
4130,0.895773,0.217805,102,1
7673,0.30284,0.297867,50,1
4472,0.788036,0.234682,85,0.9
5134,0.821513,0.220061,175,1
1992,1.03957,0.09968,1350,1
9009,1.01263,0.127349,992,1
270,0.981393,0.136137,525,1
7422,0.88014,0.185077,247,0.9
5667,1.04817,0.132925,1177,0.7
7404,0.803587,0.276031,100,1
8690,0.605468,0.198025,50,1
3422,1.02492,0.310336,350,1
9909,0.836251,0.21134,175,1
9313,0.953347,0.240423,290,1
5540,0.520555,0.3515,50,1
4396,0.592693,0.147879,50,1
9933,0.899722,0.261706,262,0.8
4909,0.556801,0.286568,80,0.8
5693,0.983708,0.149224,1210,0.8
8515,0.999262,0.158853,787,0.9
2815,0.787451,0.354995,50,1
6384,0.579658,0.262682,50,1
8047,0.800946,0.288062,62,0.9
1935,0.969002,0.135284,525,1
2907,0.705226,0.403124,50,1
7692,0.349815,0.310531,50,1
5431,0.603013,0.181026,117,1
8543,0.751114,0.372939,50,1
4330,0.713121,0.173748,107,0.9
6259,0.798086,0.27135,100,0.9
9478,0.46945,0.570146,50,1
2975,0.780324,0.333055,50,1
4851,0.731205,0.180534,215,0.9
3819,0.808053,0.240905,147,1
476,0.880618,0.109909,530,1
8742,1.038,0.172057,1112,1
7678,0.894358,0.227769,437,1
1957,0.647653,0.338421,75,0.9
4561,1.03367,0.131353,1177,1
4312,0.816026,0.197035,100,1
1985,0.671015,0.304424,100,1
6104,0.780218,0.334942,50,0.9
3249,0.208377,0.558697,50,1
2669,0.562819,0.135413,50,1
3097,0.450862,0.48677,50,1
7182,0.637334,0.349766,50,1
824,0.885943,0.158998,300,1
6975,0.73725,0.286291,100,1
9781,0.917238,0.162115,345,0.9
7802,0.834809,0.242969,100,0.8
8631,1.03342,0.113425,992,0.9
654,0.265756,0.419237,50,1
1612,0.528528,0.367871,50,1
3642,0.602741,0.315621,50,1
3612,0.743709,0.332685,100,1
3618,0.944026,0.303856,100,1
3533,0.88557,0.127391,422,0.9
2937,0.919988,0.15808,345,1
9612,0.606868,0.240846,102,0.9
4664,1.00155,0.0872999,2260,0.9
5905,1.01874,0.15527,787,0.9
9483,0.782548,0.173779,190,1
2581,0.831517,0.282999,50,1
7434,0.549127,0.375495,50,1
8003,0.828217,0.284894,50,0.8
1997,0.850124,0.144296,287,1
1456,0.591902,0.363135,50,1
9232,0.584463,0.286054,80,1
7559,1.05062,0.108943,1350,0.8
1715,0.861694,0.11799,1407,1
4644,0.719681,0.0886004,1922,0.9
8611,0.947672,0.193938,465,1
7834,0.515303,0.193698,50,1
3739,0.3492,0.404488,50,1
2802,0.551229,0.383536,50,1
8032,0.666195,0.39667,50,1
9914,1.10249,0.0918483,2660,1
6415,1.04616,0.181108,3187,1
2412,0.800871,0.39143,67,0.9
5542,0.87952,0.0931438,2495,0.9
3192,1.01532,0.202433,650,1
9409,0.586947,0.438856,50,1
82,1.05658,0.0836021,1575,0.9
7146,0.78631,0.337984,50,1
3248,0.547293,0.344829,50,1
1553,1.11562,0.137956,4320,0.9
9922,0.98104,0.091263,2070,0.9
4951,0.810647,0.211088,175,0.9
8535,0.956764,0.176704,702,1
1600,0.810589,0.290028,50,1
7515,0.8221,0.235056,147,0.9
2304,1.07655,0.0928358,1575,0.7
6860,0.814222,0.163113,150,0.8
5458,0.881776,0.272638,117,1
6597,1.07355,0.0674371,1575,0.9
2969,0.911271,0.128819,700,0.9
3026,0.957046,0.269487,545,1
7123,1.10077,0.0878521,2660,1
4969,0.32793,0.582943,50,1
4020,0.965053,0.168274,702,1
653,0.567622,0.194948,50,1
6636,0.538761,0.310899,50,0.9
2003,0.444873,0.324219,50,1
4221,0.950611,0.12919,520,0.7
8874,0.885561,0.137372,422,1
3803,0.100572,0.548987,50,1
1968,0.715912,0.185028,215,1
7076,0.853588,0.351584,50,0.9
9318,0.663783,0.149815,472,1
8337,0.603268,0.192625,50,1
1007,0.873155,0.130204,422,0.9
2883,0.988733,0.113626,692,0.8
8153,0.797298,0.0942378,200,1
7424,1.04279,0.108152,1350,1
294,0.905811,0.192824,275,0.9
6397,0.342467,0.425485,50,1
3183,0.770454,0.235467,102,1
8275,0.917419,0.136307,700,0.8
5636,0.583931,0.398684,50,1
5895,0.593302,0.447071,50,1
2150,1.00595,0.134822,992,0.9
714,0.680146,0.446039,50,1
92,0.990718,0.227218,167,1
2577,0.169994,0.565038,50,1
4779,0.793332,0.161016,280,1
7862,0.653174,0.0833771,1650,1
9615,0.821682,0.245064,100,1
9940,1.10086,0.0784545,2660,0.8
5798,0.816698,0.202269,100,0.9
8952,1.0753,0.0802568,1575,1
108,0.45844,0.35265,50,1
6951,0.862288,0.221455,114,1
1284,0.914478,0.148122,500,0.9
1971,0.256322,0.44862,50,1
4746,0.98357,0.110314,662,0.6
6080,0.92465,0.188856,180,0.9
8429,1.11977,0.143985,4320,0.9
3583,0.829502,0.25371,100,1
7141,0.805673,0.197321,150,0.9
965,0.839211,0.159327,150,1
6707,0.751685,0.310896,50,0.8
6841,0.531485,0.430543,50,1
6133,0.975549,0.0883628,2070,1
3542,1.05243,0.129529,1177,0.9
5039,0.694495,0.299866,100,1
5334,0.405839,0.536561,50,1
4272,0.879141,0.206212,295,0.9
8135,0.978523,0.170954,702,0.9
1186,1.08993,0.151871,3135,0.9
227,0.798624,0.298764,62,0.9
6321,0.749912,0.325266,100,0.9
7799,1.07131,0.0934611,1575,0.9
9672,1.04479,0.1357,1177,0.9
9525,0.62851,0.434939,50,1
6595,0.52178,0.410549,50,1
7365,0.707425,0.239227,50,0.9
446,0.937849,0.175052,350,0.7
8629,0.770905,0.232234,102,1
7869,1.08204,0.130124,1155,1
5148,0.445599,0.227714,50,1
1753,0.692885,0.270174,100,1
293,0.936045,0.176022,350,0.8
2603,0.768542,0.268509,50,1
7859,0.954526,0.260972,545,0.9
2723,0.864211,0.135059,640,0.9
3617,0.890289,0.20711,295,0.7
3043,0.94558,0.159989,175,0.9
1399,0.714562,0.260419,100,1
7688,1.00893,0.14242,1065,0.9
8660,0.660352,0.353694,50,1
1852,0.866396,0.301851,420,0.9
923,0.780463,0.111625,670,1
233,0.835687,0.256578,100,0.9
5991,0.995847,0.183874,600,1
6117,0.925036,0.161107,175,1
1550,0.725278,0.261161,100,1
9749,0.413458,0.250019,50,1
4649,0.607764,0.412866,50,1
1434,0.845912,0.290255,102,0.9
3278,1.11704,0.087752,2660,1
2371,0.695472,0.39673,50,1
1103,0.594601,0.282217,50,1
8213,0.898183,0.19998,275,1
3545,0.771675,0.283124,50,0.9
5327,0.884898,0.235452,57,1
2903,0.76585,0.214133,162,0.8
4562,0.94712,0.162509,175,1
9008,1.07712,0.126851,1155,0.9
3869,1.1375,0.0909021,2660,1
4529,0.495121,0.352469,50,1
3493,0.703187,0.112169,975,1
8161,0.596066,0.291864,50,1
5621,0.747278,0.308971,50,1
9228,0.712333,0.291876,100,1
6504,0.976322,0.0964025,1140,0.9
8019,0.211101,0.420786,50,1
4699,0.660855,0.232309,50,1
8944,1.00769,0.20287,650,0.6
9509,0.186857,0.31654,50,1
5385,0.552853,0.164037,400,1
6477,0.92992,0.120956,819,1
9858,0.586299,0.361485,50,0.9
2902,0.582825,0.273594,50,1
6667,0.943176,0.194568,465,1
7895,0.546952,0.421053,50,0.8
15,0.79444,0.396315,67,1
5479,0.206544,0.34467,50,1
9132,0.18779,0.519478,50,1
6134,0.587894,0.166405,150,1
1472,1.04976,0.0767722,1575,1
3230,0.652895,0.411638,50,1
4958,0.56102,0.184958,100,1
7775,0.949641,0.128642,520,0.7
2764,0.831828,0.182743,130,1
104,1.11513,0.0907191,2660,1
4736,0.577731,0.453911,50,1
7201,0.585816,0.289939,80,0.9
7863,0.887836,0.179365,247,1
2963,0.884129,0.197734,295,1
4866,0.638502,0.238386,50,0.9
5535,0.33725,0.25502,50,1
8350,0.669249,0.207783,200,1
6740,1.01064,0.194503,650,0.9
3186,0.808227,0.154451,150,1
8419,0.454338,0.450598,50,1
1002,0.593771,0.362393,50,0.9
8682,0.928416,0.107027,662,1
5654,0.615334,0.243219,50,1
266,0.774892,0.203362,150,0.9
8755,0.295932,0.432314,50,1
6248,0.934873,0.114762,819,0.8
6385,0.769507,0.201696,100,1
1868,0.325029,0.379544,50,1
1076,0.660266,0.313864,100,0.9
2403,0.467672,0.338226,50,1
6005,0.653768,0.3728,50,1
1891,0.980691,0.132185,525,0.9
5132,0.624034,0.23185,102,1
6691,0.956549,0.106294,1140,0.9
7741,0.236491,0.155053,250,1
4016,0.661332,0.114399,550,1
8168,0.642359,0.304003,100,1
8514,0.620288,0.363065,50,0.9
9369,0.739707,0.334681,100,1
6400,0.833086,0.277646,100,1
706,0.81457,0.265787,100,1
9605,1.09215,0.205048,2145,1
8620,1.06771,0.0782779,1575,0.9
5953,1.1198,0.0711217,2660,0.6
3688,0.354676,0.37715,50,1
7253,1.04248,0.0872528,1575,1
6376,0.745648,0.302422,50,1
451,0.987478,0.0953217,1950,0.9
9535,0.523091,0.463043,50,1
996,0.814768,0.156223,150,0.8
9262,0.696127,0.294787,50,1
3179,0.534925,0.34521,50,0.9
1916,1.08608,0.159582,3135,0.9
9622,1.06172,0.0731003,1575,0.9
5900,0.342249,0.498009,50,1
9092,0.799412,0.352227,50,1
9168,1.10173,0.0973099,2925,0.9
735,0.769978,0.243109,100,1
2185,1.07092,0.104398,1350,1
394,0.387554,0.617145,50,1
4167,0.578596,0.205904,50,1
866,0.691418,0.269432,100,0.9
8678,0.765611,0.232094,102,1
9152,0.645478,0.0951372,1950,1
5321,0.475811,0.357422,50,1
9698,0.781524,0.157526,280,1
2274,0.711165,0.204011,67,1
8269,0.599454,0.208557,50,0.8
8391,0.962496,0.117542,662,0.9
2687,0.89963,0.175375,275,0.8
8523,0.691252,0.283533,50,1
2950,1.12909,0.0868295,2660,0.9
1924,0.46091,0.343947,50,1
2443,0.994036,0.132607,992,0.8
2740,0.837394,0.22814,147,1
4931,1.06951,0.128665,1177,1
8779,0.69018,0.323224,50,1
2126,0.789796,0.114505,670,0.9
53,0.879821,0.193091,295,1
5489,0.760732,0.235604,102,0.8
8691,0.733409,0.325607,50,0.9
3880,1.21634,0.0704125,2660,0.8
7991,0.880204,0.164953,300,1
7594,1.02562,0.108616,1950,1
4110,0.776428,0.24857,100,1
2540,1.00823,0.112057,692,1
4788,0.728787,0.380458,50,1
3205,0.716728,0.283767,100,1
3932,0.747779,0.270612,50,0.6
2011,0.493528,0.185866,90,1
5342,0.958523,0.143485,1210,1
9665,0.546464,0.254348,50,0.7
7272,0.770346,0.205089,100,1
927,0.820106,0.175459,415,0.9
9355,0.980498,0.143474,1210,1
9768,1.00971,0.124365,692,0.9
8812,0.853977,0.0848419,922,0.9
4884,0.455549,0.364068,50,1
335,1.04759,0.101391,1350,1
6635,0.995558,0.199828,650,1
4883,0.654451,0.380208,50,1
1394,1.10046,0.090419,2660,0.9
8545,0.40451,0.233259,50,1
127,1.05096,0.106388,1350,0.9
3831,0.577156,0.385003,50,1
4950,0.286042,0.48831,50,1
763,0.278682,0.402504,50,1
2457,1.09317,0.126321,1155,0.9
7307,0.582867,0.2191,50,0.9
2758,0.784803,0.354409,50,0.7
324,0.813509,0.444385,50,1
7680,0.783156,0.256439,100,0.9
275,0.878515,0.23306,57,0.9
7328,0.717244,0.263583,100,0.7
7044,0.852847,0.19824,207,1
7289,0.327686,0.300397,50,1
5305,0.869613,0.259222,200,1
6347,0.738735,0.235922,102,0.9
9447,1.03957,0.130103,1177,0.9
8426,0.956341,0.125765,525,0.9
4860,0.43167,0.565062,50,1
7659,0.7073,0.24545,50,1
1335,0.523569,0.390444,50,1
4069,0.996811,0.168348,1267,0.9
6039,0.709817,0.179159,215,1
1714,0.834325,0.280504,50,1
7965,0.956916,0.120885,662,0.9
2642,0.431235,0.314208,50,1
1712,0.500451,0.380587,50,1
1004,0.503033,0.255633,50,1
9971,1.03997,0.0988689,1350,1
8948,0.585013,0.271807,50,0.8
9647,0.84805,0.287348,102,0.8
1773,0.402751,0.2602,50,0.9
1568,0.51017,0.554087,50,1
2546,0.684621,0.451376,50,1
6123,0.911561,0.18754,440,1
8873,0.748939,0.259794,100,1
4273,0.968949,0.135989,525,1
6751,0.688297,0.379322,50,1
183,0.766668,0.104715,1770,1
8538,0.480453,0.429863,50,1
1883,1.03331,0.241684,250,1
6875,0.517963,0.280498,50,0.9
7046,0.396196,0.38857,50,1
549,0.843664,0.22654,100,0.6
1679,0.693538,0.295621,50,0.9
5357,0.61569,0.391546,50,0.9
1511,0.672326,0.193931,167,0.9
8223,0.367073,0.505621,50,1
7578,0.877492,0.164628,300,0.9
7435,0.993322,0.163933,787,1
9276,0.615246,0.345167,50,1
3984,0.881357,0.139865,460,1
2993,1.02291,0.0900682,2260,0.9
3034,0.585946,0.335666,50,1
4473,0.879066,0.207308,295,1
5516,1.00128,0.139615,1065,0.9
5572,0.541305,0.254348,50,1
5530,0.841211,0.17267,285,0.9
7580,0.691668,0.241969,100,1
8963,0.828724,0.279023,50,1
2234,0.624668,0.202652,50,0.9
2560,0.558698,0.277798,80,1
6852,0.488609,0.141409,1112,1
9973,0.720937,0.188975,215,1
6431,0.342941,0.389326,50,1
7700,0.753463,0.291161,50,1
3879,0.206458,0.416181,50,1
8469,0.750861,0.307193,50,0.9
6754,0.53043,0.484725,50,1
9583,0.878349,0.132613,422,1
9557,0.927257,0.137894,520,1
9013,0.597458,0.27525,57,1
6555,0.902941,0.17064,275,0.9
8256,0.89989,0.112954,907,0.7
8122,0.909369,0.112295,907,0.9
6092,0.923368,0.215428,220,1
7088,0.988841,0.145894,1065,1
4864,0.994918,0.118566,692,0.9
3743,0.708094,0.389868,50,1
8415,0.615485,0.219939,50,1
9364,0.474241,0.379609,50,1
8674,1.08824,0.104744,2925,1
6099,0.607662,0.362509,50,0.9
6790,1.00561,0.244572,802,0.9
6506,0.807751,0.331551,432,1
5822,0.464123,0.301435,50,1
4565,0.660823,0.269044,62,0.8
8676,0.691028,0.29745,100,1
4185,1.10558,0.226336,5000,1
8253,0.727925,0.186548,215,1
1295,0.76096,0.125674,140,0.9
4929,0.301079,0.483097,50,1
3839,0.862037,0.242732,117,0.9
1189,0.624797,0.243528,50,0.7
2387,0.695388,0.218784,200,0.9
6534,0.684632,0.451931,50,1
659,0.812735,0.132297,220,1
764,0.945203,0.151611,550,0.9
5716,0.91663,0.171574,275,1
7231,0.626172,0.212461,125,1
7533,0.595138,0.320656,50,1
4943,1.03126,0.128474,992,0.9
7257,0.854991,0.154593,200,1
1045,0.818163,0.145544,310,0.9
232,0.972641,0.123976,662,1
5944,0.286758,0.635551,50,1
4648,0.550872,0.4288,50,1
250,0.813737,0.184606,130,1
9068,0.724699,0.191415,215,0.9
1232,0.954364,0.115617,662,1
787,0.847914,0.327672,50,1
5965,0.274726,0.231531,50,1
357,0.93306,0.234941,290,1
8215,0.980654,0.137242,525,0.7
4968,0.581992,0.265958,50,1
6768,0.959914,0.143037,1210,0.9
8,0.488028,0.217575,50,1
1422,0.78944,0.313883,62,0.9
8210,0.408919,0.312675,50,1
1581,0.733281,0.238401,50,1
8744,0.951467,0.151429,550,1
5547,0.736489,0.242369,50,1
545,0.708948,0.144892,217,1
1962,0.673961,0.311414,100,1
1927,1.05174,0.0758549,1575,0.8
7883,0.987255,0.123547,662,1
1187,0.713297,0.140877,217,1
6267,0.849386,0.213581,114,0.8
4820,0.652714,0.32264,75,1
2675,0.908874,0.208082,102,1
6231,0.709392,0.273185,100,0.9
1237,0.551247,0.28909,80,1
8820,0.675513,0.206076,167,1
3945,0.897946,0.127912,700,1
6466,0.151256,0.624335,50,1
2930,0.997875,0.170902,1267,1
7358,0.794151,0.333231,50,1
4509,0.753748,0.325481,100,1
2986,0.559133,0.30364,50,1
886,1.03718,0.140024,2510,0.9
8288,0.771444,0.250483,100,1
7360,0.909883,0.23366,437,0.9
9020,1.08823,0.0878985,2660,0.9
4394,0.873271,0.213278,67,0.9
2114,0.428413,0.243004,50,1
1421,0.857754,0.0976599,2155,1
7558,0.915825,0.140359,500,1
7613,0.339437,0.425713,50,1
1283,0.691585,0.40152,50,1
9201,0.972299,0.106022,1140,0.9
9112,0.560432,0.316403,50,1
4976,0.920896,0.160891,345,0.9
3671,0.200104,0.402509,50,1
834,0.834573,0.272949,100,0.6
7789,0.917419,0.174158,275,1
5638,0.941258,0.166267,350,1
5582,0.84642,0.220758,114,1
2128,0.845869,0.146014,287,1
6909,0.376516,0.325637,50,1
4112,0.887197,0.170994,265,0.9
448,0.925009,0.138817,550,0.9
8925,0.928972,0.125512,520,1
8321,0.685614,0.322901,50,1
9211,1.08965,0.10099,2925,1
1760,0.693165,0.264609,100,1
5830,0.966902,0.192933,690,0.9
4500,0.823359,0.20445,100,1
860,0.932813,0.111757,819,0.8
3159,0.305886,0.569082,50,1
8037,0.651194,0.189668,67,1
781,0.658653,0.204896,250,1
9151,1.01235,0.109899,692,1
268,0.662679,0.249746,50,1
823,0.678566,0.217214,200,1
3910,0.639587,0.218128,125,0.9
4121,0.443473,0.166278,117,1
2250,1.07115,0.123724,992,1
2554,0.317937,0.513475,50,1
4256,0.903256,0.130942,700,1
6640,0.991579,0.257428,802,1
552,0.892769,0.138735,460,0.8
3364,0.480484,0.244366,50,1
4449,0.731208,0.389621,50,1
6705,0.789668,0.188039,515,1
4398,0.982915,0.158074,1490,0.9
4600,0.560191,0.228687,95,1
8894,0.842926,0.232879,100,0.8
7190,0.921321,0.172008,275,1
4703,0.702221,0.250471,50,1
9484,0.780721,0.156384,280,0.9
7427,0.911363,0.147124,500,0.8
911,0.548962,0.441186,50,1
7314,0.569834,0.531462,50,1
3352,0.990828,0.154954,787,1
106,0.894282,0.218127,102,1
5035,0.945704,0.141069,550,0.9
2858,1.00175,0.131954,992,1
5618,0.581582,0.174891,172,1
4353,0.774486,0.318355,100,1
8131,0.622667,0.290348,50,1
3024,0.928093,0.20627,465,0.8
4963,0.833734,0.219103,175,0.9
2167,0.915367,0.111425,907,1
9246,0.51471,0.293291,50,1
3534,0.927931,0.211419,220,0.7
9274,0.697981,0.225294,50,1
3009,0.750849,0.205213,100,1
387,0.170247,0.459872,50,1
8608,0.89368,0.204922,275,0.9
6325,0.815259,0.227384,147,0.9
8411,1.08365,0.207973,3450,1
4965,0.497424,0.31655,50,1
4983,0.469781,0.464131,50,1
5706,0.856287,0.111929,1407,0.9
1204,0.518929,0.274303,50,1
3048,0.706151,0.366346,50,1
6270,0.379819,0.4318,50,1
1110,0.522982,0.294037,50,0.9
45,0.710997,0.311167,50,1
957,0.661134,0.402254,50,1
752,0.555679,0.360475,50,0.9
8574,1.09643,0.081919,2660,0.8
3415,0.36318,0.531676,50,1
6189,0.807212,0.302869,62,1
7412,0.816008,0.232584,147,1
1920,0.51598,0.302132,50,0.9
4783,0.836841,0.203377,100,1
6233,1.12262,0.138062,4320,1
6490,0.567299,0.351728,50,1
2147,0.940093,0.184924,180,1
7423,0.601887,0.289179,50,0.6
8141,0.582207,0.3586,50,1
1107,0.568434,0.385219,50,1
7179,0.55454,0.287515,80,1
964,0.810316,0.280442,50,0.9
6230,0.462626,0.166248,117,0.9
8635,0.897586,0.218307,102,1
2734,0.584468,0.237383,95,1
5578,0.536693,0.403039,50,1
6999,0.437931,0.409514,50,1
3110,0.49174,0.303734,50,1
4925,0.726986,0.275163,100,1
7771,0.783219,0.331122,50,0.9
5184,0.477455,0.42242,50,1
2947,0.635503,0.593832,50,1
931,1.12186,0.0686022,2660,1
1809,0.672592,0.231984,50,0.6
3580,1.10685,0.106265,2925,0.8
6502,0.284222,0.538828,50,1
7481,0.458167,0.531006,50,1
4531,0.649812,0.382047,50,1
970,1.17261,0.09985,2925,1
1812,0.89045,0.226438,57,0.7
4902,0.669116,0.296478,50,1
4655,0.708739,0.307171,50,0.9
6786,0.672516,0.219168,200,1
8628,0.629969,0.507781,50,1
9892,0.63387,0.355085,50,1
5840,0.920697,0.147608,500,1
8144,0.890379,0.172985,265,0.7
7701,0.549235,0.194815,50,1
8279,0.448792,0.419852,50,1
2270,1.03445,0.162969,1180,0.9
1294,0.401783,0.313133,50,1
8857,0.761355,0.268156,50,0.9
9788,0.743464,0.261005,50,1
9219,0.772271,0.355693,50,0.9
8731,0.271763,0.354628,50,1
9239,0.92723,0.180326,180,0.9
9180,0.36349,0.48952,50,1
7142,0.485219,0.319761,50,1
7369,0.934895,0.0991528,662,1
8964,1.07825,0.0911264,2660,1
8907,0.920694,0.128095,700,0.7
3105,1.09892,0.107643,2925,0.9
7320,1.06765,0.177108,1112,1
4248,1.03755,0.313445,450,1
575,1.10203,0.109784,2925,1
8542,0.605213,0.381728,50,1
4140,1.11152,0.11939,1439,1
153,0.635498,0.223384,125,1
4063,0.950133,0.107745,662,1
2243,0.928735,0.223599,290,1
9380,0.554844,0.334962,50,1
8847,0.755576,0.17185,145,0.9
5356,0.701686,0.26753,100,1
5000,1.10179,0.129155,1155,1
8530,0.238283,0.544285,50,1
5838,0.906831,0.162602,345,0.9
7661,0.496198,0.42656,50,1
5679,0.821371,0.121477,1230,0.9
9890,0.685589,0.181792,50,0.9
1460,1.12597,0.100715,2925,1
2431,1.00586,0.321207,1050,1
2132,0.989692,0.115661,692,0.8
6633,0.74923,0.26858,50,1
1095,0.288467,0.267485,50,1
216,0.473816,0.152882,50,1
8056,0.881977,0.147573,460,1
117,0.965438,0.190417,375,1
6561,1.11702,0.0891667,2660,0.9
4899,0.80741,0.197021,100,1
9729,0.494166,0.367887,50,1
8231,0.719041,0.355535,50,1
6419,0.569368,0.387546,50,1
5579,0.857098,0.223487,100,1
7835,0.966214,0.161197,1490,0.9
78,1.00893,0.139617,1065,1
3532,0.967916,0.234718,1660,1
7467,0.681134,0.27135,100,1
1858,0.454414,0.325939,50,1
4617,1.1217,0.135487,1155,0.9
5158,1.07414,0.179703,3187,0.9
9519,0.612778,0.368318,50,1
9147,0.950417,0.182895,180,1
9976,0.719811,0.304493,50,1
2886,0.44875,0.275223,50,1
4084,0.827759,0.210878,175,1
4901,0.75219,0.259439,100,0.9
4029,1.10076,0.133292,1155,0.7
6939,0.673676,0.367959,50,1
6714,0.874947,0.269037,117,0.8
8704,0.950711,0.171734,350,1
213,0.519162,0.337244,50,1
6007,1.01548,0.120165,692,0.9
9855,0.81283,0.324556,432,0.9
4869,0.809213,0.120576,1230,1
6152,0.471131,0.362859,50,1
9328,1.02872,0.114443,692,1
4912,1.00111,0.19173,600,1
4309,0.959817,0.103501,1140,1
6836,0.958803,0.191642,375,0.9
9862,0.761415,0.305709,50,1
9129,1.11924,0.121935,1439,0.8
4100,0.85866,0.188144,407,0.9
3202,0.360783,0.232128,50,0.9
6950,1.04709,0.154331,1180,0.9
6288,0.738255,0.17135,107,1
7556,1.12634,0.096966,2925,0.9
7116,0.862124,0.181874,407,1
9736,0.614995,0.242171,50,1
4811,0.591167,0.165831,150,1
3409,0.551183,0.334869,50,1
7488,0.791797,0.325258,50,1
6607,1.07869,0.104541,2925,0.7
1719,0.609116,0.258436,50,0.9
1381,0.99849,0.120883,692,1
920,0.976709,0.101168,1140,1
2828,0.447722,0.43755,50,1
7614,0.85487,0.166042,285,1
4085,0.217858,0.45519,50,1
6067,0.937264,0.13912,550,1
611,0.928945,0.166119,350,1
9574,0.197213,0.478619,50,1
8119,0.774679,0.110166,670,0.7
6403,0.738754,0.338102,100,1
7496,0.908621,0.223284,102,0.9
9838,0.568327,0.381021,50,1
3665,1.05423,0.0740417,1575,0.7
7368,0.68419,0.307675,100,1
5731,1.09979,0.104456,2925,1
4745,0.634523,0.429806,50,1
783,0.914095,0.190942,440,0.9
5326,0.891505,0.151784,300,1
9568,0.401023,0.308249,50,1
4117,0.303382,0.629013,50,1
4087,0.841113,0.184887,407,1
7037,0.54529,0.323665,50,1
3973,0.846797,0.206132,207,1
7073,0.785006,0.310689,62,0.9
3627,0.83854,0.167228,415,0.9
6050,0.688554,0.130742,1800,1
2727,0.881845,0.17184,265,1
1598,0.967095,0.150405,1210,0.9
6119,0.871089,0.147229,460,1
6825,1.01001,0.0982378,1950,1
2454,0.700085,0.291434,50,1
2012,0.472841,0.339088,50,0.9
9224,0.6687,0.365909,50,1
6954,0.997312,0.143981,1065,1
7604,0.426523,0.254133,50,1
1383,0.693472,0.166772,50,1
2001,0.871309,0.17485,265,1
5190,0.748596,0.212897,162,1
9343,0.919776,0.184658,440,1
3229,1.12115,0.27121,550,1
4850,0.466986,0.378047,50,1
5947,0.898471,0.19837,275,0.9
436,0.822639,0.182454,130,0.9
8559,0.306553,0.602796,50,1
1280,0.819726,0.1782,415,1
6539,0.660581,0.152402,295,1
5463,0.355589,0.453151,50,1
8896,0.865589,0.171236,285,0.7
678,0.685443,0.27944,50,1
5597,0.908001,0.378899,200,1
5113,0.603535,0.269901,57,1
7096,1.04087,0.0967757,1350,0.9
466,1.06181,0.0795336,1575,1
1106,0.988451,0.19118,600,1
7794,0.673565,0.241066,100,1
1282,0.752761,0.181075,50,0.8
8104,0.930654,0.18521,180,1
7248,0.785275,0.241441,100,1
9182,0.493892,0.273317,50,1
8624,0.636677,0.292896,50,1
7669,0.606128,0.298607,50,1
253,1.16332,0.0800546,2660,1
9040,0.410347,0.244196,50,1
6118,0.669635,0.205606,167,1
9798,1.06105,0.173095,1112,0.8
5620,0.956496,0.186918,375,0.9
7774,0.649877,0.359592,50,1
3553,1.02701,0.124761,692,1
5247,0.78874,0.240066,85,1
7090,0.806903,0.16766,190,1
2958,0.871083,0.148704,460,1
8590,0.74092,0.250136,100,0.9
8728,0.160574,0.48171,50,1
837,0.56678,0.364557,50,0.9
4292,0.724906,0.310912,50,1
593,0.493944,0.219088,50,1
3550,1.09168,0.106202,2925,1
5194,0.340294,0.524983,50,1
501,0.718284,0.395715,50,0.9
6249,0.80686,0.199998,150,1
7753,0.729384,0.155483,212,0.9
3005,0.859147,0.197638,207,0.9
1928,0.429851,0.360386,50,1
5090,0.615128,0.433351,50,1
670,0.870873,0.0997988,1235,0.9
4853,0.36182,0.352375,50,1
4099,0.359656,0.607448,50,1
3075,0.645257,0.269232,62,1
4807,1.04138,0.194351,1202,0.9
9413,0.346033,0.420045,50,1
5948,0.725107,0.416264,50,1
6299,0.761694,0.358026,50,0.9
8196,0.672017,0.368024,50,1
5185,0.863334,0.138764,287,1
3252,0.46648,0.510315,50,1
1122,0.792829,0.241524,100,1
4424,0.700874,0.246899,100,1
9089,1.04627,0.125213,1177,1
1520,0.607326,0.287563,50,1
8786,0.174012,0.187505,290,0.9
5355,0.481059,0.268295,50,1
5309,0.276339,0.468857,50,1
8930,0.564131,0.344266,50,1
9481,0.987404,0.196878,650,1
9800,0.429758,0.184018,50,1
7925,0.893912,0.277347,262,1
6433,0.712677,0.238306,50,1
1633,0.972984,0.112045,662,0.7
1300,0.948116,0.144874,550,0.9
9931,0.412361,0.274895,50,1
5754,0.784077,0.125655,557,1
2418,0.255808,0.578333,50,1
7787,1.07652,0.0873972,1575,0.8
7312,1.05199,0.0844369,1575,1
604,0.541439,0.258774,50,1
2344,1.08053,0.0944473,2660,0.9
5934,0.749069,0.139959,1300,0.9
8830,0.642396,0.377924,50,1
3548,0.795055,0.157719,280,1
9066,0.706086,0.331502,50,1
5434,0.60769,0.213607,50,0.9
7783,0.911832,0.197748,275,0.9
5328,0.306336,0.150907,100,1
1875,0.639202,0.343618,75,0.9
3530,0.77154,0.333755,100,0.9
1333,1.05652,0.122657,992,1
289,0.191572,0.548737,50,1
5777,0.437211,0.538127,50,1
2770,0.61857,0.324939,50,1
8661,0.940893,0.149333,550,1
403,0.867648,0.174148,265,1
6210,0.917792,0.170864,275,1
5860,0.748847,0.256018,100,0.8
5958,0.855516,0.186811,407,0.8
4067,0.784097,0.285156,62,1
2328,0.882965,0.120232,530,0.7
2593,0.921402,0.150629,500,1
103,0.879968,0.225084,57,0.9
4650,0.617337,0.199517,50,0.9
9986,0.679464,0.276044,100,1
9311,0.366175,0.295471,50,1
715,0.852154,0.216881,114,0.8
1398,0.971519,0.190921,375,0.8
6116,0.884843,0.117546,530,0.9
9745,0.989227,0.107508,1950,1
9960,0.756893,0.305798,50,1
1726,1.10417,0.0686995,2660,1
7416,0.446388,0.196093,200,1
1605,0.935408,0.156166,175,0.8
3217,0.629797,0.38364,50,1
1604,0.739461,0.167464,145,1
3307,0.852078,0.279868,102,1
8564,0.559686,0.216941,50,1
6618,0.384205,0.44273,50,1
7056,0.528343,0.339003,50,0.9
7970,0.38478,0.180447,122,1
3835,0.895645,0.15808,345,1
9935,0.455515,0.478688,50,1
5180,0.738685,0.303841,50,1
4812,0.702285,0.125964,300,1
8936,0.773791,0.298579,50,1
6748,0.733565,0.228189,50,1
7282,0.383746,0.487403,50,1
7083,0.664516,0.344938,75,1
599,0.443168,0.350805,50,1
8018,0.939145,0.141264,550,1
6611,0.817889,0.311626,100,1
7028,0.934044,0.211944,220,1
7717,1.10037,0.100388,2925,1
8325,0.802875,0.276356,100,1
3837,0.64368,0.318786,75,1
8102,0.864281,0.171329,285,1
5415,0.981208,0.215942,230,1
6031,0.808906,0.148598,310,0.9
906,0.65893,0.327374,75,1
4710,1.05318,0.275872,1000,1
8308,0.286484,0.188963,290,1
5131,1.14126,0.118428,1439,0.9
2510,0.422218,0.252833,50,1
6486,0.579661,0.239617,95,0.9
7931,0.789433,0.341854,50,0.9
6429,0.850449,0.187282,407,1
1060,0.883814,0.160222,300,1
6834,0.980997,0.100289,1140,0.9
1603,0.509536,0.430967,50,1
2568,1.15483,0.116876,1439,0.8
5374,0.960479,0.177025,702,1
1391,0.352352,0.262053,50,1
7306,0.848318,0.145754,287,0.9
4147,0.829586,0.147106,310,1
3076,0.959739,0.177405,702,0.9
8255,0.798262,0.156844,280,0.9
2563,0.785411,0.209899,112,0.8
4454,1.07902,0.0977922,2925,0.9
5395,0.773508,0.221462,162,1
9603,0.745628,0.113499,1522,0.8
3149,0.667062,0.229311,50,1
7413,0.735565,0.324469,50,1
1112,0.389683,0.510277,50,1
1286,0.441105,0.338552,50,1
54,0.693232,0.259528,100,1
3970,0.875549,0.198462,295,0.8
1426,0.857931,0.234759,100,1
2917,0.460958,0.286652,50,0.8
4573,0.624171,0.278549,50,0.9
319,1.02762,0.0980733,1950,1
589,0.562127,0.332327,50,1
3283,0.52851,0.428451,50,1
6235,0.784525,0.196212,150,0.9
6180,1.08065,0.107938,2925,0.8
5,1.07104,0.155915,1180,1
1820,1.05938,0.100136,1350,0.7
6335,0.934683,0.238079,290,0.7
7759,0.69563,0.40219,50,1
5462,0.518979,0.211663,50,1
4408,0.386688,0.528687,50,1
2016,0.645075,0.169569,72,1
775,1.02473,0.157947,787,0.8
3621,0.879664,0.152226,300,1
8637,0.642543,0.345994,50,1
2898,0.960121,0.246072,550,1
1322,0.776695,0.296953,62,1
3180,0.705587,0.235678,50,0.9
5928,0.604184,0.480511,50,1
2420,0.972946,0.160126,1490,0.9
5890,0.450732,0.325825,50,1
5937,0.579515,0.408488,50,0.9
5844,1.03829,0.171733,1112,1
399,0.122394,0.64971,50,1
2843,0.767741,0.338067,100,1
5026,0.917247,0.143231,500,1
316,0.507706,0.251294,50,1
9702,0.697469,0.224415,50,0.9
5886,0.856993,0.272504,62,0.9
801,0.242031,0.514408,50,1
9046,0.511303,0.345808,50,1
4913,0.107649,0.306341,50,1
5114,0.761598,0.217456,162,1
6282,0.762161,0.188428,50,1
530,0.654289,0.274985,62,1
6994,0.937978,0.296134,150,1
8290,0.501526,0.248036,50,1
5661,0.664545,0.144821,472,0.9
2341,1.14921,0.129601,1155,1
7049,0.825381,0.185024,130,0.9
8705,0.780557,0.303392,62,1
720,0.58765,0.400006,50,1
5906,0.394887,0.370536,50,1
7199,0.674055,0.283826,50,0.9
1672,0.723947,0.167308,107,0.8
7378,1.14021,0.103178,2925,0.9
1837,0.482042,0.476123,50,1
370,0.522323,0.350627,50,1
4092,0.659126,0.182443,67,0.9
1057,0.932098,0.139821,550,1
16,0.324797,0.708678,50,1
7714,1.06556,0.0758749,1575,0.9
566,0.610157,0.190221,117,0.9
9757,0.692115,0.215986,200,0.9
7029,0.571224,0.352652,50,1
7333,0.707984,0.255938,50,1
5484,1.11268,0.0901053,2660,1
6222,0.880113,0.278191,230,0.9
666,0.581804,0.246075,50,1
5718,0.687283,0.390998,50,1
3515,0.461769,0.523303,50,1
5362,0.494832,0.420349,50,1
9871,0.548319,0.307896,50,1
7080,0.962738,0.161955,1490,1
6670,0.596506,0.366762,50,1
3468,0.724702,0.183442,215,0.8
8615,0.871994,0.13195,422,0.9
3659,0.75487,0.226958,102,0.8
20,0.879978,0.180379,247,0.9
6302,0.440836,0.287227,50,1
7681,0.698584,0.303984,100,1
7943,0.825248,0.195136,100,1
428,0.853944,0.28349,102,0.7
3429,0.386097,0.559934,50,1
3046,0.844968,0.113048,1407,0.9
8182,0.733154,0.239931,50,1
4125,0.972726,0.137944,525,1
6026,0.694212,0.341701,50,1
623,0.404494,0.47063,50,1
2195,0.68202,0.275041,100,1
8913,0.759413,0.100839,1770,0.9
3131,0.951414,0.096334,662,0.8
3607,0.765117,0.127732,140,1
3589,0.528637,0.387648,50,0.9
8148,1.05487,0.100434,1350,0.9
3465,0.9238,0.145105,550,0.8
201,0.945981,0.142198,550,1
2068,0.929265,0.120029,819,1
3697,0.971657,0.100167,1140,0.8
5178,0.683702,0.287602,50,1
5881,0.462957,0.344566,50,1
2480,0.884901,0.132304,422,0.7
9320,0.526343,0.318085,50,0.9
4155,0.424714,0.409668,50,1
5875,0.397716,0.542877,50,1
7744,0.994842,0.148415,1065,0.9
7904,0.543117,0.354536,50,1
2940,0.828679,0.129903,220,1
5834,0.359973,0.349658,50,1
6377,0.812661,0.228356,147,1
9034,0.588815,0.270119,57,1
8099,0.503319,0.302935,50,1
2194,0.79309,0.258887,100,1
4653,0.731979,0.322064,50,1
3974,0.537668,0.189201,90,1
8648,0.42152,0.371156,50,1
440,0.32453,0.378969,50,1
8097,0.866137,0.157742,200,1
1611,0.299924,0.473315,50,1
3496,1.05512,0.142129,2510,1
1639,0.827959,0.138907,310,0.9
7,1.07679,0.113642,992,1
8920,0.99735,0.130267,992,1
7366,0.900993,0.189607,440,0.9
4854,0.893507,0.227671,437,1
3049,0.538992,0.354429,50,0.8
5209,0.408055,0.274138,50,1
9802,0.941308,0.143479,550,0.8
5156,0.855989,0.306869,420,1
519,0.677897,0.378055,50,1
1488,0.677552,0.153608,207,0.8
9105,0.884065,0.136423,422,1
6857,0.580391,0.308671,50,1
7350,0.476781,0.285306,50,1
2769,0.705902,0.166475,107,1
5396,0.733293,0.363242,50,1
5276,0.52752,0.412524,50,1
6209,0.871854,0.123488,530,1
416,0.850804,0.292442,102,1
3277,0.221443,0.492556,50,1
6124,0.830628,0.134831,220,0.8
6291,0.920729,0.0802616,2342,0.8
5691,0.459997,0.27135,50,1
3975,0.618472,0.287455,50,1
5861,0.986683,0.089216,2070,0.8
798,0.67327,0.365517,50,1
6053,0.347768,0.154319,100,1
1071,0.724941,0.160278,212,1
3258,0.739438,0.185696,50,0.9
9024,0.564621,0.449973,50,1
8927,0.614964,0.321263,50,1
2760,0.72433,0.387904,50,1
2049,0.843648,0.181732,407,0.9
3543,0.491277,0.263754,50,1
8260,0.68132,0.273123,100,1
8357,0.773636,0.366049,50,1
898,0.443268,0.432362,50,1
8706,0.395929,0.352511,50,0.9
5684,0.905047,0.202571,275,1
8117,0.78227,0.189798,515,1
7016,1.02788,0.211334,3500,1
9254,0.631232,0.280131,50,1
8730,0.52929,0.261859,50,0.9
7047,0.860674,0.167351,285,1
4980,0.924816,0.196995,465,0.9
8157,0.730316,0.176842,107,1
8993,1.02144,0.123033,692,0.8
472,1.00924,0.12898,992,0.9
1465,0.78494,0.156002,280,1
838,0.35253,0.510818,50,1
4018,0.9318,0.215717,220,1
3645,0.861919,0.13841,287,0.8
9604,0.372785,0.509208,50,1
7896,0.6582,0.279606,50,1
9714,0.523848,0.407286,50,1
7526,0.692368,0.318421,50,1
700,0.816854,0.190635,130,0.9
9694,0.299925,0.323007,50,1
6414,1.07681,0.102969,1350,0.9
5827,0.765416,0.339065,100,1
6339,0.992344,0.109308,1950,1
8715,0.980616,0.149467,1210,0.7
1065,0.408314,0.401601,50,1
475,0.922723,0.137463,700,1
9,0.957203,0.154975,1490,1
4566,0.922769,0.210777,220,0.8
582,0.739718,0.380413,140,1
3600,0.869738,0.181651,247,0.9
5969,0.273097,0.484668,50,1
85,0.53941,0.369764,50,1
585,0.576478,0.258714,50,1
1846,0.888154,0.124782,530,0.9
6827,0.88497,0.311291,72,1
4455,0.877017,0.0875089,2495,0.8
2008,0.407457,0.48894,50,1
9725,0.997004,0.106695,1950,0.9
6616,1.07477,0.0946986,1350,1
6546,0.610779,0.379083,50,1
5350,0.371313,0.449289,50,1
9833,0.546063,0.254821,50,1
9490,0.418454,0.221263,50,1
325,1.06919,0.113901,992,0.8
2621,0.838712,0.274958,100,1
8725,0.820079,0.161251,150,1
8011,0.158115,0.48633,50,1
3573,0.424668,0.293698,50,1
9099,0.700985,0.196842,67,1
4081,0.667501,0.555438,50,1
1296,0.836308,0.219662,175,0.9
8977,0.861551,0.237704,100,0.7
6549,0.90412,0.170891,275,0.7
8501,0.978011,0.131061,525,1
38,0.804949,0.27936,62,1
4598,0.474741,0.386518,50,1
2249,1.00985,0.106766,1950,0.8
312,0.875721,0.154279,300,0.8
5085,0.477598,0.449011,50,1
107,0.615559,0.258394,50,1
22,1.05175,0.107171,1350,0.9
1349,0.601106,0.291881,50,1
2461,0.579912,0.313953,50,1
6617,0.720514,0.241705,50,0.9
2736,0.418315,0.274966,50,1
724,0.860939,0.170242,285,0.8
200,1.01766,0.117569,692,1
151,0.810242,0.306306,100,0.8
7993,0.419828,0.564367,50,1
3920,0.984846,0.218007,230,0.9
9558,0.68662,0.327077,50,1
9632,0.871184,0.221863,67,0.9
9184,0.859771,0.233337,100,1
2730,0.802636,0.438445,50,1
1700,0.964374,0.16808,702,0.9
2520,0.529372,0.304141,50,1
8442,0.675945,0.316353,100,1
5625,0.178131,0.514164,50,1
5371,0.550334,0.286384,80,1
8800,0.876465,0.20078,295,1
8477,0.87347,0.227978,57,1
5125,0.963455,0.07781,2070,0.9
8298,0.865727,0.15792,200,1
5205,0.664819,0.254445,50,1
198,1.1111,0.0830222,2660,1
6865,0.968085,0.0974217,1140,1
9032,0.748185,0.31878,100,0.9
5403,0.462956,0.40802,50,1
4372,1.07328,0.084368,1575,1
4183,0.634304,0.286915,50,1
2014,0.0843655,0.476089,50,1
4143,1.07971,0.133381,1155,1
9680,0.618714,0.302931,50,1
1709,0.4923,0.218833,50,1
7739,0.566132,0.271339,50,1
9773,0.510847,0.295646,50,0.9
3309,0.876518,0.188955,247,1
7122,0.45406,0.475573,50,1
7045,0.921876,0.230753,437,0.9
602,0.802714,0.223127,112,1
6949,0.932765,0.202185,465,1
8212,0.908139,0.305848,95,1
5748,0.798443,0.192519,150,1
8621,0.127428,0.701275,50,1
1150,0.432794,0.446552,50,1
5576,0.347572,0.511654,50,1
3443,0.850151,0.252849,117,1
9329,0.552914,0.118541,300,1
5668,0.525974,0.413954,50,1
3502,0.757251,0.193238,100,0.9
5523,0.474609,0.350192,50,1
680,1.0673,0.125338,1177,0.9
1077,0.588627,0.325839,50,1
2706,0.422217,0.405217,50,0.9
8320,0.593528,0.101583,750,1
1980,0.960872,0.207447,230,0.9
4269,0.644139,0.331729,75,1
6868,0.892476,0.177645,265,0.8
4920,0.437127,0.21586,95,1
3686,0.363452,0.304438,50,1
9087,0.515507,0.447735,50,1
377,0.788725,0.165843,190,0.9
6287,0.727479,0.261247,100,0.9
5950,0.12905,0.347133,50,1
479,0.994836,0.0896293,2260,0.9
8956,0.930958,0.203626,465,1
9346,0.90331,0.143417,500,0.8
5968,1.06323,0.12061,992,1
4384,0.649118,0.266981,62,1
8587,0.753562,0.234882,102,1
929,0.912231,0.141236,500,0.8
6495,0.898054,0.193987,275,1
7664,0.753066,0.161289,642,0.9
6364,0.868271,0.156176,300,0.9
9925,0.54014,0.32788,50,1
2677,0.316642,0.381911,50,1
733,0.648464,0.126003,367,1
3506,1.12595,0.107319,2925,0.9
5639,0.965032,0.131198,525,0.8
6338,0.786845,0.179513,515,0.9
7432,0.597376,0.300351,50,0.9
7419,0.47038,0.145999,1250,1
3302,0.486886,0.483693,50,1
3462,0.761844,0.118745,1522,1
4987,0.764547,0.256557,100,1
6840,0.811797,0.143855,310,1
6044,0.898435,0.254377,100,0.9
5028,0.764078,0.101332,1770,0.9
9085,0.558242,0.269527,50,0.9
6737,0.493788,0.304734,50,1
5876,0.418244,0.189337,122,1
2140,0.978599,0.121025,662,0.9
418,0.384892,0.347403,50,1
1037,0.356908,0.484691,50,1
5518,0.814628,0.182368,130,0.9
3679,0.872831,0.165727,300,1
9561,0.865516,0.265442,62,1
3315,0.43866,0.378257,50,1
8573,1.15497,0.079514,2660,0.9
9655,1.11287,0.157795,3135,1
3098,1.04579,0.112347,992,0.9
7230,0.686142,0.305995,100,1
3032,1.08296,0.0788194,2660,0.9
2070,0.919222,0.109944,907,1
4919,0.637905,0.242652,50,1
8613,0.688316,0.267934,100,1
4385,0.696564,0.335022,50,1
4327,0.875265,0.15271,300,0.8
5245,0.585516,0.267872,50,1
1906,1.07443,0.103805,1350,0.7
641,0.519456,0.409795,50,0.8
5622,0.713008,0.281927,100,1
5926,0.738818,0.363715,50,1
7065,0.964218,0.17923,375,1
5929,0.88656,0.120836,530,1
286,0.854549,0.128796,640,0.9
895,0.849433,0.250755,117,1
1565,1.15947,0.0838503,2660,1
6980,0.804936,0.177401,190,0.9
1402,0.458907,0.163931,50,1
