query_idx,ef_true,recall_at_ef_true,RV_gamma_0.1,RV_gamma_0.5,RV_gamma_1.0,RV_gamma_2.0,RV_gamma_5.0,RV_gamma_10.0,RV_gamma_20.0
1730,50,1.0,0.2,0.2,0.2,0.3,0.3,0.5,0.7
3464,50,1.0,0.3,0.3,0.3,0.3,0.3,0.4,0.5
662,50,1.0,0.4,0.4,0.4,0.4,0.5,0.6,0.7
6236,200,1.0,0.3,0.3,0.3,0.4,0.5,0.6,0.7
9488,50,1.0,0.3,0.4,0.4,0.4,0.5,0.7,0.8
2113,150,1.0,0.1,0.1,0.2,0.2,0.2,0.3,0.5
457,50,1.0,0.2,0.2,0.2,0.3,0.3,0.4,0.5
2411,50,1.0,0.3,0.3,0.3,0.3,0.4,0.5,0.7
3127,200,1.0,0.1,0.1,0.1,0.1,0.2,0.3,0.4
758,50,1.0,0.2,0.2,0.2,0.2,0.3,0.4,0.6
3863,50,1.0,0.3,0.3,0.4,0.4,0.4,0.5,0.6
7848,150,1.0,0.1,0.1,0.1,0.1,0.2,0.3,0.5
1537,50,1.0,0.2,0.2,0.2,0.2,0.2,0.3,0.5
8819,100,1.0,0.3,0.3,0.3,0.3,0.4,0.5,0.7
3537,100,1.0,0.2,0.2,0.2,0.2,0.3,0.4,0.6
2606,1050,1.0,0.2,0.2,0.2,0.2,0.3,0.4,0.6
7810,50,1.0,0.2,0.2,0.2,0.2,0.3,0.3,0.4
8934,50,1.0,0.2,0.2,0.2,0.3,0.3,0.4,0.6
5896,150,1.0,0.2,0.2,0.2,0.2,0.2,0.3,0.5
6485,250,1.0,0.1,0.1,0.1,0.2,0.2,0.3,0.5
2463,50,1.0,0.2,0.2,0.2,0.2,0.3,0.4,0.7
9611,100,1.0,0.1,0.1,0.2,0.2,0.3,0.5,0.7
8876,50,1.0,0.4,0.4,0.4,0.4,0.4,0.4,0.4
4629,50,1.0,0.3,0.3,0.3,0.4,0.5,0.6,0.8
5430,150,1.0,0.1,0.1,0.1,0.2,0.2,0.3,0.4
1327,50,1.0,0.1,0.1,0.2,0.2,0.3,0.4,0.6
3742,150,1.0,0.2,0.2,0.2,0.2,0.3,0.3,0.5
409,200,1.0,0.2,0.2,0.2,0.2,0.3,0.4,0.6
3272,50,1.0,0.2,0.2,0.2,0.3,0.3,0.4,0.6
1207,50,1.0,0.2,0.2,0.2,0.2,0.3,0.4,0.7
9981,50,1.0,0.1,0.1,0.1,0.1,0.2,0.3,0.5
8017,900,1.0,0.1,0.1,0.1,0.1,0.2,0.3,0.5
6689,50,1.0,0.3,0.3,0.4,0.4,0.4,0.5,0.6
26,50,1.0,0.2,0.2,0.2,0.2,0.3,0.3,0.5
9529,100,1.0,0.1,0.1,0.1,0.1,0.2,0.3,0.5
4768,50,1.0,0.2,0.2,0.2,0.2,0.3,0.5,0.7
7856,50,1.0,0.2,0.2,0.2,0.3,0.3,0.5,0.6
3287,50,1.0,0.2,0.3,0.3,0.3,0.3,0.4,0.5
2192,50,1.0,0.3,0.4,0.4,0.4,0.6,0.7,0.8
7713,50,1.0,0.2,0.2,0.2,0.2,0.3,0.4,0.5
7057,50,1.0,0.2,0.2,0.2,0.2,0.3,0.4,0.5
3714,150,1.0,0.1,0.1,0.1,0.2,0.3,0.6,0.8
9552,150,1.0,0.1,0.1,0.1,0.2,0.2,0.3,0.5
1544,50,1.0,0.2,0.2,0.2,0.3,0.3,0.4,0.6
3294,50,1.0,0.4,0.4,0.4,0.4,0.5,0.6,0.7
1193,50,1.0,0.1,0.1,0.1,0.2,0.2,0.3,0.5
4826,400,1.0,0.1,0.1,0.1,0.2,0.2,0.3,0.5
2631,50,1.0,0.2,0.2,0.2,0.2,0.2,0.3,0.4
2111,50,1.0,0.3,0.3,0.3,0.4,0.4,0.6,0.7
8093,150,1.0,0.1,0.1,0.1,0.2,0.2,0.4,0.5
4581,50,1.0,0.2,0.2,0.2,0.3,0.3,0.5,0.8
5049,50,1.0,0.2,0.2,0.2,0.3,0.4,0.5,0.7
5446,150,1.0,0.1,0.1,0.1,0.2,0.2,0.4,0.6
8484,50,1.0,0.1,0.1,0.1,0.1,0.2,0.3,0.5
3885,50,1.0,0.3,0.3,0.3,0.3,0.4,0.5,0.7
5098,50,1.0,0.2,0.3,0.3,0.3,0.4,0.5,0.6
8008,50,1.0,0.1,0.1,0.2,0.2,0.3,0.4,0.6
4623,50,1.0,0.3,0.3,0.3,0.3,0.4,0.6,0.7
3733,50,1.0,0.1,0.1,0.1,0.2,0.2,0.3,0.4
7324,100,1.0,0.2,0.2,0.2,0.2,0.2,0.3,0.4
6711,200,1.0,0.1,0.1,0.1,0.1,0.2,0.3,0.4
2966,50,1.0,0.3,0.3,0.3,0.3,0.3,0.4,0.5
5217,100,1.0,0.2,0.2,0.2,0.2,0.3,0.5,0.6
3812,50,1.0,0.1,0.1,0.1,0.2,0.3,0.5,0.7
2822,100,1.0,0.1,0.1,0.1,0.1,0.2,0.2,0.4
8276,50,1.0,0.1,0.2,0.2,0.2,0.3,0.5,0.7
2987,100,1.0,0.2,0.2,0.2,0.2,0.2,0.3,0.4
3868,50,1.0,0.3,0.3,0.3,0.3,0.4,0.4,0.6
1926,350,1.0,0.1,0.1,0.1,0.1,0.2,0.4,0.6
1351,50,1.0,0.2,0.2,0.2,0.2,0.3,0.4,0.5
2107,50,1.0,0.2,0.2,0.2,0.2,0.3,0.4,0.6
3453,50,1.0,0.3,0.3,0.3,0.4,0.5,0.6,0.7
3674,250,1.0,0.2,0.2,0.2,0.2,0.3,0.5,0.8
7538,300,1.0,0.1,0.1,0.1,0.1,0.2,0.4,0.6
4350,250,1.0,0.1,0.1,0.2,0.2,0.3,0.4,0.6
8998,100,1.0,0.2,0.2,0.3,0.3,0.3,0.4,0.6
5097,150,1.0,0.1,0.1,0.2,0.2,0.2,0.3,0.5
2718,50,1.0,0.2,0.2,0.2,0.2,0.3,0.3,0.5
4543,50,1.0,0.1,0.1,0.1,0.1,0.2,0.3,0.5
8877,50,1.0,0.1,0.1,0.1,0.2,0.2,0.2,0.2
2836,50,1.0,0.2,0.2,0.3,0.3,0.4,0.6,0.7
8791,50,1.0,0.2,0.2,0.2,0.2,0.3,0.5,0.8
2782,300,1.0,0.1,0.1,0.1,0.1,0.2,0.3,0.5
1279,300,1.0,0.1,0.2,0.2,0.2,0.2,0.4,0.6
6442,400,1.0,0.1,0.1,0.1,0.1,0.1,0.2,0.5
1447,50,1.0,0.1,0.1,0.1,0.2,0.3,0.5,0.7
2872,50,1.0,0.1,0.1,0.2,0.2,0.3,0.5,0.7
6269,50,1.0,0.1,0.1,0.1,0.2,0.2,0.2,0.3
7302,350,1.0,0.7,0.7,0.7,0.7,0.7,0.8,0.8
9793,50,1.0,0.4,0.4,0.4,0.4,0.5,0.6,0.7
5191,200,1.0,0.1,0.1,0.1,0.1,0.2,0.2,0.3
4608,50,1.0,0.3,0.3,0.3,0.3,0.4,0.4,0.4
1999,50,1.0,0.1,0.1,0.2,0.2,0.3,0.5,0.7
1023,50,1.0,0.2,0.2,0.2,0.2,0.3,0.4,0.5
9225,250,1.0,0.1,0.1,0.1,0.1,0.2,0.3,0.6
2391,100,1.0,0.1,0.1,0.1,0.2,0.2,0.3,0.5
1874,100,1.0,0.1,0.1,0.2,0.2,0.2,0.3,0.5
9114,350,1.0,0.1,0.1,0.1,0.1,0.1,0.2,0.4
8238,50,1.0,0.1,0.1,0.1,0.2,0.2,0.3,0.5
4265,50,1.0,0.3,0.3,0.3,0.3,0.5,0.6,0.8
9495,150,1.0,0.1,0.1,0.1,0.1,0.2,0.3,0.4
3682,150,1.0,0.1,0.1,0.1,0.1,0.2,0.3,0.5
6974,100,1.0,0.2,0.2,0.2,0.2,0.3,0.4,0.5
6453,150,1.0,0.1,0.2,0.2,0.2,0.3,0.4,0.5
8476,50,1.0,0.2,0.2,0.2,0.2,0.3,0.3,0.5
2309,150,1.0,0.2,0.2,0.2,0.2,0.4,0.6,0.8
8263,50,1.0,0.3,0.3,0.3,0.3,0.4,0.4,0.6
6020,50,1.0,0.4,0.4,0.4,0.4,0.5,0.6,0.7
1216,50,1.0,0.3,0.3,0.3,0.3,0.3,0.4,0.4
1012,50,1.0,0.3,0.3,0.4,0.4,0.5,0.6,0.7
5012,50,1.0,0.3,0.3,0.4,0.4,0.5,0.7,0.7
1339,150,1.0,0.2,0.2,0.2,0.2,0.3,0.4,0.5
7181,50,1.0,0.3,0.3,0.3,0.3,0.5,0.6,0.8
4233,50,1.0,0.1,0.2,0.2,0.2,0.3,0.5,0.7
8649,100,1.0,0.3,0.3,0.3,0.3,0.3,0.4,0.5
2926,100,1.0,0.1,0.1,0.1,0.2,0.2,0.4,0.6
5022,350,1.0,0.1,0.1,0.1,0.1,0.2,0.3,0.4
5286,100,1.0,0.2,0.2,0.2,0.2,0.3,0.5,0.6
9916,150,1.0,0.1,0.1,0.1,0.1,0.2,0.4,0.6
6785,50,1.0,0.2,0.3,0.3,0.3,0.4,0.6,0.8
3300,50,1.0,0.2,0.2,0.2,0.2,0.2,0.3,0.4
555,50,1.0,0.4,0.4,0.4,0.4,0.5,0.5,0.6
3444,50,1.0,0.1,0.1,0.2,0.2,0.5,0.9,0.9
315,200,1.0,0.1,0.1,0.2,0.2,0.2,0.3,0.4
563,100,1.0,0.2,0.2,0.2,0.2,0.3,0.4,0.6
9629,100,1.0,0.1,0.1,0.1,0.2,0.2,0.3,0.4
9523,50,1.0,0.1,0.1,0.2,0.2,0.3,0.4,0.6
6979,650,1.0,0.1,0.1,0.1,0.1,0.2,0.3,0.4
9468,200,1.0,0.1,0.1,0.1,0.2,0.2,0.4,0.6
2544,150,1.0,0.1,0.1,0.1,0.1,0.2,0.2,0.3
5333,50,1.0,0.2,0.2,0.3,0.3,0.4,0.6,0.8
9877,50,1.0,0.4,0.4,0.4,0.4,0.4,0.5,0.6
687,400,1.0,0.1,0.1,0.2,0.2,0.3,0.4,0.6
7068,450,1.0,0.1,0.2,0.2,0.2,0.3,0.4,0.6
2754,50,1.0,0.3,0.3,0.3,0.3,0.4,0.5,0.7
8126,250,1.0,0.1,0.1,0.1,0.1,0.2,0.2,0.4
8440,150,1.0,0.3,0.3,0.3,0.4,0.5,0.7,0.8
4217,100,1.0,0.1,0.1,0.2,0.2,0.2,0.3,0.5
1925,50,1.0,0.3,0.3,0.3,0.3,0.5,0.6,0.8
6106,50,1.0,0.5,0.5,0.5,0.5,0.5,0.6,0.6
9166,250,1.0,0.1,0.1,0.1,0.2,0.2,0.4,0.5
4397,200,1.0,0.1,0.1,0.1,0.1,0.2,0.3,0.4
6060,100,1.0,0.2,0.2,0.2,0.3,0.3,0.5,0.6
8971,200,1.0,0.2,0.2,0.2,0.2,0.3,0.4,0.6
2060,100,1.0,0.1,0.1,0.2,0.2,0.3,0.5,0.7
2565,50,1.0,0.3,0.3,0.4,0.4,0.5,0.6,0.7
4522,100,1.0,0.1,0.1,0.1,0.1,0.2,0.3,0.5
1573,50,1.0,0.3,0.3,0.3,0.3,0.4,0.5,0.6
9555,800,1.0,0.1,0.1,0.1,0.2,0.2,0.4,0.6
4524,100,1.0,0.2,0.2,0.2,0.2,0.3,0.5,0.7
6186,50,1.0,0.1,0.1,0.2,0.2,0.2,0.3,0.5
1509,50,1.0,0.4,0.4,0.4,0.4,0.5,0.5,0.5
8049,200,1.0,0.1,0.1,0.1,0.1,0.2,0.4,0.6
6896,50,1.0,0.2,0.2,0.2,0.3,0.3,0.5,0.6
1771,300,1.0,0.1,0.1,0.1,0.1,0.2,0.3,0.4
5379,50,1.0,0.2,0.2,0.2,0.2,0.3,0.4,0.6
3401,50,1.0,0.3,0.3,0.3,0.3,0.4,0.5,0.7
1347,650,1.0,0.1,0.1,0.1,0.1,0.2,0.4,0.5
3745,150,1.0,0.1,0.1,0.1,0.1,0.2,0.3,0.6
2556,300,1.0,0.1,0.1,0.1,0.1,0.2,0.2,0.4
3254,50,1.0,0.1,0.2,0.2,0.2,0.3,0.4,0.6
5042,50,1.0,0.3,0.3,0.4,0.4,0.4,0.5,0.5
4724,150,1.0,0.2,0.2,0.2,0.2,0.3,0.5,0.7
9449,50,1.0,0.3,0.3,0.4,0.4,0.5,0.7,0.9
9115,150,1.0,0.1,0.1,0.1,0.2,0.2,0.2,0.4
938,50,1.0,0.2,0.2,0.2,0.3,0.4,0.5,0.7
8623,100,1.0,0.2,0.2,0.2,0.2,0.2,0.3,0.4
5933,50,1.0,0.2,0.2,0.2,0.2,0.3,0.3,0.4
2137,50,1.0,0.3,0.3,0.3,0.3,0.3,0.4,0.5
273,50,1.0,0.2,0.2,0.2,0.3,0.3,0.5,0.7
7782,100,1.0,0.1,0.1,0.2,0.2,0.2,0.4,0.6
503,50,1.0,0.3,0.3,0.3,0.3,0.4,0.5,0.6
872,50,1.0,0.4,0.4,0.4,0.4,0.5,0.6,0.7
9059,100,1.0,0.2,0.2,0.2,0.3,0.3,0.5,0.7
4510,400,1.0,0.1,0.2,0.2,0.2,0.3,0.5,0.7
1585,50,1.0,0.3,0.3,0.3,0.4,0.5,0.6,0.7
6542,100,1.0,0.2,0.2,0.2,0.2,0.2,0.3,0.4
3549,400,1.0,0.2,0.2,0.2,0.2,0.3,0.4,0.6
9332,50,1.0,0.2,0.2,0.2,0.2,0.3,0.5,0.6
488,200,1.0,0.1,0.1,0.1,0.1,0.2,0.2,0.4
7214,50,1.0,0.2,0.2,0.2,0.2,0.3,0.4,0.7
5018,50,1.0,0.3,0.3,0.3,0.4,0.4,0.5,0.7
8314,50,1.0,0.1,0.1,0.1,0.1,0.2,0.2,0.4
9257,50,1.0,0.2,0.2,0.2,0.2,0.3,0.3,0.5
141,50,1.0,0.2,0.2,0.2,0.2,0.2,0.3,0.5
4595,50,1.0,0.5,0.5,0.5,0.5,0.6,0.7,0.8
5695,200,1.0,0.2,0.2,0.2,0.2,0.3,0.4,0.6
4579,50,1.0,0.2,0.2,0.2,0.3,0.4,0.6,0.7
7527,50,1.0,0.4,0.4,0.4,0.4,0.4,0.5,0.6
9321,50,1.0,0.6,0.6,0.6,0.6,0.7,0.7,0.7
239,50,1.0,0.3,0.3,0.3,0.3,0.4,0.5,0.7
5485,50,1.0,0.2,0.2,0.2,0.3,0.4,0.6,0.7
4188,900,1.0,0.1,0.1,0.1,0.1,0.1,0.2,0.4
7689,100,1.0,0.1,0.2,0.2,0.2,0.2,0.3,0.5
1027,50,1.0,0.2,0.2,0.2,0.2,0.3,0.4,0.6
9496,100,1.0,0.1,0.2,0.2,0.2,0.3,0.5,0.7
6090,100,1.0,0.1,0.1,0.1,0.1,0.2,0.3,0.5
4702,300,1.0,0.1,0.1,0.1,0.2,0.3,0.4,0.6
7879,200,1.0,0.1,0.1,0.1,0.2,0.2,0.2,0.3
4760,50,1.0,0.1,0.1,0.1,0.1,0.2,0.4,0.7
1146,1200,1.0,0.1,0.1,0.1,0.1,0.2,0.4,0.7
6960,1200,1.0,0.1,0.1,0.1,0.1,0.2,0.3,0.6
351,50,1.0,0.2,0.2,0.2,0.2,0.2,0.3,0.4
1525,1550,1.0,0.1,0.1,0.1,0.1,0.1,0.2,0.4
9753,50,1.0,0.3,0.3,0.3,0.3,0.4,0.6,0.7
9619,1000,1.0,0.1,0.1,0.1,0.1,0.2,0.4,0.8
9715,100,1.0,0.1,0.1,0.1,0.1,0.2,0.3,0.5
5717,100,1.0,0.3,0.3,0.3,0.3,0.3,0.3,0.3
2452,100,1.0,0.3,0.3,0.3,0.3,0.5,0.6,0.7
7907,50,1.0,0.3,0.3,0.3,0.3,0.4,0.5,0.7
2356,800,1.0,0.2,0.2,0.2,0.2,0.2,0.3,0.4
9868,50,1.0,0.2,0.2,0.2,0.2,0.3,0.5,0.6
8833,100,1.0,0.1,0.1,0.1,0.2,0.2,0.3,0.5
4525,100,1.0,0.2,0.2,0.2,0.2,0.3,0.4,0.6
4990,50,1.0,0.3,0.3,0.3,0.3,0.3,0.4,0.5
8237,200,1.0,0.1,0.1,0.2,0.2,0.3,0.4,0.5
9067,100,1.0,0.4,0.4,0.4,0.4,0.5,0.6,0.8
8468,50,1.0,0.2,0.2,0.2,0.2,0.3,0.5,0.6
1029,50,1.0,0.2,0.2,0.2,0.3,0.3,0.5,0.6
251,50,1.0,0.2,0.2,0.3,0.3,0.4,0.6,0.8
4733,350,1.0,0.1,0.1,0.1,0.1,0.1,0.2,0.4
4528,150,1.0,0.1,0.1,0.1,0.1,0.2,0.2,0.3
817,50,1.0,0.2,0.3,0.3,0.3,0.3,0.4,0.6
3074,50,1.0,0.2,0.3,0.3,0.3,0.4,0.5,0.6
5494,100,1.0,0.2,0.2,0.3,0.3,0.4,0.5,0.6
102,50,1.0,0.3,0.3,0.3,0.3,0.5,0.6,0.7
3267,100,1.0,0.1,0.1,0.2,0.2,0.2,0.4,0.5
4610,50,1.0,0.3,0.3,0.3,0.3,0.4,0.5,0.7
4540,50,1.0,0.2,0.2,0.2,0.2,0.3,0.4,0.6
8958,250,1.0,0.1,0.1,0.1,0.1,0.2,0.2,0.3
3111,50,1.0,0.1,0.1,0.1,0.2,0.2,0.3,0.5
2860,100,1.0,0.2,0.2,0.2,0.2,0.2,0.3,0.5
5053,150,1.0,0.1,0.1,0.1,0.2,0.3,0.4,0.7
1616,50,1.0,0.4,0.4,0.4,0.5,0.6,0.8,0.8
6331,700,1.0,0.1,0.1,0.1,0.1,0.1,0.2,0.4
4979,200,1.0,0.1,0.2,0.2,0.2,0.2,0.3,0.5
6202,450,1.0,0.1,0.1,0.1,0.2,0.2,0.3,0.5
4511,150,1.0,0.2,0.2,0.2,0.2,0.2,0.3,0.4
3969,50,1.0,0.3,0.4,0.4,0.4,0.5,0.7,0.8
7737,100,1.0,0.1,0.1,0.1,0.1,0.2,0.3,0.5
6520,50,1.0,0.2,0.2,0.2,0.2,0.3,0.4,0.5
1147,50,1.0,0.2,0.2,0.2,0.2,0.3,0.4,0.5
4533,100,1.0,0.1,0.2,0.2,0.2,0.3,0.4,0.5
2053,400,1.0,0.1,0.1,0.1,0.1,0.3,0.6,0.9
6722,100,1.0,0.1,0.1,0.1,0.2,0.2,0.4,0.7
9187,350,1.0,0.1,0.1,0.1,0.1,0.2,0.3,0.5
1853,150,1.0,0.1,0.1,0.1,0.1,0.2,0.3,0.4
236,50,1.0,0.2,0.2,0.2,0.2,0.4,0.6,0.7
1393,50,1.0,0.3,0.3,0.3,0.3,0.4,0.4,0.6
56,50,1.0,0.4,0.4,0.4,0.5,0.5,0.6,0.7
1552,50,1.0,0.2,0.2,0.2,0.3,0.3,0.5,0.7
497,50,1.0,0.2,0.2,0.2,0.3,0.3,0.4,0.5
8123,150,1.0,0.1,0.1,0.1,0.1,0.2,0.3,0.4
3442,150,1.0,0.1,0.1,0.1,0.2,0.2,0.3,0.5
8752,50,1.0,0.3,0.4,0.4,0.4,0.4,0.5,0.6
2373,100,1.0,0.1,0.1,0.1,0.1,0.2,0.2,0.3
1315,200,1.0,0.1,0.1,0.1,0.2,0.2,0.3,0.4
1311,50,1.0,0.2,0.2,0.3,0.3,0.4,0.5,0.6
9689,50,1.0,0.2,0.2,0.2,0.2,0.3,0.4,0.6
8361,50,1.0,0.3,0.3,0.3,0.3,0.4,0.6,0.7
1272,50,1.0,0.4,0.4,0.4,0.4,0.5,0.6,0.7
4831,200,1.0,0.2,0.2,0.2,0.2,0.3,0.3,0.5
9131,100,1.0,0.1,0.1,0.1,0.2,0.2,0.3,0.4
9526,150,1.0,0.1,0.1,0.1,0.1,0.2,0.3,0.5
5825,50,1.0,0.3,0.3,0.3,0.3,0.3,0.4,0.5
6981,200,1.0,0.2,0.2,0.2,0.2,0.3,0.4,0.5
4356,100,1.0,0.2,0.2,0.2,0.2,0.2,0.3,0.5
7639,300,1.0,0.1,0.1,0.1,0.1,0.2,0.3,0.4
6069,100,1.0,0.2,0.2,0.2,0.2,0.3,0.4,0.5
9264,50,1.0,0.2,0.2,0.2,0.2,0.3,0.4,0.6
2496,150,1.0,0.1,0.1,0.1,0.2,0.3,0.5,0.7
9123,50,1.0,0.2,0.2,0.2,0.2,0.3,0.5,0.7
1940,150,1.0,0.1,0.1,0.1,0.1,0.2,0.4,0.6
7121,100,1.0,0.1,0.1,0.1,0.1,0.2,0.4,0.7
7809,100,1.0,0.1,0.1,0.2,0.2,0.3,0.4,0.5
868,300,1.0,0.1,0.1,0.1,0.1,0.1,0.2,0.4
9485,50,1.0,0.3,0.3,0.3,0.3,0.4,0.5,0.6
3366,100,1.0,0.3,0.3,0.3,0.3,0.3,0.4,0.5
3421,50,1.0,0.2,0.3,0.3,0.3,0.4,0.5,0.7
2164,500,1.0,0.1,0.1,0.1,0.1,0.2,0.4,0.6
5111,200,1.0,0.1,0.1,0.1,0.2,0.3,0.4,0.7
5951,100,1.0,0.2,0.2,0.2,0.2,0.3,0.4,0.6
9545,250,1.0,0.2,0.2,0.2,0.2,0.3,0.4,0.6
1952,50,1.0,0.2,0.2,0.3,0.3,0.4,0.7,0.9
5797,50,1.0,0.2,0.2,0.2,0.3,0.4,0.5,0.6
214,50,1.0,0.2,0.2,0.2,0.2,0.3,0.3,0.5
5112,50,1.0,0.3,0.3,0.3,0.3,0.4,0.5,0.7
3317,50,1.0,0.2,0.2,0.2,0.3,0.3,0.4,0.5
9433,50,1.0,0.1,0.1,0.1,0.1,0.2,0.2,0.3
2868,50,1.0,0.5,0.5,0.5,0.5,0.6,0.7,0.7
719,100,1.0,0.2,0.2,0.2,0.3,0.4,0.5,0.7
5438,50,1.0,0.1,0.1,0.1,0.1,0.2,0.3,0.4
8827,50,1.0,0.2,0.2,0.2,0.2,0.2,0.2,0.3
4599,50,1.0,0.5,0.5,0.5,0.6,0.6,0.7,0.8
1364,150,1.0,0.2,0.2,0.2,0.2,0.3,0.4,0.7
2139,50,1.0,0.2,0.2,0.2,0.2,0.2,0.3,0.4
6623,100,1.0,0.2,0.2,0.2,0.2,0.3,0.4,0.7
3712,50,1.0,0.2,0.2,0.2,0.2,0.3,0.4,0.6
5323,50,1.0,0.3,0.3,0.3,0.3,0.3,0.4,0.6
4427,150,1.0,0.1,0.1,0.1,0.1,0.2,0.3,0.6
2156,50,1.0,0.2,0.2,0.2,0.3,0.3,0.5,0.6
7532,1000,1.0,0.1,0.1,0.1,0.1,0.2,0.3,0.4
7399,100,1.0,0.2,0.2,0.2,0.2,0.3,0.4,0.6
5337,50,1.0,0.1,0.2,0.2,0.2,0.3,0.4,0.5
4657,50,1.0,0.2,0.2,0.3,0.3,0.4,0.5,0.7
4498,50,1.0,0.3,0.3,0.3,0.3,0.4,0.6,0.7
1228,50,1.0,0.2,0.2,0.2,0.2,0.3,0.4,0.5
7453,50,1.0,0.2,0.3,0.3,0.3,0.5,0.7,0.8
3944,50,1.0,0.2,0.2,0.2,0.2,0.2,0.3,0.5
6457,50,1.0,0.2,0.2,0.2,0.3,0.3,0.4,0.5
3410,200,1.0,0.1,0.1,0.1,0.1,0.1,0.2,0.4
1674,150,1.0,0.2,0.2,0.2,0.2,0.3,0.4,0.6
4375,100,1.0,0.1,0.1,0.1,0.1,0.2,0.2,0.4
624,50,1.0,0.1,0.2,0.2,0.2,0.2,0.4,0.6
4683,50,1.0,0.4,0.4,0.4,0.4,0.5,0.5,0.7
4288,100,1.0,0.2,0.2,0.2,0.2,0.3,0.5,0.7
2413,300,1.0,0.1,0.1,0.1,0.1,0.3,0.7,0.8
7135,100,1.0,0.1,0.1,0.1,0.1,0.2,0.4,0.6
6654,100,1.0,0.2,0.2,0.2,0.2,0.2,0.3,0.4
2845,200,1.0,0.2,0.2,0.2,0.2,0.3,0.4,0.6
6837,150,1.0,0.1,0.2,0.2,0.2,0.2,0.3,0.4
366,50,1.0,0.2,0.2,0.2,0.2,0.3,0.4,0.5
779,50,1.0,0.1,0.1,0.1,0.1,0.2,0.3,0.5
6708,100,1.0,0.1,0.1,0.1,0.2,0.2,0.3,0.4
6604,50,1.0,0.1,0.2,0.2,0.2,0.2,0.3,0.5
9999,50,1.0,0.2,0.2,0.2,0.2,0.3,0.4,0.5
165,200,1.0,0.1,0.1,0.1,0.1,0.2,0.3,0.4
5370,150,1.0,0.1,0.1,0.1,0.1,0.2,0.3,0.5
6767,50,1.0,0.2,0.2,0.2,0.2,0.2,0.3,0.4
1836,400,1.0,0.1,0.1,0.1,0.1,0.2,0.2,0.3
9104,650,1.0,0.1,0.1,0.1,0.1,0.1,0.2,0.3
1409,50,1.0,0.3,0.3,0.3,0.3,0.3,0.4,0.5
5904,250,1.0,0.1,0.1,0.1,0.2,0.2,0.3,0.5
1994,100,1.0,0.1,0.1,0.1,0.1,0.2,0.3,0.6
120,50,1.0,0.3,0.3,0.4,0.4,0.5,0.7,0.8
136,100,1.0,0.2,0.2,0.2,0.3,0.3,0.4,0.7
892,50,1.0,0.1,0.1,0.2,0.2,0.3,0.5,0.6
9616,200,1.0,0.2,0.2,0.2,0.3,0.3,0.5,0.6
2073,50,1.0,0.5,0.5,0.5,0.5,0.5,0.5,0.5
7449,150,1.0,0.1,0.1,0.2,0.2,0.2,0.3,0.4
5048,150,1.0,0.2,0.2,0.2,0.2,0.3,0.4,0.6
9596,50,1.0,0.2,0.2,0.3,0.3,0.4,0.5,0.7
3800,50,1.0,0.2,0.2,0.2,0.2,0.3,0.4,0.6
4162,50,1.0,0.2,0.2,0.2,0.2,0.3,0.4,0.6
6307,50,1.0,0.2,0.2,0.2,0.3,0.3,0.4,0.6
3322,50,1.0,0.2,0.2,0.2,0.3,0.4,0.5,0.7
1250,100,1.0,0.2,0.2,0.2,0.3,0.3,0.5,0.7
8026,50,1.0,0.2,0.2,0.3,0.3,0.4,0.5,0.7
587,200,1.0,0.1,0.1,0.1,0.1,0.2,0.2,0.4
2968,50,1.0,0.2,0.2,0.2,0.2,0.3,0.5,0.7
2547,200,1.0,0.1,0.1,0.1,0.1,0.2,0.2,0.4
3778,50,1.0,0.4,0.4,0.4,0.5,0.5,0.6,0.7
7027,50,1.0,0.2,0.2,0.2,0.2,0.3,0.5,0.6
4235,100,1.0,0.1,0.1,0.1,0.2,0.2,0.4,0.5
2572,200,1.0,0.2,0.2,0.2,0.2,0.2,0.3,0.5
5573,50,1.0,0.2,0.2,0.2,0.3,0.4,0.5,0.6
4502,50,1.0,0.2,0.2,0.3,0.3,0.4,0.6,0.7
4232,150,1.0,0.2,0.2,0.2,0.2,0.2,0.3,0.4
8244,300,1.0,0.1,0.1,0.1,0.2,0.2,0.3,0.5
3848,50,1.0,0.1,0.1,0.1,0.1,0.2,0.3,0.5
4582,50,1.0,0.2,0.3,0.3,0.3,0.4,0.5,0.6
234,50,1.0,0.1,0.1,0.2,0.2,0.3,0.6,0.8
8662,50,1.0,0.1,0.1,0.1,0.1,0.2,0.3,0.5
9669,50,1.0,0.2,0.2,0.2,0.3,0.6,0.9,0.9
7118,50,1.0,0.4,0.4,0.4,0.4,0.4,0.5,0.5
4297,100,1.0,0.2,0.2,0.2,0.2,0.3,0.4,0.6
7042,400,1.0,0.1,0.1,0.1,0.1,0.2,0.3,0.5
3288,50,1.0,0.4,0.4,0.4,0.4,0.4,0.5,0.5
323,50,1.0,0.3,0.3,0.4,0.4,0.5,0.7,0.8
1277,100,1.0,0.1,0.2,0.2,0.2,0.3,0.5,0.8
8679,300,1.0,0.1,0.1,0.1,0.1,0.2,0.4,0.6
271,100,1.0,0.1,0.1,0.1,0.1,0.2,0.3,0.4
9444,100,1.0,0.1,0.1,0.1,0.2,0.2,0.3,0.5
62,50,1.0,0.2,0.2,0.2,0.2,0.2,0.3,0.5
7441,1000,1.0,0.1,0.1,0.1,0.1,0.2,0.3,0.5
7421,150,1.0,0.1,0.1,0.1,0.1,0.3,0.5,0.7
8438,100,1.0,0.1,0.1,0.1,0.1,0.1,0.2,0.3
3614,700,1.0,0.1,0.1,0.1,0.1,0.2,0.3,0.5
7596,100,1.0,0.1,0.1,0.2,0.2,0.2,0.3,0.4
792,150,1.0,0.1,0.1,0.1,0.2,0.3,0.4,0.6
401,100,1.0,0.2,0.2,0.2,0.2,0.3,0.4,0.6
2343,100,1.0,0.2,0.2,0.2,0.2,0.3,0.4,0.5
5192,50,1.0,0.2,0.2,0.2,0.2,0.3,0.5,0.6
356,300,1.0,0.1,0.1,0.1,0.2,0.2,0.2,0.4
118,50,1.0,0.3,0.3,0.3,0.3,0.4,0.5,0.7
4290,50,1.0,0.3,0.3,0.3,0.4,0.4,0.5,0.6
9642,100,1.0,0.2,0.2,0.2,0.2,0.3,0.4,0.6
9639,150,1.0,0.1,0.1,0.1,0.1,0.2,0.3,0.5
831,50,1.0,0.1,0.1,0.1,0.1,0.2,0.3,0.5
9756,150,1.0,0.1,0.1,0.1,0.2,0.3,0.7,0.9
7084,50,1.0,0.2,0.2,0.2,0.3,0.4,0.5,0.7
1507,150,1.0,0.1,0.1,0.1,0.2,0.2,0.3,0.5
3962,50,1.0,0.1,0.2,0.2,0.2,0.2,0.4,0.6
9213,100,1.0,0.1,0.1,0.1,0.1,0.2,0.3,0.4
3633,50,1.0,0.2,0.2,0.2,0.3,0.3,0.4,0.6
1802,50,1.0,0.1,0.1,0.1,0.1,0.2,0.3,0.6
3884,100,1.0,0.1,0.2,0.2,0.2,0.3,0.4,0.6
3280,800,1.0,0.1,0.1,0.1,0.1,0.2,0.3,0.5
8505,100,1.0,0.2,0.2,0.2,0.2,0.3,0.5,0.7
8756,100,1.0,0.1,0.1,0.2,0.2,0.2,0.3,0.5
2294,50,1.0,0.2,0.2,0.2,0.3,0.3,0.4,0.5
8849,200,1.0,0.1,0.1,0.2,0.2,0.2,0.4,0.5
6040,50,1.0,0.2,0.2,0.2,0.3,0.3,0.4,0.6
4286,50,1.0,0.4,0.4,0.4,0.4,0.4,0.4,0.4
8234,500,1.0,0.1,0.1,0.1,0.1,0.2,0.4,0.7
5912,50,1.0,0.3,0.4,0.4,0.4,0.5,0.6,0.7
9033,50,1.0,0.1,0.1,0.1,0.2,0.3,0.4,0.7
5967,50,1.0,0.2,0.2,0.3,0.3,0.4,0.6,0.9
586,100,1.0,0.1,0.1,0.1,0.2,0.2,0.4,0.5
1048,50,1.0,0.3,0.3,0.4,0.4,0.4,0.5,0.6
1428,200,1.0,0.1,0.1,0.1,0.1,0.2,0.4,0.6
8801,50,1.0,0.2,0.2,0.2,0.3,0.4,0.5,0.7
2771,50,1.0,0.1,0.1,0.1,0.2,0.2,0.3,0.4
197,50,1.0,0.3,0.3,0.3,0.3,0.4,0.5,0.6
7022,200,1.0,0.1,0.1,0.1,0.1,0.2,0.3,0.6
3100,50,1.0,0.2,0.2,0.2,0.2,0.3,0.4,0.5
725,450,1.0,0.1,0.1,0.1,0.1,0.2,0.3,0.5
4355,50,1.0,0.2,0.2,0.2,0.3,0.3,0.5,0.6
3325,50,1.0,0.4,0.4,0.4,0.4,0.6,0.7,0.8
9651,100,1.0,0.2,0.2,0.2,0.3,0.3,0.5,0.7
1499,50,1.0,0.1,0.1,0.1,0.2,0.3,0.4,0.7
8010,100,1.0,0.1,0.1,0.2,0.2,0.2,0.3,0.5
8809,50,1.0,0.3,0.3,0.3,0.4,0.5,0.6,0.8
2820,50,1.0,0.3,0.3,0.3,0.4,0.5,0.6,0.8
8455,50,1.0,0.2,0.2,0.2,0.2,0.3,0.4,0.5
9823,50,1.0,0.2,0.2,0.2,0.2,0.3,0.5,0.6
6619,150,1.0,0.1,0.1,0.1,0.2,0.2,0.3,0.5
5788,250,1.0,0.1,0.1,0.1,0.1,0.1,0.2,0.4
6677,50,1.0,0.2,0.2,0.2,0.3,0.6,0.9,0.9
515,150,1.0,0.1,0.2,0.2,0.2,0.3,0.4,0.5
6718,700,1.0,0.1,0.1,0.1,0.1,0.2,0.5,0.8
5804,50,1.0,0.1,0.1,0.1,0.2,0.2,0.4,0.7
3494,50,1.0,0.3,0.3,0.3,0.3,0.4,0.5,0.6
2023,300,1.0,0.1,0.1,0.1,0.1,0.2,0.3,0.6
1293,150,1.0,0.1,0.1,0.1,0.2,0.2,0.4,0.6
2162,550,1.0,0.1,0.1,0.1,0.1,0.2,0.3,0.6
4707,50,1.0,0.3,0.3,0.3,0.3,0.3,0.4,0.5
3559,50,1.0,0.2,0.2,0.2,0.2,0.2,0.3,0.3
7760,50,1.0,0.2,0.2,0.2,0.3,0.4,0.5,0.7
2584,50,1.0,0.4,0.4,0.4,0.5,0.5,0.6,0.6
4418,150,1.0,0.1,0.1,0.1,0.1,0.2,0.3,0.5
375,100,1.0,0.1,0.2,0.2,0.2,0.2,0.3,0.4
3601,400,1.0,0.1,0.1,0.1,0.1,0.2,0.3,0.5
7910,200,1.0,0.1,0.1,0.1,0.1,0.2,0.3,0.5
6528,50,1.0,0.2,0.2,0.2,0.2,0.2,0.3,0.4
1528,200,1.0,0.1,0.1,0.2,0.2,0.3,0.4,0.7
8511,50,1.0,0.2,0.2,0.2,0.2,0.3,0.4,0.6
4008,100,1.0,0.1,0.1,0.1,0.2,0.2,0.4,0.6
9255,150,1.0,0.1,0.1,0.1,0.1,0.2,0.4,0.6
5987,200,1.0,0.2,0.2,0.2,0.2,0.3,0.4,0.6
8965,50,1.0,0.1,0.1,0.1,0.1,0.2,0.3,0.5
2939,150,1.0,0.2,0.2,0.2,0.2,0.2,0.3,0.4
6183,50,1.0,0.1,0.1,0.1,0.1,0.2,0.3,0.5
4523,50,1.0,0.2,0.2,0.2,0.2,0.3,0.4,0.6
5796,50,1.0,0.3,0.3,0.3,0.3,0.4,0.5,0.6
7265,50,1.0,0.1,0.1,0.1,0.2,0.2,0.3,0.5
8240,50,1.0,0.2,0.2,0.2,0.2,0.3,0.4,0.6
1974,50,1.0,0.2,0.3,0.3,0.3,0.3,0.4,0.6
1543,50,1.0,0.1,0.2,0.2,0.2,0.2,0.4,0.5
7964,100,1.0,0.1,0.1,0.1,0.2,0.2,0.4,0.6
8493,50,1.0,0.2,0.2,0.2,0.2,0.3,0.4,0.7
3441,300,1.0,0.1,0.1,0.1,0.1,0.2,0.3,0.5
8177,500,1.0,0.1,0.1,0.1,0.1,0.2,0.3,0.6
1697,50,1.0,0.3,0.4,0.4,0.4,0.5,0.6,0.8
8378,250,1.0,0.2,0.2,0.2,0.2,0.4,0.5,0.6
4019,100,1.0,0.2,0.2,0.2,0.2,0.2,0.3,0.4
5885,100,1.0,0.2,0.2,0.2,0.2,0.3,0.5,0.7
4802,100,1.0,0.2,0.2,0.2,0.2,0.3,0.5,0.7
1316,250,1.0,0.1,0.1,0.1,0.1,0.1,0.2,0.5
9534,100,1.0,0.2,0.2,0.2,0.2,0.2,0.3,0.4
9582,200,1.0,0.1,0.1,0.2,0.2,0.2,0.3,0.4
7911,50,1.0,0.2,0.3,0.3,0.3,0.4,0.5,0.6
2340,100,1.0,0.2,0.2,0.2,0.3,0.3,0.4,0.6
5418,50,1.0,0.2,0.2,0.2,0.2,0.3,0.3,0.5
5755,50,1.0,0.3,0.3,0.3,0.3,0.4,0.5,0.6
6274,100,1.0,0.1,0.2,0.2,0.2,0.3,0.5,0.7
4416,150,1.0,0.2,0.2,0.2,0.3,0.3,0.4,0.6
636,50,1.0,0.3,0.3,0.3,0.4,0.5,0.6,0.7
8554,50,1.0,0.4,0.5,0.5,0.6,0.7,0.8,0.9
2611,250,1.0,0.1,0.1,0.1,0.1,0.2,0.3,0.4
7952,50,1.0,0.3,0.3,0.3,0.3,0.3,0.3,0.4
617,50,1.0,0.3,0.3,0.3,0.4,0.4,0.5,0.7
3469,50,1.0,0.2,0.2,0.2,0.2,0.3,0.3,0.5
9432,350,1.0,0.1,0.1,0.1,0.1,0.2,0.3,0.4
9859,350,1.0,0.1,0.1,0.1,0.1,0.2,0.3,0.5
7094,50,1.0,0.4,0.4,0.5,0.5,0.5,0.6,0.7
4070,50,1.0,0.2,0.2,0.3,0.3,0.4,0.5,0.7
3911,50,1.0,0.3,0.3,0.4,0.4,0.5,0.6,0.8
6696,150,1.0,0.1,0.1,0.1,0.1,0.2,0.3,0.7
4994,50,1.0,0.1,0.1,0.1,0.2,0.2,0.3,0.6
3303,50,1.0,0.2,0.3,0.3,0.3,0.4,0.5,0.7
8818,50,1.0,0.3,0.3,0.3,0.3,0.3,0.4,0.5
6173,100,1.0,0.5,0.5,0.5,0.6,0.7,0.7,0.8
6694,50,1.0,0.2,0.2,0.3,0.3,0.4,0.6,0.7
4403,50,1.0,0.1,0.1,0.1,0.2,0.3,0.6,0.9
8227,100,1.0,0.2,0.2,0.2,0.3,0.3,0.5,0.6
8233,50,1.0,0.2,0.2,0.2,0.2,0.3,0.4,0.5
2862,50,1.0,0.3,0.3,0.3,0.3,0.5,0.8,0.9
5608,50,1.0,0.2,0.3,0.3,0.3,0.4,0.6,0.8
2198,300,1.0,0.1,0.1,0.1,0.1,0.2,0.3,0.5
4302,50,1.0,0.2,0.2,0.2,0.2,0.2,0.3,0.5
6870,50,1.0,0.1,0.1,0.2,0.2,0.3,0.5,0.7
1995,50,1.0,0.2,0.2,0.2,0.3,0.3,0.4,0.5
8513,100,1.0,0.1,0.1,0.1,0.1,0.2,0.3,0.5
8551,250,1.0,0.3,0.3,0.3,0.3,0.4,0.5,0.6
7731,100,1.0,0.2,0.2,0.2,0.2,0.3,0.4,0.6
8105,50,1.0,0.2,0.2,0.2,0.3,0.4,0.5,0.8
2009,50,1.0,0.2,0.2,0.2,0.2,0.3,0.4,0.6
8245,50,1.0,0.2,0.2,0.2,0.2,0.3,0.4,0.5
5478,1150,1.0,0.1,0.1,0.1,0.2,0.2,0.4,0.6
3887,100,1.0,0.2,0.3,0.3,0.3,0.3,0.4,0.5
9658,50,1.0,0.5,0.5,0.5,0.5,0.6,0.6,0.6
5821,200,1.0,0.2,0.2,0.2,0.2,0.3,0.5,0.8
6901,50,1.0,0.2,0.2,0.2,0.2,0.2,0.3,0.5
2713,50,1.0,0.2,0.2,0.2,0.3,0.4,0.5,0.7
8156,50,1.0,0.1,0.1,0.2,0.2,0.3,0.4,0.6
2178,250,1.0,0.2,0.2,0.2,0.3,0.4,0.7,0.9
9819,350,1.0,0.1,0.1,0.1,0.1,0.2,0.3,0.5
4261,50,1.0,0.2,0.2,0.2,0.2,0.3,0.3,0.4
1706,50,1.0,0.2,0.2,0.2,0.2,0.3,0.3,0.4
6505,100,1.0,0.3,0.3,0.3,0.3,0.4,0.5,0.6
8782,50,1.0,0.1,0.1,0.2,0.2,0.3,0.4,0.7
9337,150,1.0,0.1,0.2,0.2,0.2,0.3,0.5,0.8
4295,150,1.0,0.2,0.2,0.2,0.3,0.3,0.3,0.4
9891,50,1.0,0.2,0.2,0.2,0.2,0.3,0.5,0.7
7052,50,1.0,0.2,0.2,0.2,0.3,0.3,0.4,0.5
9053,200,1.0,0.1,0.1,0.1,0.1,0.2,0.3,0.5
3094,50,1.0,0.2,0.2,0.2,0.2,0.3,0.5,0.7
2590,50,1.0,0.4,0.4,0.4,0.4,0.5,0.6,0.8
2305,50,1.0,0.2,0.2,0.2,0.3,0.4,0.5,0.7
4804,200,1.0,0.1,0.1,0.2,0.2,0.2,0.4,0.5
8722,100,1.0,0.2,0.2,0.2,0.3,0.3,0.5,0.7
5520,50,1.0,0.3,0.4,0.4,0.4,0.5,0.6,0.8
4551,100,1.0,0.2,0.2,0.2,0.2,0.3,0.5,0.7
6229,50,1.0,0.3,0.3,0.3,0.3,0.4,0.5,0.7
3789,100,1.0,0.1,0.1,0.2,0.2,0.2,0.3,0.5
8684,100,1.0,0.1,0.2,0.2,0.2,0.2,0.3,0.4
1457,50,1.0,0.2,0.2,0.2,0.2,0.3,0.5,0.7
3838,50,1.0,0.3,0.3,0.3,0.3,0.3,0.4,0.5
9195,50,1.0,0.1,0.1,0.2,0.2,0.2,0.3,0.5
132,50,1.0,0.1,0.1,0.2,0.2,0.3,0.4,0.6
1118,50,1.0,0.7,0.7,0.7,0.7,0.8,0.8,0.8
2235,150,1.0,0.2,0.2,0.2,0.3,0.3,0.4,0.5
4916,450,1.0,0.1,0.2,0.2,0.2,0.2,0.3,0.5
5995,150,1.0,0.1,0.1,0.1,0.1,0.1,0.2,0.4
1590,50,1.0,0.2,0.2,0.2,0.2,0.3,0.5,0.8
1596,50,1.0,0.2,0.2,0.2,0.3,0.4,0.6,0.8
6548,50,1.0,0.2,0.2,0.2,0.2,0.3,0.4,0.5
3396,200,1.0,0.1,0.1,0.1,0.2,0.3,0.5,0.7
5791,50,1.0,0.3,0.3,0.3,0.4,0.5,0.7,0.8
5574,150,1.0,0.2,0.2,0.2,0.2,0.2,0.3,0.4
5137,50,1.0,0.5,0.5,0.5,0.5,0.6,0.7,0.7
4967,150,1.0,0.1,0.1,0.1,0.1,0.2,0.3,0.5
1862,100,1.0,0.2,0.2,0.2,0.2,0.3,0.4,0.5
5487,50,1.0,0.3,0.3,0.3,0.3,0.3,0.4,0.5
9163,100,1.0,0.1,0.1,0.1,0.2,0.2,0.4,0.6
1097,50,1.0,0.2,0.2,0.2,0.2,0.4,0.6,0.8
9567,50,1.0,0.2,0.2,0.2,0.2,0.3,0.4,0.7
830,250,1.0,0.1,0.2,0.2,0.2,0.3,0.4,0.5
3986,100,1.0,0.1,0.1,0.1,0.1,0.2,0.3,0.4
9771,50,1.0,0.5,0.5,0.5,0.5,0.6,0.7,0.8
6350,450,1.0,0.2,0.2,0.2,0.2,0.3,0.3,0.4
8824,50,1.0,0.2,0.2,0.3,0.3,0.3,0.4,0.5
2286,50,1.0,0.1,0.1,0.1,0.2,0.2,0.4,0.5
3990,300,1.0,0.1,0.1,0.1,0.2,0.2,0.2,0.4
1407,100,1.0,0.1,0.1,0.1,0.2,0.3,0.4,0.5
2078,50,1.0,0.2,0.2,0.3,0.3,0.3,0.4,0.5
5237,250,1.0,0.1,0.1,0.1,0.1,0.2,0.3,0.5
9058,100,1.0,0.2,0.2,0.2,0.2,0.2,0.3,0.5
4200,200,1.0,0.1,0.1,0.1,0.1,0.2,0.4,0.6
331,700,1.0,0.1,0.1,0.1,0.1,0.2,0.3,0.5
6537,50,1.0,0.1,0.1,0.1,0.2,0.2,0.3,0.4
9792,50,1.0,0.3,0.3,0.3,0.3,0.4,0.5,0.7
5557,450,1.0,0.1,0.2,0.2,0.2,0.3,0.6,0.9
5082,50,1.0,0.2,0.2,0.2,0.2,0.3,0.4,0.6
1200,250,1.0,0.1,0.1,0.1,0.1,0.1,0.2,0.3
7343,100,1.0,0.1,0.1,0.1,0.1,0.2,0.3,0.5
5539,50,1.0,0.2,0.2,0.2,0.2,0.3,0.5,0.7
2450,50,1.0,0.1,0.1,0.2,0.2,0.3,0.4,0.6
1797,50,1.0,0.4,0.4,0.5,0.5,0.6,0.8,0.8
3535,150,1.0,0.2,0.2,0.2,0.2,0.3,0.4,0.6
1869,150,1.0,0.1,0.1,0.1,0.2,0.2,0.3,0.5
3609,50,1.0,0.2,0.2,0.2,0.2,0.3,0.4,0.6
5218,850,1.0,0.1,0.1,0.1,0.1,0.2,0.3,0.5
7155,800,1.0,0.1,0.1,0.1,0.1,0.2,0.3,0.5
3721,50,1.0,0.3,0.3,0.3,0.3,0.3,0.4,0.5
6192,50,1.0,0.2,0.2,0.2,0.2,0.3,0.4,0.5
6034,50,1.0,0.5,0.5,0.5,0.6,0.6,0.6,0.7
3731,250,1.0,0.1,0.1,0.1,0.1,0.2,0.3,0.4
1921,50,1.0,0.2,0.2,0.2,0.3,0.3,0.4,0.6
2624,50,1.0,0.2,0.2,0.2,0.2,0.4,0.5,0.7
3554,400,1.0,0.1,0.1,0.1,0.1,0.2,0.2,0.5
1108,50,1.0,0.2,0.2,0.2,0.2,0.3,0.5,0.7
3228,50,1.0,0.3,0.3,0.3,0.3,0.3,0.3,0.3
2994,50,1.0,0.2,0.3,0.3,0.3,0.4,0.5,0.7
987,100,1.0,0.2,0.3,0.3,0.3,0.4,0.5,0.7
5988,100,1.0,0.1,0.1,0.1,0.1,0.2,0.3,0.4
726,50,1.0,0.3,0.3,0.3,0.4,0.4,0.6,0.7
6559,100,1.0,0.2,0.2,0.2,0.3,0.3,0.5,0.7
1721,100,1.0,0.1,0.1,0.1,0.1,0.2,0.2,0.4
343,200,1.0,0.1,0.2,0.2,0.2,0.3,0.4,0.6
9212,100,1.0,0.2,0.2,0.2,0.2,0.3,0.4,0.5
2088,150,1.0,0.1,0.1,0.1,0.2,0.2,0.3,0.5
3555,50,1.0,0.2,0.2,0.2,0.2,0.3,0.3,0.5
5354,50,1.0,0.2,0.2,0.3,0.3,0.3,0.4,0.5
7060,200,1.0,0.1,0.1,0.1,0.1,0.2,0.2,0.4
1410,50,1.0,0.2,0.2,0.2,0.3,0.3,0.4,0.6
8926,50,1.0,0.1,0.1,0.1,0.1,0.2,0.3,0.5
8265,100,1.0,0.1,0.2,0.2,0.2,0.2,0.3,0.5
2838,50,1.0,0.4,0.4,0.4,0.5,0.6,0.7,0.8
1443,100,1.0,0.1,0.1,0.1,0.2,0.3,0.4,0.6
6674,50,1.0,0.1,0.1,0.1,0.2,0.2,0.4,0.5
5776,200,1.0,0.1,0.1,0.1,0.2,0.2,0.3,0.5
5649,5000,0.9,0.1,0.1,0.1,0.1,0.2,0.3,0.6
6671,600,1.0,0.1,0.1,0.1,0.1,0.2,0.3,0.6
6487,100,1.0,0.1,0.1,0.1,0.1,0.2,0.4,0.6
9102,50,1.0,0.4,0.4,0.4,0.4,0.4,0.5,0.7
7185,50,1.0,0.3,0.3,0.3,0.3,0.3,0.4,0.5
6462,50,1.0,0.2,0.2,0.3,0.3,0.4,0.5,0.6
5314,150,1.0,0.1,0.1,0.1,0.1,0.2,0.2,0.4
8862,50,1.0,0.2,0.2,0.2,0.2,0.3,0.3,0.4
2059,100,1.0,0.1,0.1,0.1,0.2,0.3,0.5,0.8
6093,50,1.0,0.2,0.2,0.2,0.3,0.3,0.4,0.5
6479,50,1.0,0.1,0.1,0.1,0.1,0.2,0.3,0.5
3805,50,1.0,0.2,0.2,0.2,0.2,0.3,0.3,0.5
4712,100,1.0,0.2,0.2,0.2,0.2,0.3,0.4,0.5
1677,250,1.0,0.2,0.2,0.2,0.2,0.2,0.3,0.4
3235,150,1.0,0.1,0.1,0.1,0.1,0.2,0.2,0.3
1627,750,1.0,0.1,0.1,0.1,0.1,0.2,0.3,0.4
3227,50,1.0,0.2,0.3,0.3,0.3,0.4,0.5,0.7
3700,350,1.0,0.1,0.1,0.2,0.2,0.2,0.2,0.3
6262,500,1.0,0.1,0.1,0.1,0.1,0.2,0.3,0.5
6554,100,1.0,0.3,0.3,0.3,0.3,0.4,0.5,0.7
9834,50,1.0,0.2,0.2,0.2,0.2,0.2,0.4,0.5
7967,550,1.0,0.2,0.2,0.2,0.2,0.2,0.3,0.4
1643,150,1.0,0.1,0.1,0.1,0.2,0.2,0.4,0.5
3276,250,1.0,0.2,0.2,0.2,0.2,0.3,0.4,0.7
7297,50,1.0,0.4,0.4,0.4,0.4,0.5,0.6,0.7
9944,100,1.0,0.1,0.1,0.1,0.1,0.2,0.2,0.4
1811,300,1.0,0.1,0.1,0.1,0.1,0.2,0.3,0.5
6721,100,1.0,0.2,0.2,0.2,0.2,0.3,0.4,0.6
2597,100,1.0,0.2,0.2,0.2,0.2,0.3,0.3,0.5
7806,800,1.0,0.1,0.1,0.1,0.1,0.2,0.3,0.5
4364,200,1.0,0.2,0.2,0.2,0.2,0.3,0.4,0.6
9900,50,1.0,0.2,0.2,0.2,0.3,0.5,0.8,0.9
8356,100,1.0,0.2,0.2,0.2,0.2,0.3,0.5,0.7
7370,50,1.0,0.2,0.2,0.2,0.3,0.3,0.4,0.6
9155,100,1.0,0.1,0.2,0.2,0.2,0.3,0.4,0.6
6880,100,1.0,0.1,0.1,0.2,0.2,0.3,0.5,0.7
4226,150,1.0,0.1,0.1,0.1,0.2,0.2,0.3,0.4
7321,100,1.0,0.2,0.2,0.2,0.2,0.2,0.3,0.4
7386,50,1.0,0.2,0.2,0.2,0.2,0.3,0.5,0.8
2419,500,1.0,0.1,0.1,0.1,0.2,0.2,0.3,0.5
3811,50,1.0,0.3,0.4,0.4,0.4,0.5,0.6,0.7
3058,350,1.0,0.1,0.1,0.1,0.1,0.2,0.3,0.5
9327,50,1.0,0.2,0.2,0.2,0.2,0.3,0.4,0.5
450,100,1.0,0.2,0.2,0.2,0.2,0.3,0.5,0.7
7011,50,1.0,0.3,0.3,0.3,0.3,0.4,0.4,0.5
5100,150,1.0,0.1,0.1,0.1,0.2,0.2,0.4,0.6
4957,250,1.0,0.1,0.1,0.1,0.2,0.2,0.4,0.5
2918,50,1.0,0.1,0.1,0.2,0.2,0.2,0.3,0.4
4002,150,1.0,0.1,0.1,0.2,0.2,0.2,0.3,0.5
3038,300,1.0,0.1,0.1,0.1,0.1,0.2,0.3,0.4
7778,200,1.0,0.2,0.2,0.2,0.2,0.3,0.5,0.7
8841,100,1.0,0.2,0.2,0.2,0.2,0.3,0.4,0.5
8028,100,1.0,0.2,0.2,0.2,0.2,0.3,0.4,0.6
4052,50,1.0,0.2,0.2,0.2,0.2,0.3,0.4,0.6
2285,100,1.0,0.2,0.2,0.2,0.2,0.3,0.3,0.4
8209,100,1.0,0.2,0.2,0.2,0.2,0.3,0.4,0.6
2501,50,1.0,0.3,0.3,0.3,0.4,0.5,0.6,0.8
1396,100,1.0,0.3,0.3,0.3,0.3,0.4,0.5,0.6
979,100,1.0,0.1,0.1,0.1,0.2,0.2,0.3,0.6
8575,50,1.0,0.3,0.3,0.3,0.3,0.3,0.4,0.5
6393,50,1.0,0.2,0.2,0.2,0.2,0.3,0.4,0.6
5924,100,1.0,0.2,0.2,0.2,0.2,0.3,0.4,0.5
9955,100,1.0,0.1,0.2,0.2,0.2,0.2,0.4,0.5
168,650,1.0,0.1,0.1,0.1,0.1,0.2,0.3,0.5
5488,100,1.0,0.1,0.2,0.2,0.2,0.2,0.3,0.4
9613,50,1.0,0.3,0.3,0.3,0.4,0.5,0.7,0.8
9305,50,1.0,0.2,0.2,0.2,0.2,0.4,0.5,0.7
2625,50,1.0,0.3,0.3,0.3,0.4,0.5,0.7,0.7
4236,150,1.0,0.1,0.1,0.1,0.2,0.2,0.3,0.4
9183,200,1.0,0.1,0.1,0.1,0.1,0.2,0.3,0.5
9650,100,1.0,0.1,0.1,0.1,0.2,0.2,0.4,0.6
4076,100,1.0,0.1,0.2,0.2,0.2,0.2,0.3,0.5
9242,50,1.0,0.2,0.2,0.3,0.3,0.3,0.4,0.6
8386,50,1.0,0.2,0.2,0.3,0.3,0.3,0.4,0.6
3999,350,1.0,0.2,0.2,0.2,0.2,0.2,0.3,0.3
9412,100,1.0,0.1,0.1,0.1,0.1,0.2,0.3,0.5
8460,50,1.0,0.2,0.2,0.2,0.2,0.3,0.4,0.5
6219,50,1.0,0.3,0.3,0.3,0.3,0.4,0.5,0.6
1350,50,1.0,0.2,0.2,0.2,0.2,0.2,0.3,0.3
9381,50,1.0,0.3,0.3,0.4,0.4,0.5,0.6,0.7
3729,50,1.0,0.5,0.5,0.5,0.5,0.6,0.6,0.6
5230,50,1.0,0.2,0.2,0.2,0.2,0.3,0.4,0.5
8142,50,1.0,0.3,0.3,0.3,0.3,0.4,0.5,0.6
5536,50,1.0,0.2,0.2,0.2,0.2,0.2,0.3,0.5
8757,50,1.0,0.2,0.2,0.2,0.2,0.2,0.3,0.5
360,50,1.0,0.2,0.2,0.2,0.3,0.4,0.6,0.7
753,50,1.0,0.2,0.2,0.2,0.3,0.4,0.7,0.9
709,50,1.0,0.3,0.3,0.3,0.3,0.4,0.5,0.6
4460,100,1.0,0.2,0.2,0.2,0.2,0.2,0.3,0.4
4198,50,1.0,0.2,0.2,0.2,0.2,0.3,0.5,0.7
9347,50,1.0,0.4,0.4,0.4,0.4,0.5,0.6,0.7
8048,150,1.0,0.1,0.1,0.1,0.1,0.2,0.3,0.4
5243,100,1.0,0.2,0.2,0.3,0.3,0.4,0.5,0.6
5633,150,1.0,0.1,0.1,0.2,0.2,0.2,0.3,0.5
1791,100,1.0,0.1,0.1,0.1,0.2,0.2,0.3,0.5
5074,450,1.0,0.1,0.1,0.1,0.1,0.2,0.3,0.5
8262,50,1.0,0.2,0.2,0.2,0.3,0.3,0.4,0.5
244,100,1.0,0.2,0.2,0.2,0.2,0.3,0.4,0.5
4101,450,1.0,0.1,0.1,0.1,0.1,0.2,0.3,0.4
5938,150,1.0,0.1,0.1,0.1,0.2,0.2,0.3,0.4
6207,200,1.0,0.1,0.1,0.1,0.2,0.2,0.3,0.5
7466,50,1.0,0.2,0.2,0.3,0.3,0.4,0.6,0.7
3784,50,1.0,0.2,0.2,0.2,0.2,0.3,0.4,0.5
6105,200,1.0,0.1,0.1,0.1,0.1,0.2,0.3,0.4
2707,100,1.0,0.2,0.2,0.2,0.2,0.3,0.5,0.6
3558,50,1.0,0.2,0.2,0.2,0.2,0.3,0.4,0.6
1416,100,1.0,0.1,0.1,0.1,0.1,0.2,0.3,0.5
6796,150,1.0,0.1,0.1,0.1,0.1,0.2,0.3,0.4
2117,50,1.0,0.2,0.2,0.2,0.2,0.2,0.3,0.5
9590,300,1.0,0.1,0.1,0.1,0.1,0.2,0.2,0.4
4984,100,1.0,0.3,0.3,0.3,0.3,0.3,0.3,0.3
1253,350,1.0,0.1,0.1,0.1,0.1,0.2,0.2,0.4
7564,300,1.0,0.2,0.2,0.2,0.2,0.3,0.4,0.6
577,50,1.0,0.1,0.1,0.1,0.2,0.2,0.3,0.5
9326,50,1.0,0.2,0.2,0.2,0.2,0.3,0.4,0.6
4855,150,1.0,0.2,0.2,0.2,0.3,0.3,0.5,0.6
9987,50,1.0,0.3,0.3,0.3,0.3,0.4,0.6,0.9
4499,100,1.0,0.2,0.2,0.2,0.2,0.3,0.4,0.6
2832,550,1.0,0.1,0.1,0.1,0.1,0.2,0.3,0.4
6514,50,1.0,0.3,0.3,0.3,0.3,0.4,0.4,0.5
380,50,1.0,0.3,0.3,0.3,0.4,0.5,0.7,0.8
561,50,1.0,0.3,0.3,0.3,0.4,0.6,0.8,0.8
7316,150,1.0,0.1,0.1,0.1,0.1,0.3,0.6,0.8
8787,50,1.0,0.5,0.5,0.6,0.6,0.6,0.7,0.8
6819,300,1.0,0.1,0.1,0.1,0.2,0.2,0.4,0.6
4344,50,1.0,0.4,0.4,0.4,0.4,0.4,0.4,0.5
6749,50,1.0,0.2,0.2,0.2,0.2,0.3,0.4,0.6
839,200,1.0,0.1,0.1,0.1,0.2,0.2,0.3,0.4
4478,250,1.0,0.1,0.1,0.1,0.1,0.2,0.3,0.5
175,50,1.0,0.3,0.3,0.3,0.3,0.4,0.4,0.6
2362,50,1.0,0.2,0.3,0.3,0.3,0.4,0.6,0.8
1989,50,1.0,0.1,0.1,0.2,0.2,0.2,0.3,0.5
2134,100,1.0,0.2,0.2,0.2,0.2,0.3,0.4,0.6
6799,50,1.0,0.3,0.3,0.3,0.3,0.4,0.4,0.5
5935,350,1.0,0.1,0.1,0.1,0.2,0.2,0.4,0.6
8672,50,1.0,0.1,0.1,0.2,0.2,0.3,0.5,0.7
8795,100,1.0,0.2,0.2,0.2,0.2,0.3,0.4,0.5
7473,50,1.0,0.3,0.3,0.3,0.4,0.4,0.5,0.6
815,50,1.0,0.5,0.5,0.5,0.5,0.5,0.5,0.5
5999,100,1.0,0.2,0.2,0.2,0.3,0.3,0.5,0.7
4602,50,1.0,0.2,0.2,0.2,0.2,0.3,0.3,0.5
2814,50,1.0,0.4,0.4,0.5,0.5,0.7,0.8,0.9
2473,500,1.0,0.1,0.1,0.1,0.2,0.2,0.4,0.5
7464,150,1.0,0.1,0.1,0.1,0.1,0.2,0.3,0.5
206,50,1.0,0.2,0.2,0.2,0.2,0.3,0.5,0.6
3713,50,1.0,0.2,0.2,0.2,0.3,0.3,0.4,0.6
8616,50,1.0,0.1,0.1,0.1,0.2,0.2,0.3,0.5
4892,50,1.0,0.2,0.2,0.2,0.2,0.3,0.4,0.5
1367,50,1.0,0.3,0.3,0.3,0.3,0.4,0.4,0.6
8457,150,1.0,0.3,0.3,0.3,0.3,0.4,0.5,0.6
4541,1050,1.0,0.1,0.1,0.1,0.1,0.2,0.3,0.6
4570,50,1.0,0.3,0.3,0.3,0.4,0.5,0.7,0.8
3753,150,1.0,0.1,0.2,0.2,0.2,0.2,0.3,0.5
8962,250,1.0,0.1,0.1,0.1,0.1,0.2,0.3,0.5
7450,50,1.0,0.2,0.2,0.2,0.2,0.3,0.4,0.6
8004,200,1.0,0.1,0.1,0.1,0.1,0.2,0.3,0.5
6073,650,1.0,0.1,0.1,0.1,0.1,0.2,0.3,0.4
5219,50,1.0,0.2,0.3,0.3,0.3,0.4,0.5,0.7
1288,100,1.0,0.2,0.2,0.2,0.2,0.3,0.4,0.6
1343,50,1.0,0.2,0.2,0.2,0.3,0.4,0.5,0.7
9817,100,1.0,0.1,0.2,0.2,0.2,0.3,0.5,0.8
3717,400,1.0,0.3,0.3,0.4,0.4,0.5,0.6,0.7
6890,50,1.0,0.3,0.3,0.3,0.4,0.4,0.5,0.6
7200,100,1.0,0.1,0.2,0.2,0.2,0.3,0.4,0.6
5739,250,1.0,0.1,0.1,0.1,0.2,0.2,0.3,0.5
3620,100,1.0,0.1,0.1,0.1,0.2,0.2,0.4,0.6
7747,50,1.0,0.2,0.2,0.2,0.2,0.2,0.3,0.5
7703,250,1.0,0.2,0.2,0.2,0.2,0.3,0.5,0.7
9818,50,1.0,0.2,0.2,0.3,0.3,0.3,0.4,0.6
7340,100,1.0,0.1,0.1,0.1,0.1,0.2,0.4,0.6
7270,100,1.0,0.1,0.1,0.1,0.1,0.2,0.3,0.4
948,50,1.0,0.2,0.2,0.2,0.2,0.2,0.2,0.3
1960,50,1.0,0.3,0.4,0.4,0.4,0.5,0.6,0.7
7864,100,1.0,0.1,0.1,0.1,0.1,0.2,0.2,0.4
9777,50,1.0,0.5,0.5,0.5,0.6,0.6,0.7,0.7
6600,50,1.0,0.1,0.1,0.1,0.2,0.2,0.2,0.4
7926,150,1.0,0.1,0.1,0.1,0.1,0.2,0.3,0.5
9835,150,1.0,0.2,0.2,0.2,0.2,0.3,0.4,0.6
7326,50,1.0,0.2,0.2,0.2,0.3,0.3,0.4,0.6
4538,450,1.0,0.1,0.1,0.1,0.1,0.2,0.3,0.5
2703,50,1.0,0.3,0.3,0.3,0.3,0.4,0.4,0.6
1945,100,1.0,0.1,0.1,0.1,0.2,0.2,0.3,0.4
648,50,1.0,0.3,0.3,0.3,0.3,0.3,0.4,0.4
9330,150,1.0,0.1,0.1,0.1,0.1,0.2,0.3,0.5
5339,300,1.0,0.1,0.1,0.1,0.1,0.2,0.3,0.5
7099,50,1.0,0.2,0.2,0.2,0.2,0.4,0.5,0.7
7375,100,1.0,0.3,0.3,0.3,0.3,0.4,0.5,0.6
1634,50,1.0,0.1,0.2,0.2,0.2,0.3,0.6,0.8
7828,50,1.0,0.4,0.4,0.4,0.4,0.5,0.6,0.7
2553,100,1.0,0.2,0.2,0.2,0.2,0.3,0.4,0.6
2464,200,1.0,0.1,0.1,0.1,0.1,0.2,0.3,0.5
4414,200,1.0,0.1,0.1,0.1,0.1,0.2,0.4,0.7
9086,150,1.0,0.1,0.1,0.1,0.1,0.2,0.3,0.6
4037,200,1.0,0.1,0.1,0.1,0.2,0.2,0.4,0.6
7575,150,1.0,0.2,0.2,0.2,0.2,0.3,0.4,0.6
578,400,1.0,0.1,0.1,0.1,0.1,0.2,0.3,0.4
1003,100,1.0,0.3,0.3,0.3,0.3,0.4,0.5,0.6
9911,400,1.0,0.1,0.1,0.1,0.1,0.2,0.2,0.4
9037,100,1.0,0.1,0.1,0.1,0.2,0.2,0.3,0.5
1508,50,1.0,0.2,0.2,0.2,0.3,0.4,0.5,0.7
6139,50,1.0,0.4,0.4,0.4,0.4,0.5,0.5,0.6
4130,100,1.0,0.1,0.1,0.1,0.2,0.2,0.2,0.3
7673,50,1.0,0.2,0.2,0.2,0.3,0.4,0.5,0.7
4472,250,1.0,0.1,0.1,0.1,0.1,0.2,0.3,0.6
5134,100,1.0,0.1,0.1,0.1,0.1,0.2,0.3,0.6
1992,250,1.0,0.1,0.1,0.1,0.1,0.2,0.2,0.4
9009,50,1.0,0.1,0.1,0.2,0.2,0.2,0.4,0.5
270,50,1.0,0.1,0.1,0.2,0.2,0.3,0.4,0.7
7422,50,1.0,0.3,0.3,0.3,0.3,0.4,0.6,0.7
5667,100,1.0,0.2,0.2,0.2,0.2,0.3,0.5,0.7
7404,50,1.0,0.1,0.1,0.1,0.1,0.2,0.2,0.3
8690,50,1.0,0.2,0.2,0.3,0.3,0.4,0.5,0.7
3422,50,1.0,0.2,0.2,0.2,0.2,0.3,0.4,0.5
9909,50,1.0,0.1,0.2,0.2,0.2,0.3,0.4,0.6
9313,100,1.0,0.1,0.1,0.1,0.1,0.2,0.3,0.4
5540,150,1.0,0.1,0.1,0.1,0.1,0.2,0.3,0.5
4396,50,1.0,0.2,0.2,0.2,0.2,0.3,0.5,0.6
9933,50,1.0,0.2,0.2,0.2,0.2,0.3,0.4,0.7
4909,150,1.0,0.1,0.1,0.1,0.1,0.2,0.3,0.5
5693,100,1.0,0.2,0.2,0.2,0.2,0.3,0.5,0.7
8515,50,1.0,0.4,0.4,0.5,0.5,0.7,0.8,0.9
2815,150,1.0,0.1,0.1,0.1,0.2,0.2,0.4,0.7
6384,50,1.0,0.2,0.2,0.2,0.2,0.2,0.3,0.5
8047,100,1.0,0.1,0.1,0.1,0.1,0.2,0.3,0.4
1935,100,1.0,0.2,0.2,0.2,0.2,0.2,0.3,0.5
2907,300,1.0,0.1,0.1,0.1,0.1,0.2,0.2,0.4
7692,50,1.0,0.3,0.3,0.3,0.3,0.3,0.3,0.4
5431,50,1.0,0.1,0.1,0.1,0.1,0.2,0.3,0.5
8543,50,1.0,0.2,0.2,0.2,0.3,0.4,0.6,0.9
4330,50,1.0,0.2,0.2,0.2,0.2,0.3,0.5,0.6
6259,50,1.0,0.2,0.2,0.2,0.3,0.3,0.5,0.6
9478,50,1.0,0.4,0.5,0.5,0.5,0.7,0.8,0.8
2975,750,1.0,0.1,0.1,0.1,0.1,0.1,0.2,0.4
4851,100,1.0,0.2,0.2,0.2,0.2,0.3,0.4,0.5
3819,50,1.0,0.2,0.2,0.2,0.3,0.3,0.5,0.6
476,150,1.0,0.2,0.2,0.2,0.2,0.3,0.4,0.7
8742,100,1.0,0.1,0.2,0.2,0.2,0.3,0.5,0.7
7678,50,1.0,0.2,0.3,0.3,0.3,0.3,0.3,0.4
1957,100,1.0,0.2,0.2,0.2,0.2,0.3,0.4,0.6
4561,250,1.0,0.1,0.1,0.1,0.1,0.2,0.3,0.5
4312,100,1.0,0.1,0.1,0.1,0.2,0.2,0.4,0.6
1985,50,1.0,0.3,0.3,0.3,0.4,0.5,0.6,0.7
6104,50,1.0,0.2,0.2,0.2,0.2,0.3,0.4,0.6
3249,300,1.0,0.1,0.1,0.1,0.2,0.2,0.3,0.5
2669,100,1.0,0.2,0.2,0.2,0.2,0.3,0.4,0.6
3097,50,1.0,0.1,0.1,0.1,0.2,0.3,0.4,0.6
7182,150,1.0,0.1,0.1,0.2,0.2,0.2,0.3,0.5
824,150,1.0,0.1,0.1,0.1,0.2,0.2,0.3,0.5
6975,200,1.0,0.2,0.2,0.2,0.2,0.2,0.3,0.5
9781,200,1.0,0.1,0.1,0.1,0.2,0.2,0.3,0.5
7802,50,1.0,0.2,0.2,0.2,0.2,0.3,0.5,0.7
8631,50,1.0,0.2,0.2,0.2,0.2,0.2,0.2,0.3
654,50,1.0,0.2,0.2,0.2,0.3,0.3,0.4,0.5
1612,50,1.0,0.2,0.2,0.2,0.2,0.3,0.5,0.7
3642,200,1.0,0.2,0.2,0.2,0.2,0.3,0.4,0.5
3612,50,1.0,0.2,0.2,0.2,0.2,0.3,0.3,0.4
3618,50,1.0,0.3,0.3,0.3,0.3,0.4,0.5,0.6
3533,50,1.0,0.2,0.2,0.2,0.2,0.2,0.3,0.4
2937,50,1.0,0.2,0.2,0.2,0.2,0.3,0.4,0.5
9612,50,1.0,0.2,0.2,0.3,0.3,0.3,0.4,0.5
4664,50,1.0,0.2,0.2,0.2,0.2,0.3,0.5,0.8
5905,650,1.0,0.1,0.1,0.1,0.1,0.2,0.3,0.4
9483,50,1.0,0.2,0.2,0.2,0.2,0.2,0.3,0.5
2581,50,1.0,0.3,0.3,0.3,0.3,0.3,0.4,0.4
7434,50,1.0,0.5,0.5,0.5,0.5,0.5,0.6,0.7
8003,50,1.0,0.2,0.2,0.2,0.2,0.3,0.4,0.5
1997,100,1.0,0.2,0.2,0.2,0.2,0.3,0.4,0.6
1456,50,1.0,0.1,0.1,0.2,0.2,0.3,0.4,0.6
9232,50,1.0,0.2,0.2,0.2,0.3,0.3,0.4,0.5
7559,300,1.0,0.2,0.2,0.2,0.2,0.3,0.4,0.5
1715,50,1.0,0.2,0.2,0.2,0.3,0.4,0.7,0.8
4644,50,1.0,0.3,0.3,0.4,0.4,0.5,0.6,0.7
8611,150,1.0,0.1,0.1,0.2,0.2,0.2,0.4,0.5
7834,100,1.0,0.1,0.1,0.1,0.2,0.2,0.4,0.6
3739,200,1.0,0.1,0.1,0.1,0.1,0.2,0.3,0.5
2802,300,1.0,0.1,0.1,0.1,0.1,0.2,0.4,0.8
8032,50,1.0,0.2,0.3,0.3,0.3,0.4,0.5,0.6
9914,1350,1.0,0.1,0.1,0.1,0.1,0.2,0.4,0.6
6415,50,1.0,0.2,0.2,0.2,0.2,0.3,0.4,0.6
2412,50,1.0,0.4,0.4,0.4,0.5,0.5,0.6,0.8
5542,50,1.0,0.2,0.2,0.2,0.3,0.4,0.5,0.6
3192,500,1.0,0.1,0.1,0.1,0.1,0.2,0.2,0.4
9409,350,1.0,0.1,0.1,0.1,0.2,0.2,0.3,0.5
82,50,1.0,0.2,0.2,0.2,0.2,0.2,0.3,0.5
7146,100,1.0,0.2,0.2,0.2,0.2,0.2,0.3,0.4
3248,150,1.0,0.1,0.1,0.1,0.1,0.1,0.2,0.4
1553,150,1.0,0.2,0.2,0.2,0.2,0.3,0.4,0.7
9922,350,1.0,0.1,0.1,0.2,0.2,0.2,0.4,0.5
4951,250,1.0,0.1,0.1,0.1,0.1,0.2,0.3,0.6
8535,50,1.0,0.2,0.2,0.2,0.2,0.3,0.4,0.5
1600,250,1.0,0.1,0.1,0.1,0.1,0.2,0.4,0.6
7515,100,1.0,0.2,0.2,0.2,0.2,0.3,0.3,0.5
2304,100,1.0,0.2,0.2,0.2,0.2,0.2,0.3,0.6
6860,100,1.0,0.2,0.2,0.2,0.2,0.2,0.3,0.4
5458,100,1.0,0.2,0.2,0.2,0.2,0.3,0.3,0.5
6597,50,1.0,0.4,0.4,0.5,0.5,0.5,0.6,0.7
2969,50,1.0,0.2,0.2,0.2,0.2,0.3,0.3,0.5
3026,100,1.0,0.1,0.1,0.1,0.2,0.2,0.3,0.5
7123,550,1.0,0.1,0.1,0.1,0.2,0.2,0.3,0.6
4969,100,1.0,0.2,0.2,0.2,0.2,0.3,0.4,0.6
4020,50,1.0,0.2,0.2,0.2,0.2,0.3,0.4,0.5
653,50,1.0,0.2,0.2,0.2,0.2,0.3,0.4,0.5
6636,50,1.0,0.2,0.2,0.2,0.3,0.4,0.5,0.6
2003,150,1.0,0.1,0.1,0.1,0.1,0.2,0.3,0.5
4221,150,1.0,0.1,0.1,0.1,0.1,0.2,0.3,0.5
8874,100,1.0,0.2,0.2,0.2,0.2,0.3,0.3,0.4
3803,50,1.0,0.2,0.3,0.3,0.3,0.3,0.4,0.6
1968,1050,1.0,0.1,0.1,0.1,0.1,0.1,0.2,0.4
7076,200,1.0,0.2,0.2,0.2,0.2,0.3,0.5,0.7
9318,50,1.0,0.4,0.4,0.4,0.4,0.4,0.5,0.6
8337,100,1.0,0.1,0.1,0.1,0.1,0.2,0.3,0.5
1007,50,1.0,0.5,0.5,0.5,0.6,0.7,0.8,0.8
2883,250,1.0,0.2,0.2,0.2,0.3,0.3,0.4,0.6
8153,100,1.0,0.2,0.2,0.2,0.2,0.3,0.4,0.5
7424,150,1.0,0.2,0.2,0.2,0.2,0.3,0.4,0.5
294,150,1.0,0.1,0.1,0.1,0.1,0.2,0.3,0.6
6397,50,1.0,0.3,0.3,0.3,0.4,0.5,0.6,0.8
3183,100,1.0,0.1,0.1,0.1,0.1,0.2,0.3,0.4
8275,50,1.0,0.2,0.2,0.2,0.2,0.3,0.4,0.6
5636,100,1.0,0.2,0.2,0.2,0.2,0.3,0.4,0.5
5895,50,1.0,0.3,0.3,0.4,0.4,0.4,0.5,0.6
2150,50,1.0,0.2,0.2,0.2,0.3,0.3,0.4,0.6
714,100,1.0,0.1,0.1,0.1,0.1,0.2,0.3,0.4
92,100,1.0,0.1,0.1,0.2,0.2,0.2,0.4,0.5
2577,350,1.0,0.1,0.1,0.1,0.2,0.2,0.4,0.7
4779,150,1.0,0.3,0.3,0.3,0.4,0.5,0.6,0.7
7862,500,1.0,0.1,0.1,0.1,0.2,0.2,0.5,0.8
9615,450,1.0,0.1,0.2,0.2,0.2,0.3,0.4,0.5
9940,200,1.0,0.1,0.1,0.1,0.2,0.2,0.4,0.5
5798,50,1.0,0.1,0.1,0.1,0.2,0.2,0.3,0.6
8952,50,1.0,0.2,0.2,0.3,0.3,0.3,0.4,0.5
108,400,1.0,0.1,0.1,0.1,0.1,0.2,0.3,0.7
6951,50,1.0,0.3,0.3,0.3,0.4,0.5,0.7,0.8
1284,3750,1.0,0.1,0.1,0.1,0.1,0.2,0.3,0.6
1971,50,1.0,0.2,0.2,0.2,0.2,0.3,0.4,0.6
4746,100,1.0,0.2,0.2,0.2,0.2,0.3,0.4,0.6
6080,250,1.0,0.1,0.1,0.1,0.1,0.2,0.3,0.5
8429,50,1.0,0.5,0.5,0.5,0.5,0.6,0.7,0.8
3583,200,1.0,0.1,0.1,0.1,0.1,0.1,0.3,0.6
7141,200,1.0,0.2,0.2,0.2,0.2,0.2,0.3,0.4
965,50,1.0,0.3,0.3,0.3,0.4,0.5,0.7,0.9
6707,50,1.0,0.3,0.3,0.3,0.3,0.4,0.5,0.7
6841,50,1.0,0.1,0.1,0.1,0.1,0.2,0.3,0.5
6133,50,1.0,0.2,0.2,0.2,0.2,0.3,0.4,0.6
3542,50,1.0,0.4,0.4,0.4,0.4,0.4,0.5,0.6
5039,50,1.0,0.2,0.2,0.2,0.2,0.2,0.2,0.3
5334,50,1.0,0.2,0.2,0.2,0.2,0.2,0.3,0.4
4272,50,1.0,0.2,0.2,0.2,0.2,0.3,0.5,0.6
8135,300,1.0,0.1,0.1,0.2,0.2,0.3,0.4,0.6
1186,50,1.0,0.3,0.3,0.3,0.3,0.4,0.5,0.7
227,50,1.0,0.4,0.5,0.5,0.5,0.6,0.8,0.8
6321,200,1.0,0.1,0.1,0.1,0.1,0.2,0.2,0.4
7799,50,1.0,0.1,0.2,0.2,0.2,0.3,0.4,0.6
9672,100,1.0,0.1,0.1,0.1,0.2,0.2,0.4,0.6
9525,650,1.0,0.1,0.1,0.1,0.1,0.2,0.3,0.5
6595,100,1.0,0.2,0.2,0.2,0.2,0.3,0.5,0.7
7365,50,1.0,0.4,0.4,0.4,0.5,0.6,0.7,0.8
446,100,1.0,0.2,0.2,0.2,0.2,0.3,0.3,0.5
8629,50,1.0,0.1,0.1,0.1,0.1,0.2,0.3,0.5
7869,50,1.0,0.3,0.4,0.4,0.4,0.5,0.6,0.8
5148,100,1.0,0.2,0.2,0.2,0.2,0.3,0.4,0.6
1753,200,1.0,0.1,0.1,0.1,0.1,0.2,0.2,0.3
293,100,1.0,0.1,0.1,0.1,0.2,0.2,0.3,0.6
2603,100,1.0,0.2,0.2,0.2,0.2,0.2,0.2,0.3
7859,100,1.0,0.2,0.2,0.2,0.2,0.3,0.4,0.6
2723,50,1.0,0.2,0.2,0.2,0.2,0.2,0.3,0.4
3617,50,1.0,0.2,0.2,0.2,0.3,0.4,0.6,0.8
3043,50,1.0,0.2,0.2,0.2,0.2,0.3,0.4,0.6
1399,100,1.0,0.2,0.2,0.2,0.2,0.2,0.3,0.3
7688,150,1.0,0.1,0.1,0.1,0.2,0.3,0.5,0.7
8660,200,1.0,0.1,0.1,0.1,0.2,0.2,0.2,0.4
1852,350,1.0,0.2,0.2,0.2,0.2,0.3,0.5,0.8
923,50,1.0,0.4,0.4,0.4,0.5,0.5,0.6,0.7
233,100,1.0,0.1,0.1,0.1,0.1,0.2,0.3,0.6
5991,50,1.0,0.5,0.5,0.5,0.5,0.6,0.7,0.8
6117,50,1.0,0.3,0.3,0.3,0.3,0.4,0.5,0.6
1550,650,1.0,0.1,0.1,0.1,0.1,0.1,0.2,0.4
9749,150,1.0,0.1,0.1,0.1,0.2,0.3,0.7,0.8
4649,100,1.0,0.2,0.2,0.2,0.2,0.2,0.3,0.4
1434,200,1.0,0.1,0.1,0.1,0.1,0.2,0.2,0.4
3278,50,1.0,0.3,0.3,0.3,0.3,0.4,0.4,0.5
2371,50,1.0,0.2,0.2,0.2,0.2,0.2,0.3,0.4
1103,100,1.0,0.1,0.2,0.2,0.2,0.3,0.5,0.7
8213,50,1.0,0.2,0.2,0.2,0.2,0.3,0.4,0.6
3545,50,1.0,0.5,0.5,0.5,0.5,0.5,0.5,0.6
5327,100,1.0,0.2,0.2,0.2,0.2,0.3,0.5,0.6
2903,50,1.0,0.3,0.3,0.3,0.3,0.3,0.4,0.5
4562,150,1.0,0.2,0.2,0.2,0.2,0.3,0.4,0.7
9008,50,1.0,0.2,0.3,0.3,0.3,0.4,0.5,0.7
3869,50,1.0,0.2,0.2,0.2,0.2,0.2,0.3,0.5
4529,200,1.0,0.1,0.1,0.1,0.1,0.2,0.3,0.5
3493,150,1.0,0.1,0.1,0.1,0.1,0.2,0.3,0.4
8161,200,1.0,0.2,0.2,0.2,0.2,0.3,0.4,0.5
5621,100,1.0,0.2,0.2,0.2,0.3,0.4,0.5,0.6
9228,2200,1.0,0.1,0.1,0.1,0.1,0.2,0.3,0.2
6504,150,1.0,0.1,0.1,0.1,0.1,0.2,0.3,0.5
8019,400,1.0,0.2,0.2,0.2,0.2,0.4,0.5,0.7
4699,150,1.0,0.2,0.2,0.2,0.2,0.3,0.4,0.5
8944,150,1.0,0.2,0.2,0.2,0.2,0.3,0.4,0.6
9509,50,1.0,0.3,0.3,0.3,0.4,0.5,0.6,0.7
5385,100,1.0,0.1,0.1,0.1,0.1,0.2,0.3,0.5
6477,50,1.0,0.3,0.3,0.3,0.3,0.4,0.4,0.5
9858,950,1.0,0.1,0.1,0.1,0.1,0.2,0.2,0.4
2902,50,1.0,0.2,0.2,0.2,0.2,0.3,0.4,0.7
6667,50,1.0,0.2,0.3,0.3,0.3,0.4,0.6,0.8
7895,50,1.0,0.3,0.3,0.3,0.3,0.3,0.3,0.4
15,150,1.0,0.1,0.1,0.1,0.2,0.2,0.3,0.4
5479,50,1.0,0.2,0.2,0.2,0.3,0.4,0.7,0.9
9132,50,1.0,0.3,0.3,0.3,0.4,0.4,0.5,0.7
6134,50,1.0,0.6,0.6,0.7,0.7,0.7,0.7,0.7
1472,50,1.0,0.1,0.2,0.2,0.2,0.3,0.4,0.6
3230,100,1.0,0.1,0.1,0.1,0.2,0.2,0.3,0.5
4958,150,1.0,0.2,0.2,0.2,0.2,0.2,0.3,0.4
7775,50,1.0,0.2,0.2,0.2,0.2,0.3,0.4,0.7
2764,150,1.0,0.1,0.1,0.1,0.1,0.2,0.3,0.4
104,100,1.0,0.1,0.1,0.1,0.2,0.3,0.4,0.6
4736,200,1.0,0.1,0.1,0.1,0.1,0.2,0.2,0.4
7201,50,1.0,0.3,0.3,0.3,0.3,0.4,0.5,0.7
7863,50,1.0,0.3,0.3,0.3,0.4,0.5,0.6,0.7
2963,50,1.0,0.2,0.2,0.2,0.2,0.3,0.3,0.5
4866,150,1.0,0.2,0.2,0.2,0.2,0.3,0.4,0.5
5535,150,1.0,0.1,0.1,0.1,0.2,0.2,0.3,0.5
8350,100,1.0,0.1,0.1,0.1,0.2,0.2,0.3,0.5
6740,50,1.0,0.5,0.5,0.5,0.5,0.5,0.5,0.6
3186,50,1.0,0.1,0.1,0.2,0.2,0.2,0.3,0.5
8419,100,1.0,0.1,0.1,0.1,0.2,0.2,0.3,0.5
1002,100,1.0,0.2,0.2,0.2,0.2,0.3,0.5,0.7
8682,50,1.0,0.2,0.2,0.3,0.3,0.4,0.5,0.7
5654,100,1.0,0.2,0.2,0.2,0.2,0.3,0.4,0.6
266,50,1.0,0.6,0.6,0.6,0.7,0.7,0.8,0.8
8755,50,1.0,0.4,0.4,0.5,0.5,0.6,0.6,0.7
6248,150,1.0,0.1,0.1,0.1,0.2,0.2,0.4,0.5
6385,250,1.0,0.1,0.1,0.1,0.1,0.2,0.3,0.5
1868,200,1.0,0.1,0.1,0.1,0.2,0.2,0.4,0.6
1076,400,1.0,0.1,0.1,0.1,0.1,0.2,0.3,0.5
2403,200,1.0,0.3,0.3,0.3,0.4,0.4,0.5,0.6
6005,150,1.0,0.3,0.3,0.3,0.3,0.4,0.5,0.6
1891,150,1.0,0.2,0.2,0.3,0.3,0.4,0.5,0.7
5132,150,1.0,0.1,0.1,0.1,0.2,0.3,0.4,0.6
6691,100,1.0,0.2,0.2,0.2,0.3,0.4,0.5,0.7
7741,50,1.0,0.1,0.1,0.1,0.1,0.2,0.3,0.5
4016,100,1.0,0.2,0.2,0.2,0.2,0.2,0.3,0.5
8168,50,1.0,0.2,0.2,0.2,0.2,0.3,0.5,0.7
8514,50,1.0,0.2,0.2,0.2,0.2,0.2,0.3,0.4
9369,100,1.0,0.1,0.1,0.2,0.2,0.3,0.4,0.6
6400,300,1.0,0.1,0.1,0.1,0.2,0.2,0.4,0.6
706,50,1.0,0.2,0.2,0.3,0.3,0.4,0.6,0.8
9605,200,1.0,0.2,0.2,0.2,0.2,0.3,0.3,0.5
8620,50,1.0,0.1,0.1,0.1,0.2,0.2,0.3,0.4
5953,100,1.0,0.2,0.2,0.2,0.2,0.3,0.5,0.7
3688,150,1.0,0.1,0.1,0.1,0.1,0.2,0.3,0.5
7253,100,1.0,0.1,0.1,0.1,0.1,0.2,0.3,0.5
6376,150,1.0,0.2,0.2,0.2,0.2,0.3,0.5,0.6
451,50,1.0,0.4,0.4,0.4,0.4,0.5,0.5,0.6
9535,100,1.0,0.2,0.2,0.2,0.2,0.3,0.4,0.6
996,100,1.0,0.2,0.2,0.2,0.2,0.2,0.3,0.5
9262,50,1.0,0.2,0.2,0.2,0.2,0.3,0.3,0.5
3179,100,1.0,0.2,0.2,0.2,0.2,0.2,0.3,0.5
1916,50,1.0,0.1,0.1,0.2,0.2,0.2,0.4,0.6
9622,50,1.0,0.2,0.2,0.2,0.2,0.3,0.4,0.5
5900,100,1.0,0.2,0.2,0.2,0.2,0.3,0.4,0.6
9092,150,1.0,0.1,0.1,0.1,0.2,0.2,0.4,0.7
9168,150,1.0,0.2,0.2,0.2,0.3,0.3,0.5,0.7
735,50,1.0,0.3,0.3,0.3,0.4,0.5,0.7,0.9
2185,200,1.0,0.1,0.1,0.1,0.1,0.2,0.3,0.4
394,150,1.0,0.1,0.1,0.1,0.2,0.2,0.3,0.4
4167,100,1.0,0.2,0.2,0.2,0.2,0.2,0.3,0.5
866,50,1.0,0.3,0.3,0.3,0.4,0.5,0.7,0.9
8678,550,1.0,0.1,0.1,0.1,0.1,0.1,0.2,0.4
9152,100,1.0,0.3,0.3,0.3,0.3,0.4,0.5,0.6
5321,100,1.0,0.1,0.1,0.1,0.2,0.2,0.4,0.6
9698,250,1.0,0.1,0.1,0.1,0.1,0.2,0.4,0.6
2274,150,1.0,0.1,0.2,0.2,0.2,0.2,0.4,0.5
8269,350,1.0,0.1,0.1,0.1,0.1,0.2,0.4,0.6
8391,100,1.0,0.1,0.1,0.2,0.2,0.2,0.4,0.6
2687,100,1.0,0.1,0.1,0.1,0.1,0.3,0.4,0.7
8523,150,1.0,0.1,0.1,0.1,0.1,0.2,0.3,0.4
2950,300,1.0,0.1,0.1,0.1,0.1,0.2,0.3,0.5
1924,400,1.0,0.1,0.1,0.1,0.1,0.2,0.4,0.6
2443,150,1.0,0.2,0.2,0.2,0.2,0.3,0.4,0.6
2740,50,1.0,0.1,0.1,0.1,0.2,0.2,0.3,0.6
4931,50,1.0,0.2,0.2,0.2,0.3,0.4,0.5,0.7
8779,200,1.0,0.1,0.1,0.1,0.1,0.2,0.3,0.4
2126,650,1.0,0.1,0.1,0.1,0.1,0.2,0.3,0.6
53,50,1.0,0.2,0.2,0.3,0.3,0.4,0.5,0.7
5489,300,1.0,0.1,0.1,0.1,0.1,0.2,0.4,0.6
8691,50,1.0,0.2,0.2,0.2,0.3,0.3,0.5,0.6
3880,50,1.0,0.2,0.2,0.2,0.3,0.4,0.5,0.7
7991,100,1.0,0.1,0.1,0.1,0.2,0.2,0.3,0.5
7594,50,1.0,0.3,0.3,0.3,0.4,0.5,0.6,0.7
4110,50,1.0,0.2,0.2,0.2,0.2,0.3,0.5,0.7
2540,150,1.0,0.1,0.1,0.1,0.2,0.2,0.4,0.6
4788,300,1.0,0.1,0.1,0.1,0.1,0.2,0.3,0.5
3205,50,1.0,0.2,0.2,0.2,0.3,0.4,0.5,0.8
3932,100,1.0,0.1,0.1,0.2,0.2,0.2,0.3,0.5
2011,50,1.0,0.2,0.2,0.2,0.2,0.3,0.4,0.5
5342,200,1.0,0.1,0.1,0.1,0.1,0.2,0.3,0.4
9665,50,1.0,0.2,0.2,0.2,0.2,0.3,0.5,0.7
7272,50,1.0,0.2,0.2,0.2,0.2,0.3,0.3,0.4
927,50,1.0,0.2,0.2,0.2,0.2,0.3,0.4,0.5
9355,50,1.0,0.2,0.3,0.3,0.3,0.3,0.4,0.6
9768,50,1.0,0.5,0.5,0.5,0.6,0.6,0.7,0.8
8812,150,1.0,0.2,0.2,0.2,0.2,0.3,0.4,0.5
4884,100,1.0,0.2,0.2,0.2,0.2,0.3,0.5,0.7
335,50,1.0,0.4,0.4,0.4,0.5,0.5,0.6,0.7
6635,50,1.0,0.2,0.2,0.3,0.3,0.4,0.5,0.7
4883,100,1.0,0.2,0.2,0.2,0.2,0.3,0.3,0.5
1394,50,1.0,0.1,0.1,0.2,0.2,0.3,0.4,0.6
8545,250,1.0,0.1,0.1,0.1,0.2,0.2,0.3,0.5
127,250,1.0,0.2,0.2,0.2,0.2,0.2,0.3,0.4
3831,100,1.0,0.2,0.2,0.2,0.2,0.3,0.5,0.7
4950,50,1.0,0.3,0.3,0.3,0.3,0.4,0.4,0.5
763,450,1.0,0.1,0.1,0.1,0.2,0.2,0.4,0.7
2457,50,1.0,0.2,0.2,0.2,0.2,0.3,0.5,0.6
7307,50,1.0,0.2,0.2,0.2,0.2,0.3,0.3,0.5
2758,150,1.0,0.1,0.2,0.2,0.2,0.3,0.4,0.6
324,50,1.0,0.1,0.1,0.1,0.1,0.2,0.3,0.4
7680,150,1.0,0.1,0.1,0.1,0.2,0.2,0.3,0.4
275,100,1.0,0.2,0.3,0.3,0.3,0.4,0.5,0.6
7328,800,1.0,0.1,0.1,0.1,0.1,0.2,0.4,0.7
7044,150,1.0,0.1,0.1,0.1,0.2,0.2,0.3,0.5
7289,50,1.0,0.2,0.2,0.3,0.3,0.4,0.5,0.7
5305,100,1.0,0.2,0.2,0.2,0.2,0.3,0.3,0.5
6347,50,1.0,0.2,0.2,0.2,0.2,0.3,0.3,0.4
9447,200,1.0,0.1,0.1,0.1,0.1,0.2,0.3,0.5
8426,100,1.0,0.1,0.1,0.1,0.2,0.2,0.3,0.4
4860,100,1.0,0.1,0.1,0.2,0.2,0.3,0.4,0.6
7659,200,1.0,0.1,0.1,0.1,0.2,0.3,0.4,0.6
1335,100,1.0,0.1,0.1,0.1,0.1,0.2,0.2,0.4
4069,250,1.0,0.2,0.2,0.2,0.2,0.2,0.3,0.5
6039,50,1.0,0.3,0.3,0.3,0.3,0.4,0.5,0.6
1714,100,1.0,0.1,0.1,0.2,0.2,0.2,0.4,0.6
7965,50,1.0,0.1,0.2,0.2,0.2,0.2,0.3,0.5
2642,350,1.0,0.1,0.1,0.1,0.1,0.2,0.3,0.4
1712,100,1.0,0.1,0.1,0.1,0.2,0.2,0.3,0.5
1004,50,1.0,0.2,0.2,0.2,0.2,0.3,0.5,0.7
9971,100,1.0,0.1,0.2,0.2,0.2,0.2,0.3,0.4
8948,50,1.0,0.2,0.2,0.2,0.3,0.3,0.5,0.7
9647,50,1.0,0.4,0.4,0.4,0.4,0.4,0.4,0.5
1773,50,1.0,0.2,0.2,0.2,0.3,0.4,0.6,0.7
1568,50,1.0,0.3,0.3,0.3,0.4,0.4,0.5,0.7
2546,250,1.0,0.1,0.1,0.1,0.1,0.2,0.4,0.6
6123,100,1.0,0.1,0.1,0.1,0.1,0.2,0.3,0.4
8873,150,1.0,0.1,0.1,0.1,0.2,0.2,0.3,0.5
4273,550,1.0,0.1,0.1,0.1,0.1,0.2,0.3,0.6
6751,50,1.0,0.2,0.2,0.2,0.2,0.3,0.4,0.6
183,50,1.0,0.2,0.2,0.2,0.2,0.3,0.4,0.6
8538,100,1.0,0.1,0.1,0.1,0.1,0.2,0.3,0.5
1883,100,1.0,0.1,0.1,0.1,0.2,0.2,0.3,0.4
6875,50,1.0,0.2,0.2,0.2,0.2,0.2,0.2,0.3
7046,50,1.0,0.3,0.3,0.3,0.4,0.4,0.6,0.8
549,700,1.0,0.1,0.1,0.1,0.2,0.2,0.4,0.7
1679,500,1.0,0.1,0.2,0.2,0.2,0.2,0.3,0.5
5357,50,1.0,0.1,0.2,0.2,0.2,0.2,0.3,0.5
1511,50,1.0,0.2,0.2,0.2,0.3,0.3,0.4,0.5
8223,100,1.0,0.1,0.2,0.2,0.2,0.3,0.4,0.6
7578,200,1.0,0.2,0.2,0.3,0.3,0.4,0.5,0.6
7435,50,1.0,0.3,0.3,0.3,0.4,0.5,0.7,0.8
9276,300,1.0,0.1,0.1,0.2,0.2,0.3,0.5,0.7
3984,150,1.0,0.2,0.2,0.2,0.2,0.2,0.3,0.4
2993,50,1.0,0.2,0.2,0.3,0.3,0.3,0.4,0.5
3034,300,1.0,0.1,0.1,0.1,0.1,0.2,0.3,0.5
4473,50,1.0,0.3,0.3,0.3,0.3,0.3,0.4,0.5
5516,150,1.0,0.1,0.1,0.1,0.2,0.2,0.3,0.5
5572,50,1.0,0.3,0.3,0.3,0.3,0.3,0.3,0.3
5530,200,1.0,0.1,0.1,0.2,0.2,0.3,0.4,0.7
7580,600,1.0,0.1,0.1,0.1,0.1,0.1,0.2,0.4
8963,600,1.0,0.1,0.1,0.1,0.1,0.2,0.4,0.5
2234,50,1.0,0.2,0.2,0.2,0.2,0.3,0.3,0.4
2560,150,1.0,0.1,0.1,0.1,0.1,0.2,0.3,0.5
6852,150,1.0,0.1,0.1,0.1,0.2,0.2,0.4,0.5
9973,450,1.0,0.1,0.1,0.1,0.1,0.2,0.3,0.5
6431,550,1.0,0.2,0.2,0.2,0.2,0.3,0.5,0.7
7700,50,1.0,0.3,0.3,0.3,0.4,0.5,0.6,0.7
3879,50,1.0,0.3,0.3,0.4,0.4,0.5,0.6,0.7
8469,900,1.0,0.1,0.1,0.1,0.1,0.2,0.4,0.6
6754,50,1.0,0.2,0.2,0.3,0.3,0.3,0.4,0.5
9583,50,1.0,0.1,0.1,0.1,0.1,0.2,0.4,0.6
9557,50,1.0,0.2,0.2,0.2,0.2,0.3,0.4,0.6
9013,100,1.0,0.1,0.1,0.2,0.2,0.3,0.4,0.7
6555,200,1.0,0.1,0.1,0.1,0.2,0.2,0.4,0.6
8256,200,1.0,0.1,0.1,0.1,0.1,0.2,0.3,0.5
8122,50,1.0,0.4,0.4,0.4,0.4,0.5,0.6,0.8
6092,100,1.0,0.1,0.1,0.2,0.2,0.2,0.3,0.5
7088,1300,1.0,0.1,0.1,0.1,0.1,0.2,0.3,0.5
4864,50,1.0,0.2,0.3,0.3,0.3,0.4,0.6,0.8
3743,100,1.0,0.2,0.2,0.2,0.2,0.2,0.3,0.3
8415,150,1.0,0.2,0.2,0.2,0.2,0.3,0.4,0.6
9364,50,1.0,0.2,0.2,0.2,0.2,0.3,0.4,0.7
8674,50,1.0,0.1,0.2,0.2,0.2,0.2,0.3,0.5
6099,150,1.0,0.1,0.2,0.2,0.2,0.2,0.3,0.5
6790,50,1.0,0.2,0.2,0.3,0.3,0.4,0.5,0.7
6506,100,1.0,0.1,0.1,0.1,0.2,0.2,0.3,0.5
5822,200,1.0,0.2,0.2,0.2,0.2,0.3,0.6,0.8
4565,50,1.0,0.3,0.3,0.3,0.3,0.3,0.4,0.5
8676,50,1.0,0.1,0.2,0.2,0.2,0.2,0.3,0.5
4185,150,1.0,0.1,0.1,0.1,0.1,0.1,0.2,0.4
8253,50,1.0,0.2,0.2,0.3,0.3,0.4,0.6,0.8
1295,50,1.0,0.2,0.2,0.2,0.2,0.3,0.4,0.5
4929,250,1.0,0.1,0.1,0.2,0.2,0.2,0.3,0.5
3839,100,1.0,0.2,0.2,0.2,0.3,0.3,0.5,0.6
1189,100,1.0,0.1,0.2,0.2,0.2,0.2,0.4,0.5
2387,100,1.0,0.1,0.1,0.1,0.1,0.2,0.3,0.5
6534,50,1.0,0.2,0.2,0.2,0.2,0.3,0.3,0.5
659,50,1.0,0.2,0.2,0.2,0.2,0.2,0.3,0.4
764,300,1.0,0.1,0.1,0.1,0.1,0.2,0.3,0.7
5716,50,1.0,0.2,0.2,0.2,0.2,0.4,0.6,0.8
7231,50,1.0,0.2,0.3,0.3,0.3,0.3,0.4,0.6
7533,50,1.0,0.3,0.3,0.3,0.3,0.3,0.3,0.3
4943,1000,1.0,0.1,0.1,0.1,0.1,0.2,0.3,0.4
7257,200,1.0,0.1,0.1,0.1,0.1,0.2,0.3,0.5
1045,100,1.0,0.1,0.1,0.1,0.1,0.2,0.3,0.5
232,400,1.0,0.1,0.1,0.2,0.2,0.2,0.3,0.4
5944,50,1.0,0.3,0.3,0.3,0.4,0.4,0.5,0.6
4648,200,1.0,0.1,0.1,0.1,0.1,0.2,0.2,0.4
250,200,1.0,0.3,0.3,0.3,0.3,0.4,0.5,0.6
9068,150,1.0,0.1,0.1,0.2,0.2,0.2,0.3,0.4
1232,100,1.0,0.2,0.2,0.2,0.2,0.3,0.4,0.6
787,50,1.0,0.3,0.3,0.3,0.4,0.5,0.6,0.7
5965,50,1.0,0.2,0.2,0.2,0.2,0.3,0.5,0.6
357,200,1.0,0.1,0.1,0.1,0.1,0.2,0.3,0.6
8215,50,1.0,0.2,0.2,0.2,0.2,0.3,0.4,0.6
4968,100,1.0,0.2,0.2,0.2,0.2,0.3,0.3,0.5
6768,250,1.0,0.1,0.1,0.1,0.1,0.2,0.2,0.4
8,50,1.0,0.2,0.2,0.2,0.2,0.3,0.5,0.6
1422,50,1.0,0.3,0.3,0.4,0.4,0.6,0.7,0.9
8210,50,1.0,0.1,0.1,0.1,0.2,0.2,0.3,0.5
1581,50,1.0,0.3,0.3,0.3,0.3,0.4,0.5,0.7
8744,200,1.0,0.1,0.1,0.1,0.2,0.2,0.3,0.4
5547,50,1.0,0.2,0.2,0.2,0.2,0.3,0.5,0.7
545,50,1.0,0.2,0.2,0.2,0.2,0.3,0.5,0.7
1962,50,1.0,0.2,0.3,0.3,0.3,0.4,0.5,0.7
1927,50,1.0,0.2,0.2,0.2,0.2,0.3,0.4,0.5
7883,50,1.0,0.3,0.3,0.3,0.3,0.3,0.4,0.5
1187,50,1.0,0.4,0.4,0.4,0.4,0.5,0.6,0.7
6267,100,1.0,0.2,0.2,0.2,0.2,0.3,0.4,0.6
4820,50,1.0,0.3,0.3,0.3,0.3,0.4,0.4,0.5
2675,150,1.0,0.1,0.1,0.1,0.1,0.2,0.4,0.6
6231,100,1.0,0.1,0.1,0.1,0.2,0.2,0.4,0.6
1237,150,1.0,0.1,0.1,0.1,0.1,0.2,0.3,0.4
8820,50,1.0,0.1,0.1,0.1,0.2,0.2,0.3,0.6
3945,500,1.0,0.1,0.1,0.1,0.1,0.2,0.3,0.4
6466,50,1.0,0.3,0.4,0.4,0.5,0.6,0.7,0.8
2930,50,1.0,0.2,0.2,0.2,0.3,0.3,0.4,0.6
7358,400,1.0,0.1,0.1,0.1,0.1,0.2,0.2,0.4
4509,250,1.0,0.1,0.2,0.2,0.2,0.2,0.3,0.5
2986,50,1.0,0.2,0.2,0.2,0.2,0.3,0.4,0.6
886,200,1.0,0.2,0.2,0.2,0.3,0.3,0.4,0.6
8288,50,1.0,0.1,0.2,0.2,0.2,0.3,0.4,0.6
7360,50,1.0,0.2,0.2,0.2,0.2,0.3,0.5,0.8
9020,200,1.0,0.1,0.1,0.1,0.1,0.2,0.3,0.4
4394,350,1.0,0.1,0.1,0.1,0.1,0.1,0.2,0.3
2114,150,1.0,0.1,0.1,0.1,0.2,0.2,0.3,0.5
1421,100,1.0,0.1,0.1,0.1,0.2,0.2,0.3,0.5
7558,50,1.0,0.3,0.3,0.3,0.4,0.5,0.6,0.8
7613,100,1.0,0.2,0.2,0.2,0.2,0.3,0.4,0.6
1283,650,1.0,0.1,0.1,0.1,0.1,0.2,0.7,0.9
9201,50,1.0,0.5,0.5,0.5,0.6,0.7,0.8,0.8
9112,50,1.0,0.2,0.2,0.2,0.2,0.3,0.4,0.6
4976,150,1.0,0.1,0.1,0.1,0.2,0.2,0.3,0.4
3671,50,1.0,0.3,0.3,0.3,0.4,0.5,0.6,0.8
834,250,1.0,0.1,0.1,0.1,0.1,0.2,0.3,0.4
7789,200,1.0,0.2,0.2,0.2,0.2,0.2,0.3,0.4
5638,50,1.0,0.2,0.2,0.2,0.2,0.2,0.3,0.4
5582,100,1.0,0.1,0.1,0.1,0.2,0.3,0.5,0.8
2128,50,1.0,0.3,0.3,0.3,0.4,0.4,0.6,0.7
6909,150,1.0,0.2,0.2,0.2,0.2,0.2,0.3,0.4
4112,150,1.0,0.1,0.2,0.2,0.2,0.2,0.3,0.4
448,50,1.0,0.2,0.2,0.2,0.3,0.4,0.5,0.7
8925,350,1.0,0.1,0.1,0.1,0.2,0.3,0.5,0.7
8321,200,1.0,0.2,0.2,0.2,0.2,0.3,0.4,0.6
9211,50,1.0,0.4,0.4,0.4,0.4,0.4,0.5,0.6
1760,100,1.0,0.2,0.2,0.2,0.2,0.2,0.3,0.5
5830,100,1.0,0.1,0.1,0.2,0.2,0.3,0.4,0.6
4500,550,1.0,0.1,0.1,0.1,0.1,0.2,0.3,0.5
860,150,1.0,0.1,0.1,0.2,0.2,0.2,0.4,0.6
3159,200,1.0,0.1,0.1,0.2,0.2,0.2,0.3,0.5
8037,50,1.0,0.4,0.4,0.4,0.4,0.4,0.5,0.5
781,50,1.0,0.2,0.3,0.3,0.3,0.3,0.4,0.6
9151,50,1.0,0.2,0.2,0.2,0.2,0.2,0.3,0.3
268,100,1.0,0.1,0.1,0.2,0.2,0.2,0.3,0.4
823,100,1.0,0.2,0.2,0.2,0.2,0.3,0.4,0.6
3910,100,1.0,0.1,0.1,0.1,0.1,0.2,0.3,0.5
4121,100,1.0,0.1,0.1,0.2,0.2,0.2,0.3,0.4
2250,350,1.0,0.1,0.1,0.1,0.2,0.2,0.3,0.5
2554,50,1.0,0.2,0.3,0.3,0.3,0.3,0.4,0.5
4256,50,1.0,0.4,0.4,0.5,0.5,0.5,0.6,0.7
6640,50,1.0,0.1,0.2,0.2,0.2,0.3,0.4,0.6
552,450,1.0,0.1,0.1,0.1,0.1,0.2,0.3,0.4
3364,150,1.0,0.1,0.2,0.2,0.2,0.2,0.3,0.5
4449,450,1.0,0.1,0.1,0.1,0.1,0.1,0.2,0.3
6705,50,1.0,0.2,0.2,0.3,0.3,0.4,0.5,0.7
4398,250,1.0,0.2,0.2,0.2,0.2,0.3,0.5,0.7
4600,50,1.0,0.4,0.4,0.4,0.5,0.6,0.8,0.9
8894,100,1.0,0.2,0.2,0.2,0.2,0.3,0.5,0.8
7190,50,1.0,0.2,0.2,0.2,0.2,0.2,0.3,0.4
4703,100,1.0,0.2,0.2,0.2,0.2,0.3,0.4,0.5
9484,50,1.0,0.2,0.2,0.2,0.2,0.3,0.4,0.5
7427,50,1.0,0.2,0.2,0.2,0.3,0.4,0.5,0.7
911,50,1.0,0.1,0.1,0.2,0.2,0.2,0.3,0.5
7314,50,1.0,0.1,0.1,0.1,0.1,0.2,0.2,0.4
3352,50,1.0,0.2,0.2,0.2,0.3,0.4,0.6,0.7
106,50,1.0,0.2,0.2,0.2,0.2,0.2,0.3,0.4
5035,50,1.0,0.2,0.2,0.2,0.2,0.3,0.4,0.6
2858,100,1.0,0.2,0.2,0.2,0.3,0.4,0.6,0.8
5618,50,1.0,0.5,0.6,0.6,0.6,0.7,0.8,0.8
4353,100,1.0,0.1,0.1,0.1,0.1,0.2,0.5,0.8
8131,50,1.0,0.3,0.3,0.4,0.4,0.4,0.5,0.6
3024,1350,1.0,0.1,0.1,0.1,0.1,0.2,0.3,0.4
4963,50,1.0,0.3,0.3,0.3,0.4,0.4,0.5,0.7
2167,150,1.0,0.2,0.2,0.2,0.2,0.2,0.2,0.3
9246,50,1.0,0.2,0.2,0.2,0.2,0.3,0.4,0.5
3534,50,1.0,0.2,0.2,0.2,0.3,0.4,0.6,0.8
9274,150,1.0,0.1,0.1,0.1,0.1,0.2,0.3,0.6
3009,50,1.0,0.2,0.2,0.2,0.3,0.3,0.4,0.5
387,100,1.0,0.2,0.2,0.2,0.2,0.3,0.5,0.8
8608,200,1.0,0.2,0.2,0.2,0.2,0.3,0.4,0.5
6325,50,1.0,0.2,0.3,0.3,0.3,0.4,0.6,0.7
8411,50,1.0,0.2,0.2,0.2,0.2,0.2,0.3,0.5
4965,50,1.0,0.2,0.3,0.3,0.3,0.3,0.4,0.5
4983,50,1.0,0.2,0.2,0.3,0.3,0.4,0.5,0.6
5706,850,1.0,0.1,0.1,0.1,0.1,0.2,0.3,0.4
1204,50,1.0,0.1,0.1,0.1,0.1,0.2,0.2,0.3
3048,50,1.0,0.2,0.2,0.2,0.2,0.3,0.4,0.6
6270,50,1.0,0.3,0.3,0.3,0.3,0.4,0.5,0.7
1110,50,1.0,0.1,0.1,0.2,0.2,0.3,0.4,0.6
45,100,1.0,0.1,0.1,0.1,0.1,0.2,0.4,0.6
957,100,1.0,0.1,0.1,0.1,0.2,0.2,0.3,0.5
752,100,1.0,0.3,0.3,0.3,0.3,0.3,0.3,0.4
8574,650,1.0,0.1,0.1,0.1,0.1,0.2,0.2,0.4
3415,50,1.0,0.3,0.3,0.3,0.3,0.4,0.4,0.5
6189,50,1.0,0.2,0.2,0.2,0.2,0.3,0.3,0.4
7412,50,1.0,0.3,0.3,0.3,0.3,0.3,0.4,0.5
1920,100,1.0,0.2,0.2,0.2,0.2,0.3,0.4,0.6
4783,100,1.0,0.1,0.1,0.1,0.2,0.2,0.3,0.5
6233,50,1.0,0.2,0.2,0.2,0.3,0.3,0.5,0.7
6490,50,1.0,0.1,0.1,0.2,0.2,0.3,0.4,0.6
2147,800,1.0,0.1,0.1,0.1,0.1,0.1,0.3,0.4
7423,100,1.0,0.3,0.3,0.3,0.3,0.4,0.5,0.7
8141,300,1.0,0.1,0.1,0.1,0.1,0.1,0.2,0.5
1107,50,1.0,0.4,0.5,0.5,0.5,0.6,0.6,0.7
7179,100,1.0,0.2,0.2,0.2,0.2,0.2,0.3,0.4
964,100,1.0,0.2,0.2,0.3,0.3,0.4,0.5,0.7
6230,100,1.0,0.1,0.2,0.2,0.2,0.2,0.3,0.4
8635,50,1.0,0.1,0.2,0.2,0.2,0.3,0.4,0.6
2734,250,1.0,0.1,0.1,0.1,0.1,0.2,0.2,0.3
5578,50,1.0,0.2,0.2,0.3,0.3,0.4,0.5,0.8
6999,100,1.0,0.2,0.2,0.3,0.3,0.3,0.4,0.6
3110,50,1.0,0.2,0.2,0.2,0.2,0.2,0.3,0.4
4925,650,1.0,0.1,0.1,0.1,0.1,0.2,0.5,0.8
7771,200,1.0,0.1,0.1,0.1,0.1,0.2,0.4,0.6
5184,50,1.0,0.2,0.2,0.2,0.2,0.3,0.3,0.4
2947,50,1.0,0.2,0.2,0.2,0.2,0.3,0.5,0.7
931,150,1.0,0.2,0.2,0.2,0.2,0.3,0.5,0.6
1809,3000,1.0,0.1,0.1,0.1,0.1,0.2,0.4,0.7
3580,300,1.0,0.1,0.1,0.1,0.1,0.2,0.3,0.4
6502,50,1.0,0.3,0.3,0.3,0.3,0.3,0.4,0.5
7481,50,1.0,0.4,0.4,0.4,0.5,0.6,0.7,0.8
4531,100,1.0,0.2,0.2,0.2,0.2,0.3,0.3,0.5
970,50,1.0,0.3,0.3,0.3,0.3,0.4,0.4,0.6
1812,50,1.0,0.1,0.2,0.2,0.2,0.3,0.4,0.6
4902,50,1.0,0.4,0.4,0.5,0.5,0.6,0.7,0.8
4655,50,1.0,0.2,0.2,0.2,0.2,0.3,0.4,0.6
6786,150,1.0,0.1,0.1,0.1,0.2,0.2,0.3,0.4
8628,50,1.0,0.3,0.3,0.3,0.4,0.4,0.5,0.7
9892,100,1.0,0.2,0.2,0.2,0.2,0.3,0.4,0.6
5840,50,1.0,0.2,0.2,0.2,0.2,0.3,0.4,0.6
8144,100,1.0,0.2,0.2,0.2,0.2,0.3,0.5,0.7
7701,250,1.0,0.1,0.1,0.1,0.1,0.2,0.2,0.4
8279,50,1.0,0.1,0.1,0.2,0.2,0.2,0.4,0.5
2270,50,1.0,0.2,0.2,0.2,0.2,0.2,0.3,0.4
1294,50,1.0,0.3,0.3,0.4,0.4,0.5,0.7,0.8
8857,2800,1.0,0.1,0.1,0.1,0.1,0.2,0.3,0.6
9788,100,1.0,0.1,0.1,0.2,0.2,0.3,0.5,0.7
9219,400,1.0,0.1,0.1,0.1,0.1,0.1,0.2,0.4
8731,150,1.0,0.2,0.2,0.2,0.2,0.2,0.2,0.3
9239,100,1.0,0.2,0.2,0.2,0.2,0.3,0.3,0.4
9180,100,1.0,0.1,0.1,0.1,0.1,0.2,0.2,0.4
7142,50,1.0,0.2,0.2,0.2,0.3,0.3,0.3,0.4
7369,100,1.0,0.1,0.1,0.1,0.2,0.2,0.4,0.6
8964,250,1.0,0.2,0.2,0.2,0.2,0.2,0.3,0.7
8907,50,1.0,0.3,0.3,0.3,0.3,0.3,0.4,0.5
3105,50,1.0,0.1,0.1,0.1,0.2,0.2,0.4,0.7
7320,50,1.0,0.2,0.2,0.2,0.2,0.2,0.3,0.4
4248,50,1.0,0.2,0.2,0.2,0.2,0.2,0.3,0.4
575,100,1.0,0.1,0.1,0.1,0.2,0.2,0.3,0.5
8542,50,1.0,0.3,0.3,0.4,0.4,0.5,0.6,0.7
4140,50,1.0,0.2,0.2,0.2,0.3,0.3,0.3,0.4
153,100,1.0,0.1,0.1,0.1,0.2,0.2,0.4,0.7
4063,50,1.0,0.3,0.3,0.3,0.4,0.5,0.6,0.8
2243,400,1.0,0.1,0.1,0.1,0.1,0.2,0.2,0.3
9380,50,1.0,0.3,0.3,0.3,0.4,0.4,0.6,0.7
8847,400,1.0,0.1,0.1,0.1,0.2,0.2,0.3,0.5
5356,150,1.0,0.2,0.2,0.2,0.2,0.3,0.5,0.8
5000,350,1.0,0.1,0.1,0.1,0.1,0.2,0.4,0.7
8530,50,1.0,0.2,0.2,0.2,0.2,0.3,0.3,0.5
5838,150,1.0,0.2,0.2,0.2,0.2,0.3,0.4,0.5
7661,50,1.0,0.3,0.3,0.3,0.4,0.5,0.6,0.7
5679,50,1.0,0.2,0.2,0.2,0.2,0.3,0.4,0.6
9890,100,1.0,0.1,0.2,0.2,0.2,0.2,0.3,0.5
1460,150,1.0,0.1,0.1,0.1,0.1,0.2,0.3,0.7
2431,50,1.0,0.3,0.3,0.3,0.3,0.3,0.3,0.4
2132,50,1.0,0.2,0.2,0.2,0.2,0.3,0.4,0.6
6633,550,1.0,0.1,0.1,0.1,0.1,0.2,0.4,0.6
1095,150,1.0,0.1,0.2,0.2,0.2,0.3,0.4,0.5
216,50,1.0,0.3,0.3,0.3,0.3,0.4,0.5,0.6
8056,50,1.0,0.2,0.2,0.3,0.3,0.3,0.4,0.6
117,50,1.0,0.3,0.3,0.4,0.4,0.4,0.5,0.7
6561,50,1.0,0.2,0.2,0.2,0.3,0.3,0.4,0.6
4899,200,1.0,0.2,0.2,0.2,0.2,0.3,0.4,0.5
9729,50,1.0,0.2,0.2,0.2,0.2,0.2,0.3,0.5
8231,50,1.0,0.2,0.2,0.2,0.2,0.3,0.4,0.6
6419,50,1.0,0.6,0.6,0.6,0.6,0.6,0.6,0.6
5579,100,1.0,0.2,0.2,0.2,0.2,0.3,0.4,0.6
7835,50,1.0,0.2,0.2,0.2,0.2,0.3,0.4,0.6
78,50,1.0,0.1,0.1,0.2,0.2,0.2,0.3,0.5
3532,50,1.0,0.2,0.2,0.2,0.2,0.3,0.4,0.6
7467,50,1.0,0.3,0.3,0.3,0.3,0.4,0.6,0.8
1858,50,1.0,0.2,0.2,0.2,0.2,0.3,0.4,0.5
4617,50,1.0,0.2,0.2,0.2,0.2,0.3,0.3,0.4
5158,800,1.0,0.1,0.1,0.2,0.2,0.2,0.3,0.5
9519,2650,1.0,0.1,0.1,0.1,0.1,0.2,0.4,0.7
9147,1550,1.0,0.1,0.1,0.1,0.1,0.1,0.2,0.5
9976,50,1.0,0.2,0.2,0.2,0.2,0.3,0.4,0.5
2886,50,1.0,0.2,0.2,0.3,0.3,0.4,0.6,0.8
4084,50,1.0,0.3,0.3,0.3,0.3,0.4,0.4,0.5
4901,50,1.0,0.2,0.2,0.2,0.2,0.4,0.6,0.7
4029,50,1.0,0.2,0.2,0.2,0.3,0.4,0.8,0.9
6939,550,1.0,0.1,0.1,0.1,0.1,0.2,0.3,0.5
6714,100,1.0,0.1,0.1,0.1,0.1,0.2,0.3,0.4
8704,50,1.0,0.2,0.3,0.3,0.3,0.4,0.5,0.7
213,100,1.0,0.2,0.2,0.2,0.2,0.2,0.3,0.4
6007,100,1.0,0.2,0.2,0.2,0.2,0.3,0.4,0.5
9855,150,1.0,0.1,0.1,0.2,0.2,0.2,0.4,0.5
4869,100,1.0,0.1,0.1,0.1,0.2,0.2,0.3,0.5
6152,50,1.0,0.3,0.3,0.3,0.3,0.3,0.4,0.4
9328,150,1.0,0.1,0.2,0.2,0.2,0.2,0.3,0.5
4912,1350,1.0,0.1,0.1,0.1,0.2,0.2,0.4,0.5
4309,400,1.0,0.1,0.1,0.1,0.1,0.2,0.3,0.5
6836,2050,1.0,0.1,0.1,0.1,0.1,0.2,0.3,0.6
9862,100,1.0,0.1,0.1,0.1,0.1,0.2,0.3,0.4
9129,50,1.0,0.2,0.2,0.2,0.2,0.2,0.3,0.5
4100,100,1.0,0.2,0.2,0.2,0.2,0.3,0.4,0.6
3202,150,1.0,0.1,0.1,0.1,0.2,0.2,0.3,0.4
6950,100,1.0,0.2,0.2,0.2,0.2,0.3,0.4,0.6
6288,50,1.0,0.1,0.2,0.2,0.2,0.3,0.4,0.6
7556,50,1.0,0.2,0.3,0.3,0.3,0.5,0.8,0.9
7116,100,1.0,0.1,0.1,0.1,0.2,0.2,0.4,0.7
9736,50,1.0,0.2,0.2,0.2,0.2,0.3,0.5,0.7
4811,100,1.0,0.1,0.1,0.1,0.2,0.2,0.4,0.5
3409,350,1.0,0.1,0.1,0.2,0.2,0.2,0.3,0.4
7488,1300,1.0,0.1,0.1,0.1,0.1,0.2,0.3,0.5
6607,150,1.0,0.1,0.1,0.1,0.1,0.2,0.3,0.5
1719,50,1.0,0.3,0.3,0.3,0.3,0.3,0.4,0.5
1381,150,1.0,0.2,0.2,0.2,0.2,0.2,0.3,0.4
920,50,1.0,0.2,0.2,0.2,0.2,0.3,0.4,0.6
2828,100,1.0,0.1,0.1,0.1,0.1,0.2,0.3,0.5
7614,50,1.0,0.4,0.4,0.4,0.5,0.6,0.8,0.9
4085,50,1.0,0.3,0.3,0.3,0.3,0.4,0.5,0.7
6067,200,1.0,0.2,0.2,0.2,0.3,0.3,0.4,0.5
611,50,1.0,0.6,0.6,0.6,0.6,0.7,0.7,0.7
9574,100,1.0,0.1,0.1,0.1,0.1,0.2,0.2,0.3
8119,50,1.0,0.3,0.3,0.3,0.3,0.4,0.4,0.5
6403,50,1.0,0.2,0.2,0.2,0.3,0.4,0.5,0.6
7496,50,1.0,0.2,0.2,0.2,0.2,0.3,0.5,0.7
9838,200,1.0,0.1,0.1,0.1,0.1,0.2,0.3,0.5
3665,50,1.0,0.1,0.1,0.1,0.2,0.2,0.3,0.4
7368,50,1.0,0.2,0.2,0.3,0.3,0.4,0.5,0.7
5731,350,1.0,0.2,0.2,0.2,0.2,0.2,0.3,0.5
4745,50,1.0,0.3,0.4,0.4,0.4,0.5,0.6,0.8
783,100,1.0,0.1,0.1,0.1,0.2,0.2,0.3,0.5
5326,300,1.0,0.1,0.1,0.1,0.1,0.2,0.3,0.5
9568,50,1.0,0.2,0.2,0.2,0.2,0.2,0.3,0.4
4117,50,1.0,0.2,0.2,0.2,0.2,0.2,0.3,0.5
4087,250,1.0,0.1,0.1,0.1,0.1,0.2,0.3,0.5
7037,100,1.0,0.2,0.2,0.2,0.2,0.2,0.3,0.4
3973,50,1.0,0.2,0.2,0.2,0.2,0.3,0.4,0.6
7073,50,1.0,0.3,0.3,0.3,0.3,0.4,0.5,0.6
3627,100,1.0,0.1,0.1,0.2,0.2,0.3,0.4,0.7
6050,50,1.0,0.2,0.2,0.2,0.2,0.2,0.3,0.5
2727,100,1.0,0.2,0.2,0.2,0.2,0.3,0.3,0.5
1598,100,1.0,0.2,0.2,0.2,0.2,0.2,0.3,0.4
6119,150,1.0,0.1,0.1,0.1,0.1,0.2,0.3,0.5
6825,200,1.0,0.2,0.2,0.2,0.2,0.3,0.4,0.5
2454,50,1.0,0.3,0.3,0.3,0.3,0.4,0.5,0.7
2012,50,1.0,0.2,0.3,0.3,0.3,0.4,0.5,0.7
9224,150,1.0,0.2,0.2,0.2,0.2,0.2,0.3,0.5
6954,50,1.0,0.4,0.4,0.4,0.4,0.4,0.5,0.6
7604,50,1.0,0.2,0.2,0.2,0.3,0.4,0.5,0.7
1383,50,1.0,0.4,0.4,0.4,0.5,0.5,0.6,0.8
2001,200,1.0,0.1,0.1,0.1,0.1,0.2,0.3,0.5
5190,100,1.0,0.1,0.2,0.2,0.2,0.2,0.4,0.6
9343,100,1.0,0.2,0.2,0.2,0.2,0.4,0.8,0.9
3229,50,1.0,0.3,0.3,0.3,0.3,0.4,0.6,0.8
4850,100,1.0,0.1,0.1,0.1,0.1,0.2,0.3,0.5
5947,100,1.0,0.1,0.1,0.2,0.2,0.2,0.4,0.6
436,50,1.0,0.1,0.1,0.1,0.2,0.3,0.4,0.6
8559,50,1.0,0.3,0.3,0.4,0.4,0.4,0.5,0.6
1280,300,1.0,0.1,0.1,0.1,0.1,0.2,0.4,0.6
6539,100,1.0,0.1,0.1,0.1,0.1,0.2,0.2,0.4
5463,500,1.0,0.1,0.1,0.1,0.1,0.1,0.2,0.4
8896,50,1.0,0.2,0.2,0.2,0.2,0.4,0.6,0.7
678,100,1.0,0.3,0.3,0.3,0.3,0.3,0.4,0.5
5597,50,1.0,0.3,0.3,0.3,0.3,0.4,0.4,0.5
5113,50,1.0,0.3,0.3,0.3,0.4,0.4,0.5,0.7
7096,350,1.0,0.2,0.2,0.2,0.3,0.3,0.4,0.6
466,50,1.0,0.1,0.2,0.2,0.2,0.2,0.3,0.5
1106,50,1.0,0.2,0.2,0.2,0.2,0.3,0.3,0.4
7794,50,1.0,0.3,0.4,0.4,0.4,0.4,0.5,0.7
1282,100,1.0,0.1,0.1,0.1,0.2,0.2,0.4,0.6
8104,50,1.0,0.1,0.1,0.1,0.2,0.3,0.5,0.7
7248,100,1.0,0.2,0.2,0.2,0.2,0.2,0.3,0.4
9182,50,1.0,0.2,0.2,0.2,0.2,0.3,0.4,0.6
8624,50,1.0,0.2,0.2,0.3,0.3,0.4,0.5,0.7
7669,200,1.0,0.1,0.1,0.1,0.1,0.2,0.3,0.5
253,50,1.0,0.3,0.3,0.3,0.3,0.3,0.4,0.5
9040,150,1.0,0.1,0.1,0.1,0.1,0.2,0.4,0.7
6118,50,1.0,0.4,0.4,0.4,0.4,0.4,0.5,0.7
9798,50,1.0,0.3,0.3,0.3,0.3,0.4,0.6,0.7
5620,50,1.0,0.2,0.2,0.2,0.2,0.3,0.4,0.6
7774,300,1.0,0.1,0.1,0.1,0.1,0.2,0.3,0.6
3553,100,1.0,0.3,0.3,0.3,0.3,0.4,0.5,0.6
5247,50,1.0,0.3,0.3,0.4,0.4,0.6,0.8,0.9
7090,50,1.0,0.1,0.2,0.2,0.2,0.4,0.8,0.9
2958,50,1.0,0.4,0.4,0.4,0.5,0.6,0.7,0.8
8590,100,1.0,0.2,0.2,0.2,0.2,0.3,0.4,0.6
8728,250,1.0,0.1,0.1,0.1,0.1,0.2,0.3,0.6
837,50,1.0,0.3,0.3,0.3,0.3,0.3,0.4,0.5
4292,2200,1.0,0.1,0.1,0.1,0.1,0.2,0.3,0.5
593,50,1.0,0.3,0.3,0.4,0.4,0.4,0.5,0.6
3550,50,1.0,0.2,0.3,0.3,0.3,0.3,0.4,0.5
5194,50,1.0,0.1,0.1,0.1,0.2,0.3,0.6,0.8
501,100,1.0,0.1,0.1,0.1,0.1,0.2,0.3,0.5
6249,50,1.0,0.2,0.2,0.2,0.2,0.3,0.3,0.5
7753,50,1.0,0.2,0.3,0.3,0.3,0.3,0.4,0.6
3005,200,1.0,0.1,0.1,0.1,0.1,0.2,0.3,0.4
1928,50,1.0,0.3,0.3,0.4,0.4,0.5,0.7,0.8
5090,100,1.0,0.1,0.2,0.2,0.2,0.3,0.4,0.6
670,50,1.0,0.4,0.4,0.4,0.4,0.4,0.4,0.4
4853,50,1.0,0.3,0.3,0.3,0.4,0.5,0.6,0.8
4099,50,1.0,0.3,0.3,0.3,0.3,0.5,0.6,0.9
3075,50,1.0,0.4,0.4,0.4,0.4,0.5,0.6,0.7
4807,50,1.0,0.2,0.2,0.2,0.2,0.3,0.4,0.5
9413,100,1.0,0.2,0.2,0.2,0.2,0.3,0.4,0.5
5948,50,1.0,0.3,0.3,0.3,0.4,0.5,0.6,0.7
6299,50,1.0,0.2,0.2,0.3,0.3,0.4,0.5,0.6
8196,50,1.0,0.5,0.6,0.6,0.6,0.7,0.7,0.8
5185,50,1.0,0.3,0.3,0.3,0.3,0.4,0.4,0.6
3252,100,1.0,0.1,0.1,0.1,0.1,0.2,0.3,0.5
1122,250,1.0,0.1,0.1,0.1,0.2,0.3,0.4,0.7
4424,100,1.0,0.2,0.2,0.2,0.2,0.3,0.5,0.7
9089,100,1.0,0.2,0.2,0.2,0.2,0.3,0.4,0.5
1520,50,1.0,0.2,0.2,0.2,0.3,0.4,0.6,0.8
8786,50,1.0,0.4,0.4,0.4,0.4,0.5,0.5,0.6
5355,100,1.0,0.1,0.1,0.1,0.1,0.2,0.2,0.4
5309,350,1.0,0.1,0.1,0.1,0.1,0.2,0.3,0.5
8930,50,1.0,0.4,0.4,0.4,0.4,0.5,0.7,0.8
9481,100,1.0,0.2,0.2,0.2,0.2,0.3,0.4,0.5
9800,50,1.0,0.1,0.2,0.2,0.2,0.3,0.5,0.7
7925,100,1.0,0.1,0.1,0.1,0.2,0.2,0.3,0.5
6433,50,1.0,0.2,0.2,0.2,0.3,0.3,0.5,0.6
1633,1100,1.0,0.1,0.2,0.2,0.2,0.2,0.4,0.6
1300,50,1.0,0.3,0.3,0.3,0.3,0.3,0.4,0.5
9931,150,1.0,0.1,0.1,0.1,0.1,0.2,0.4,0.7
5754,50,1.0,0.5,0.5,0.5,0.5,0.5,0.5,0.6
2418,100,1.0,0.1,0.1,0.1,0.2,0.2,0.2,0.4
7787,50,1.0,0.4,0.4,0.4,0.4,0.5,0.6,0.7
7312,50,1.0,0.2,0.2,0.2,0.2,0.3,0.4,0.5
604,100,1.0,0.3,0.3,0.3,0.3,0.4,0.5,0.7
2344,100,1.0,0.2,0.2,0.2,0.2,0.3,0.3,0.4
5934,250,1.0,0.1,0.1,0.1,0.1,0.2,0.3,0.5
8830,100,1.0,0.1,0.1,0.1,0.2,0.2,0.3,0.5
3548,50,1.0,0.2,0.2,0.2,0.2,0.3,0.4,0.6
9066,100,1.0,0.1,0.1,0.2,0.2,0.2,0.3,0.4
5434,50,1.0,0.2,0.2,0.2,0.2,0.3,0.5,0.7
7783,1150,1.0,0.2,0.2,0.2,0.2,0.2,0.3,0.5
5328,50,1.0,0.1,0.2,0.2,0.2,0.2,0.3,0.5
1875,550,1.0,0.1,0.1,0.1,0.1,0.2,0.4,0.7
3530,100,1.0,0.1,0.1,0.1,0.2,0.2,0.4,0.6
1333,50,1.0,0.2,0.2,0.2,0.2,0.3,0.4,0.5
289,50,1.0,0.2,0.2,0.3,0.3,0.3,0.4,0.6
5777,50,1.0,0.5,0.5,0.6,0.6,0.6,0.7,0.8
2770,100,1.0,0.2,0.2,0.2,0.2,0.2,0.3,0.5
8661,50,1.0,0.2,0.2,0.2,0.2,0.3,0.4,0.5
403,250,1.0,0.2,0.2,0.2,0.2,0.2,0.4,0.5
6210,150,1.0,0.2,0.2,0.2,0.2,0.3,0.4,0.5
5860,50,1.0,0.3,0.3,0.3,0.4,0.4,0.5,0.7
5958,200,1.0,0.1,0.1,0.1,0.1,0.2,0.2,0.4
4067,50,1.0,0.3,0.3,0.3,0.3,0.5,0.6,0.7
2328,200,1.0,0.1,0.1,0.1,0.1,0.2,0.3,0.5
2593,50,1.0,0.4,0.4,0.4,0.5,0.5,0.6,0.8
103,200,1.0,0.1,0.1,0.1,0.1,0.2,0.3,0.6
4650,50,1.0,0.4,0.4,0.4,0.5,0.6,0.7,0.8
9986,550,1.0,0.1,0.1,0.1,0.1,0.2,0.3,0.6
9311,50,1.0,0.1,0.2,0.2,0.2,0.3,0.5,0.9
715,400,1.0,0.1,0.1,0.1,0.1,0.2,0.3,0.5
1398,50,1.0,0.3,0.3,0.4,0.4,0.4,0.4,0.5
6116,100,1.0,0.1,0.1,0.1,0.1,0.2,0.4,0.6
9745,500,1.0,0.1,0.1,0.1,0.1,0.1,0.3,0.6
9960,50,1.0,0.2,0.2,0.2,0.2,0.3,0.4,0.6
1726,100,1.0,0.1,0.1,0.1,0.2,0.2,0.3,0.6
7416,50,1.0,0.2,0.3,0.3,0.3,0.3,0.4,0.6
1605,100,1.0,0.1,0.1,0.1,0.1,0.2,0.4,0.7
3217,50,1.0,0.2,0.2,0.2,0.2,0.2,0.3,0.4
1604,150,1.0,0.1,0.2,0.2,0.2,0.2,0.4,0.5
3307,50,1.0,0.2,0.2,0.2,0.2,0.3,0.4,0.6
8564,300,1.0,0.1,0.1,0.1,0.1,0.2,0.2,0.3
6618,100,1.0,0.1,0.1,0.1,0.2,0.2,0.3,0.5
7056,100,1.0,0.1,0.1,0.1,0.1,0.2,0.3,0.5
7970,500,1.0,0.1,0.1,0.1,0.1,0.1,0.2,0.4
3835,50,1.0,0.2,0.2,0.2,0.2,0.3,0.3,0.5
9935,50,1.0,0.1,0.1,0.1,0.2,0.3,0.4,0.7
5180,50,1.0,0.2,0.2,0.2,0.3,0.4,0.5,0.8
4812,100,1.0,0.1,0.1,0.1,0.1,0.2,0.3,0.5
8936,200,1.0,0.1,0.1,0.1,0.1,0.2,0.3,0.5
6748,100,1.0,0.1,0.1,0.2,0.2,0.3,0.5,0.7
7282,50,1.0,0.2,0.2,0.2,0.3,0.3,0.4,0.6
7083,200,1.0,0.1,0.1,0.1,0.2,0.2,0.4,0.6
599,50,1.0,0.3,0.3,0.3,0.4,0.5,0.7,0.9
8018,50,1.0,0.3,0.3,0.3,0.4,0.5,0.6,0.8
6611,100,1.0,0.1,0.1,0.1,0.2,0.2,0.3,0.4
7028,50,1.0,0.3,0.4,0.4,0.4,0.5,0.7,0.8
7717,50,1.0,0.2,0.2,0.2,0.2,0.3,0.4,0.5
8325,200,1.0,0.2,0.2,0.2,0.2,0.3,0.4,0.6
3837,50,1.0,0.2,0.2,0.2,0.2,0.2,0.3,0.4
8102,50,1.0,0.2,0.2,0.2,0.3,0.3,0.4,0.5
5415,100,1.0,0.1,0.1,0.1,0.1,0.2,0.3,0.5
6031,50,1.0,0.2,0.2,0.2,0.2,0.3,0.3,0.4
906,50,1.0,0.2,0.2,0.2,0.2,0.2,0.3,0.4
4710,100,1.0,0.2,0.2,0.2,0.2,0.3,0.4,0.5
8308,450,1.0,0.1,0.1,0.1,0.2,0.2,0.2,0.4
5131,100,1.0,0.2,0.2,0.2,0.3,0.3,0.5,0.7
2510,50,1.0,0.2,0.2,0.2,0.3,0.4,0.5,0.6
6486,100,1.0,0.1,0.1,0.1,0.1,0.2,0.3,0.4
7931,50,1.0,0.2,0.2,0.3,0.3,0.4,0.5,0.7
6429,200,1.0,0.2,0.2,0.2,0.2,0.3,0.4,0.5
1060,200,1.0,0.2,0.2,0.2,0.2,0.3,0.3,0.4
6834,50,1.0,0.2,0.2,0.3,0.3,0.3,0.4,0.7
1603,50,1.0,0.3,0.3,0.3,0.3,0.3,0.4,0.5
2568,450,1.0,0.1,0.1,0.1,0.2,0.3,0.8,0.9
5374,50,1.0,0.3,0.3,0.3,0.4,0.4,0.5,0.6
1391,100,1.0,0.2,0.2,0.2,0.2,0.3,0.4,0.6
7306,100,1.0,0.2,0.2,0.2,0.3,0.4,0.6,0.8
4147,150,1.0,0.1,0.1,0.1,0.1,0.2,0.3,0.5
3076,450,1.0,0.1,0.1,0.1,0.1,0.2,0.3,0.4
8255,200,1.0,0.1,0.1,0.1,0.1,0.2,0.3,0.6
2563,550,1.0,0.1,0.1,0.1,0.1,0.1,0.2,0.5
4454,100,1.0,0.1,0.1,0.1,0.1,0.2,0.3,0.6
5395,50,1.0,0.2,0.2,0.2,0.2,0.3,0.5,0.7
9603,50,1.0,0.5,0.5,0.5,0.5,0.6,0.6,0.7
3149,400,1.0,0.1,0.1,0.1,0.1,0.1,0.2,0.4
7413,50,1.0,0.2,0.2,0.2,0.2,0.2,0.3,0.3
1112,100,1.0,0.1,0.2,0.2,0.2,0.3,0.5,0.7
1286,50,1.0,0.2,0.2,0.3,0.3,0.6,0.8,0.9
54,100,1.0,0.1,0.1,0.1,0.1,0.2,0.3,0.5
3970,150,1.0,0.2,0.2,0.2,0.2,0.3,0.4,0.5
1426,200,1.0,0.1,0.2,0.2,0.2,0.3,0.4,0.5
2917,50,1.0,0.2,0.2,0.3,0.3,0.4,0.6,0.8
4573,100,1.0,0.1,0.1,0.1,0.1,0.2,0.2,0.4
319,750,1.0,0.1,0.1,0.1,0.1,0.2,0.3,0.6
589,200,1.0,0.1,0.1,0.1,0.1,0.2,0.3,0.4
3283,300,1.0,0.1,0.1,0.1,0.1,0.2,0.4,0.7
6235,500,1.0,0.1,0.1,0.1,0.1,0.2,0.3,0.5
6180,50,1.0,0.1,0.1,0.1,0.2,0.2,0.3,0.4
5,50,1.0,0.3,0.3,0.3,0.4,0.6,0.7,0.8
1820,800,1.0,0.1,0.1,0.1,0.1,0.2,0.3,0.5
6335,150,1.0,0.2,0.2,0.2,0.3,0.3,0.4,0.6
7759,50,1.0,0.2,0.2,0.2,0.2,0.2,0.3,0.5
5462,50,1.0,0.3,0.3,0.3,0.3,0.4,0.5,0.6
4408,100,1.0,0.2,0.2,0.3,0.3,0.3,0.4,0.5
2016,50,1.0,0.2,0.2,0.3,0.3,0.4,0.6,0.8
775,250,1.0,0.2,0.2,0.2,0.3,0.3,0.4,0.6
3621,50,1.0,0.3,0.3,0.3,0.4,0.5,0.6,0.7
8637,100,1.0,0.1,0.1,0.1,0.1,0.2,0.2,0.4
2898,150,1.0,0.1,0.2,0.2,0.2,0.3,0.4,0.6
1322,50,1.0,0.2,0.2,0.2,0.2,0.3,0.5,0.7
3180,100,1.0,0.1,0.1,0.1,0.1,0.2,0.3,0.5
5928,50,1.0,0.2,0.2,0.2,0.2,0.4,0.5,0.7
2420,50,1.0,0.3,0.3,0.3,0.3,0.4,0.6,0.8
5890,50,1.0,0.4,0.4,0.5,0.5,0.5,0.6,0.7
5937,50,1.0,0.2,0.2,0.3,0.3,0.4,0.5,0.7
5844,150,1.0,0.2,0.2,0.2,0.2,0.2,0.3,0.5
399,50,1.0,0.2,0.2,0.2,0.2,0.2,0.3,0.4
2843,150,1.0,0.1,0.1,0.1,0.1,0.2,0.3,0.5
5026,100,1.0,0.2,0.2,0.2,0.2,0.2,0.4,0.5
316,200,1.0,0.1,0.1,0.1,0.1,0.2,0.2,0.4
9702,50,1.0,0.3,0.3,0.3,0.3,0.4,0.5,0.7
5886,350,1.0,0.1,0.1,0.1,0.1,0.2,0.3,0.4
801,100,1.0,0.1,0.1,0.1,0.1,0.2,0.3,0.4
9046,50,1.0,0.5,0.5,0.5,0.5,0.6,0.7,0.8
4913,50,1.0,0.3,0.3,0.3,0.4,0.4,0.6,0.8
5114,100,1.0,0.2,0.2,0.2,0.2,0.2,0.3,0.4
6282,50,1.0,0.3,0.3,0.3,0.3,0.4,0.5,0.7
530,50,1.0,0.3,0.3,0.3,0.3,0.4,0.4,0.5
6994,100,1.0,0.2,0.2,0.2,0.2,0.3,0.4,0.6
8290,200,1.0,0.2,0.2,0.2,0.2,0.3,0.4,0.5
5661,250,1.0,0.2,0.2,0.2,0.2,0.3,0.4,0.5
2341,50,1.0,0.1,0.1,0.2,0.2,0.2,0.4,0.5
7049,50,1.0,0.2,0.3,0.3,0.3,0.4,0.5,0.7
8705,50,1.0,0.3,0.3,0.3,0.4,0.4,0.6,0.7
720,100,1.0,0.1,0.1,0.2,0.2,0.2,0.3,0.5
5906,100,1.0,0.2,0.2,0.2,0.2,0.3,0.4,0.6
7199,50,1.0,0.1,0.1,0.2,0.2,0.3,0.4,0.6
1672,150,1.0,0.1,0.1,0.1,0.1,0.2,0.2,0.3
7378,50,1.0,0.3,0.3,0.3,0.3,0.4,0.5,0.6
1837,350,1.0,0.1,0.1,0.1,0.1,0.2,0.3,0.6
370,400,1.0,0.1,0.1,0.1,0.1,0.2,0.3,0.6
4092,50,1.0,0.4,0.4,0.4,0.4,0.4,0.5,0.5
1057,50,1.0,0.2,0.2,0.2,0.2,0.2,0.3,0.4
16,100,1.0,0.1,0.1,0.1,0.1,0.1,0.2,0.4
7714,50,1.0,0.2,0.2,0.2,0.2,0.3,0.4,0.5
566,50,1.0,0.2,0.2,0.2,0.2,0.3,0.4,0.6
9757,250,1.0,0.1,0.1,0.1,0.1,0.2,0.3,0.5
7029,300,1.0,0.1,0.1,0.1,0.1,0.2,0.3,0.4
7333,50,1.0,0.2,0.2,0.2,0.3,0.4,0.6,0.8
5484,150,1.0,0.1,0.1,0.1,0.1,0.2,0.3,0.4
6222,500,1.0,0.1,0.1,0.1,0.2,0.3,0.4,0.6
666,100,1.0,0.2,0.2,0.2,0.2,0.4,0.6,0.8
5718,150,1.0,0.1,0.1,0.2,0.2,0.3,0.5,0.7
3515,100,1.0,0.1,0.1,0.1,0.1,0.2,0.2,0.4
5362,50,1.0,0.2,0.2,0.3,0.3,0.5,0.7,0.8
9871,50,1.0,0.3,0.3,0.4,0.4,0.5,0.6,0.7
7080,200,1.0,0.1,0.1,0.1,0.2,0.2,0.3,0.5
6670,100,1.0,0.1,0.1,0.2,0.2,0.2,0.3,0.5
3468,50,1.0,0.2,0.2,0.2,0.2,0.2,0.3,0.5
8615,50,1.0,0.2,0.3,0.3,0.3,0.4,0.5,0.7
3659,150,1.0,0.1,0.1,0.1,0.1,0.1,0.2,0.3
20,200,1.0,0.2,0.2,0.2,0.2,0.2,0.3,0.5
6302,50,1.0,0.1,0.1,0.1,0.2,0.3,0.7,0.9
7681,200,1.0,0.1,0.1,0.1,0.1,0.2,0.3,0.5
7943,50,1.0,0.2,0.2,0.2,0.2,0.3,0.4,0.6
428,50,1.0,0.2,0.2,0.2,0.3,0.4,0.6,0.8
3429,200,1.0,0.1,0.1,0.1,0.1,0.2,0.3,0.4
3046,150,1.0,0.2,0.2,0.2,0.2,0.3,0.5,0.7
8182,50,1.0,0.3,0.3,0.3,0.3,0.5,0.6,0.7
4125,150,1.0,0.1,0.1,0.1,0.1,0.2,0.2,0.3
6026,300,1.0,0.1,0.1,0.1,0.1,0.1,0.2,0.3
623,50,1.0,0.2,0.2,0.2,0.2,0.3,0.4,0.7
2195,50,1.0,0.3,0.3,0.4,0.4,0.4,0.5,0.7
8913,50,1.0,0.3,0.4,0.4,0.4,0.5,0.6,0.7
3131,50,1.0,0.1,0.1,0.1,0.1,0.2,0.3,0.5
3607,50,1.0,0.1,0.1,0.1,0.1,0.2,0.3,0.5
3589,450,1.0,0.1,0.1,0.1,0.1,0.2,0.3,0.5
8148,100,1.0,0.2,0.2,0.2,0.2,0.3,0.4,0.6
3465,150,1.0,0.1,0.1,0.1,0.1,0.2,0.4,0.6
201,50,1.0,0.1,0.1,0.1,0.1,0.2,0.3,0.5
2068,100,1.0,0.2,0.2,0.3,0.3,0.4,0.5,0.6
3697,100,1.0,0.1,0.1,0.1,0.1,0.2,0.3,0.5
5178,100,1.0,0.2,0.2,0.2,0.2,0.3,0.5,0.7
5881,200,1.0,0.1,0.1,0.1,0.1,0.3,0.7,0.9
2480,300,1.0,0.2,0.2,0.2,0.2,0.3,0.4,0.6
9320,50,1.0,0.2,0.3,0.3,0.3,0.4,0.5,0.6
4155,50,1.0,0.1,0.1,0.1,0.2,0.2,0.3,0.6
5875,50,1.0,0.2,0.2,0.2,0.2,0.3,0.3,0.3
7744,200,1.0,0.2,0.2,0.2,0.2,0.2,0.3,0.4
7904,50,1.0,0.2,0.3,0.3,0.3,0.5,0.8,0.9
2940,50,1.0,0.5,0.5,0.5,0.5,0.5,0.5,0.5
5834,150,1.0,0.1,0.1,0.1,0.1,0.2,0.3,0.5
6377,50,1.0,0.4,0.4,0.4,0.5,0.5,0.7,0.8
9034,50,1.0,0.2,0.2,0.2,0.3,0.4,0.6,0.7
8099,100,1.0,0.2,0.2,0.2,0.2,0.3,0.4,0.7
2194,50,1.0,0.3,0.4,0.4,0.4,0.4,0.5,0.6
4653,100,1.0,0.1,0.1,0.1,0.1,0.2,0.4,0.6
3974,200,1.0,0.1,0.2,0.2,0.2,0.3,0.5,0.7
8648,100,1.0,0.2,0.2,0.2,0.2,0.3,0.4,0.5
440,100,1.0,0.1,0.2,0.2,0.2,0.3,0.4,0.6
8097,50,1.0,0.2,0.2,0.2,0.2,0.3,0.5,0.7
1611,50,1.0,0.2,0.2,0.2,0.2,0.3,0.4,0.6
3496,50,1.0,0.2,0.2,0.2,0.2,0.3,0.4,0.5
1639,50,1.0,0.4,0.4,0.4,0.5,0.5,0.6,0.8
7,50,1.0,0.1,0.1,0.1,0.1,0.2,0.3,0.5
8920,50,1.0,0.2,0.2,0.2,0.2,0.3,0.4,0.6
7366,100,1.0,0.1,0.1,0.2,0.2,0.2,0.3,0.5
4854,100,1.0,0.1,0.1,0.2,0.2,0.2,0.3,0.4
3049,50,1.0,0.3,0.3,0.3,0.4,0.5,0.7,0.8
5209,100,1.0,0.1,0.1,0.1,0.1,0.2,0.4,0.5
9802,50,1.0,0.2,0.2,0.2,0.2,0.3,0.3,0.4
5156,100,1.0,0.3,0.3,0.3,0.3,0.3,0.4,0.5
519,100,1.0,0.2,0.3,0.3,0.3,0.3,0.4,0.5
1488,50,1.0,0.2,0.2,0.2,0.2,0.3,0.3,0.5
9105,50,1.0,0.5,0.6,0.6,0.6,0.7,0.7,0.8
6857,100,1.0,0.2,0.2,0.2,0.2,0.3,0.3,0.4
7350,150,1.0,0.1,0.1,0.1,0.2,0.3,0.5,0.8
2769,50,1.0,0.2,0.2,0.2,0.2,0.3,0.4,0.5
5396,100,1.0,0.2,0.2,0.2,0.2,0.3,0.3,0.5
5276,300,1.0,0.1,0.1,0.1,0.1,0.2,0.4,0.6
6209,50,1.0,0.4,0.4,0.4,0.5,0.6,0.8,0.8
416,150,1.0,0.1,0.1,0.2,0.2,0.2,0.3,0.4
3277,200,1.0,0.1,0.1,0.1,0.2,0.3,0.4,0.6
6124,50,1.0,0.5,0.5,0.5,0.5,0.6,0.6,0.8
6291,50,1.0,0.2,0.2,0.2,0.2,0.2,0.3,0.5
5691,50,1.0,0.2,0.2,0.2,0.2,0.3,0.4,0.7
3975,50,1.0,0.2,0.2,0.2,0.2,0.2,0.2,0.3
5861,100,1.0,0.1,0.1,0.1,0.2,0.2,0.3,0.4
798,50,1.0,0.2,0.2,0.2,0.2,0.3,0.4,0.6
6053,100,1.0,0.1,0.1,0.1,0.1,0.1,0.2,0.3
1071,150,1.0,0.2,0.2,0.2,0.2,0.2,0.3,0.5
3258,50,1.0,0.2,0.2,0.2,0.2,0.5,0.9,0.9
9024,100,1.0,0.1,0.2,0.2,0.2,0.2,0.3,0.4
8927,100,1.0,0.2,0.2,0.2,0.2,0.3,0.4,0.6
2760,50,1.0,0.2,0.2,0.2,0.2,0.3,0.4,0.6
2049,250,1.0,0.3,0.3,0.4,0.4,0.5,0.5,0.6
3543,50,1.0,0.3,0.3,0.3,0.4,0.4,0.5,0.7
8260,50,1.0,0.2,0.2,0.2,0.2,0.3,0.4,0.6
8357,1600,1.0,0.1,0.1,0.1,0.1,0.2,0.3,0.5
898,100,1.0,0.1,0.2,0.2,0.2,0.3,0.5,0.7
8706,850,1.0,0.1,0.1,0.1,0.1,0.2,0.2,0.4
5684,100,1.0,0.1,0.1,0.1,0.1,0.2,0.3,0.5
8117,50,1.0,0.2,0.2,0.2,0.2,0.3,0.4,0.6
7016,1000,1.0,0.1,0.1,0.1,0.1,0.2,0.3,0.5
9254,50,1.0,0.2,0.2,0.2,0.3,0.4,0.5,0.7
8730,50,1.0,0.2,0.2,0.2,0.2,0.3,0.5,0.7
7047,50,1.0,0.2,0.2,0.2,0.2,0.3,0.3,0.5
4980,100,1.0,0.3,0.3,0.3,0.4,0.4,0.6,0.7
8157,250,1.0,0.1,0.1,0.1,0.2,0.2,0.4,0.6
8993,50,1.0,0.3,0.3,0.3,0.3,0.4,0.5,0.6
472,300,1.0,0.2,0.2,0.2,0.2,0.3,0.4,0.6
1465,50,1.0,0.2,0.2,0.2,0.2,0.3,0.4,0.5
838,50,1.0,0.2,0.2,0.2,0.2,0.3,0.4,0.6
4018,100,1.0,0.1,0.1,0.1,0.1,0.2,0.2,0.4
3645,150,1.0,0.2,0.2,0.2,0.3,0.4,0.6,0.8
9604,50,1.0,0.3,0.3,0.4,0.4,0.4,0.5,0.6
7896,50,1.0,0.2,0.2,0.2,0.2,0.3,0.4,0.6
9714,100,1.0,0.1,0.1,0.1,0.1,0.2,0.4,0.7
7526,50,1.0,0.4,0.4,0.4,0.5,0.5,0.6,0.7
700,100,1.0,0.1,0.1,0.1,0.2,0.2,0.3,0.5
9694,50,1.0,0.5,0.5,0.5,0.5,0.6,0.7,0.7
6414,50,1.0,0.2,0.2,0.2,0.2,0.2,0.3,0.5
5827,50,1.0,0.4,0.4,0.5,0.5,0.5,0.6,0.6
6339,100,1.0,0.1,0.1,0.1,0.1,0.2,0.4,0.6
8715,300,1.0,0.1,0.1,0.1,0.2,0.2,0.4,0.6
1065,100,1.0,0.2,0.2,0.2,0.2,0.2,0.3,0.5
475,50,1.0,0.2,0.3,0.3,0.3,0.3,0.3,0.4
9,50,1.0,0.1,0.1,0.1,0.2,0.2,0.3,0.4
4566,150,1.0,0.1,0.1,0.1,0.1,0.2,0.3,0.6
582,50,1.0,0.2,0.2,0.2,0.3,0.3,0.4,0.5
3600,50,1.0,0.4,0.4,0.4,0.5,0.5,0.6,0.7
5969,150,1.0,0.1,0.1,0.2,0.2,0.3,0.4,0.6
85,50,1.0,0.3,0.3,0.3,0.4,0.5,0.6,0.7
585,50,1.0,0.2,0.2,0.3,0.3,0.4,0.6,0.7
1846,100,1.0,0.2,0.2,0.2,0.2,0.3,0.4,0.6
6827,50,1.0,0.3,0.3,0.4,0.4,0.6,0.8,0.9
4455,50,1.0,0.2,0.2,0.2,0.3,0.4,0.6,0.8
2008,50,1.0,0.3,0.3,0.3,0.3,0.4,0.5,0.7
9725,150,1.0,0.1,0.1,0.1,0.1,0.3,0.7,0.9
6616,100,1.0,0.1,0.1,0.1,0.1,0.1,0.2,0.4
6546,150,1.0,0.1,0.1,0.1,0.1,0.2,0.2,0.4
5350,800,1.0,0.1,0.1,0.1,0.2,0.2,0.4,0.6
9833,150,1.0,0.1,0.1,0.1,0.2,0.2,0.4,0.6
9490,950,1.0,0.1,0.1,0.1,0.1,0.2,0.4,0.6
325,100,1.0,0.4,0.4,0.4,0.4,0.4,0.4,0.5
2621,100,1.0,0.3,0.3,0.3,0.4,0.5,0.6,0.7
8725,100,1.0,0.1,0.1,0.1,0.2,0.3,0.4,0.7
8011,100,1.0,0.1,0.1,0.2,0.2,0.3,0.4,0.6
3573,250,1.0,0.2,0.2,0.2,0.3,0.3,0.4,0.5
9099,150,1.0,0.2,0.2,0.2,0.2,0.2,0.3,0.4
4081,50,1.0,0.2,0.2,0.2,0.3,0.3,0.5,0.7
1296,50,1.0,0.2,0.2,0.2,0.3,0.3,0.4,0.6
8977,300,1.0,0.1,0.1,0.1,0.2,0.2,0.4,0.6
6549,450,1.0,0.1,0.1,0.1,0.1,0.1,0.2,0.5
8501,100,1.0,0.3,0.3,0.3,0.3,0.4,0.4,0.5
38,100,1.0,0.3,0.3,0.3,0.3,0.4,0.5,0.6
4598,50,1.0,0.2,0.2,0.2,0.2,0.3,0.4,0.5
2249,50,1.0,0.3,0.3,0.3,0.3,0.4,0.5,0.6
312,100,1.0,0.2,0.2,0.2,0.2,0.3,0.4,0.5
5085,50,1.0,0.1,0.2,0.2,0.2,0.3,0.4,0.6
107,50,1.0,0.3,0.3,0.3,0.3,0.3,0.3,0.4
22,50,1.0,0.2,0.3,0.3,0.3,0.3,0.3,0.4
1349,50,1.0,0.2,0.2,0.2,0.3,0.3,0.4,0.6
2461,50,1.0,0.3,0.3,0.3,0.4,0.5,0.7,0.8
6617,50,1.0,0.3,0.3,0.3,0.3,0.3,0.4,0.5
2736,100,1.0,0.1,0.1,0.1,0.1,0.2,0.3,0.4
724,50,1.0,0.2,0.2,0.2,0.2,0.3,0.4,0.5
200,100,1.0,0.1,0.1,0.2,0.2,0.2,0.4,0.6
151,50,1.0,0.4,0.5,0.5,0.5,0.6,0.7,0.8
7993,300,1.0,0.1,0.1,0.1,0.1,0.2,0.3,0.5
3920,3600,1.0,0.1,0.1,0.1,0.1,0.2,0.3,0.6
9558,50,1.0,0.2,0.3,0.3,0.3,0.3,0.4,0.6
9632,250,1.0,0.1,0.1,0.1,0.1,0.2,0.3,0.4
9184,50,1.0,0.2,0.2,0.3,0.3,0.3,0.4,0.6
2730,100,1.0,0.1,0.1,0.2,0.2,0.2,0.3,0.5
1700,50,1.0,0.1,0.1,0.1,0.2,0.2,0.4,0.6
2520,50,1.0,0.4,0.4,0.5,0.5,0.6,0.7,0.8
8442,100,1.0,0.1,0.1,0.1,0.1,0.2,0.3,0.5
5625,50,1.0,0.3,0.4,0.4,0.4,0.5,0.7,0.8
5371,50,1.0,0.3,0.3,0.3,0.3,0.3,0.3,0.4
8800,250,1.0,0.1,0.1,0.1,0.1,0.2,0.3,0.5
8477,100,1.0,0.2,0.2,0.2,0.2,0.3,0.4,0.6
5125,50,1.0,0.2,0.2,0.2,0.2,0.3,0.4,0.6
8298,100,1.0,0.1,0.1,0.1,0.1,0.2,0.3,0.4
5205,100,1.0,0.2,0.2,0.2,0.2,0.3,0.5,0.6
198,50,1.0,0.4,0.4,0.4,0.4,0.5,0.5,0.7
6865,250,1.0,0.1,0.1,0.1,0.1,0.2,0.3,0.5
9032,100,1.0,0.1,0.1,0.1,0.2,0.2,0.4,0.6
5403,50,1.0,0.4,0.4,0.4,0.5,0.6,0.8,0.8
4372,50,1.0,0.1,0.1,0.1,0.1,0.2,0.2,0.4
4183,50,1.0,0.2,0.2,0.2,0.2,0.3,0.4,0.6
2014,50,1.0,0.1,0.1,0.1,0.1,0.2,0.3,0.5
4143,50,1.0,0.2,0.2,0.2,0.2,0.3,0.4,0.5
9680,400,1.0,0.1,0.1,0.1,0.1,0.2,0.4,0.7
1709,50,1.0,0.3,0.3,0.3,0.3,0.3,0.4,0.6
7739,50,1.0,0.3,0.3,0.3,0.3,0.4,0.4,0.6
9773,100,1.0,0.2,0.2,0.2,0.2,0.2,0.3,0.4
3309,400,1.0,0.1,0.2,0.2,0.2,0.2,0.3,0.5
7122,300,1.0,0.1,0.1,0.1,0.2,0.2,0.3,0.5
7045,250,1.0,0.1,0.1,0.1,0.2,0.2,0.3,0.5
602,200,1.0,0.1,0.1,0.1,0.2,0.3,0.4,0.7
6949,100,1.0,0.2,0.2,0.2,0.2,0.3,0.3,0.5
8212,50,1.0,0.2,0.2,0.2,0.3,0.3,0.4,0.6
5748,100,1.0,0.1,0.1,0.1,0.2,0.2,0.3,0.5
8621,50,1.0,0.4,0.4,0.4,0.4,0.4,0.5,0.5
1150,100,1.0,0.1,0.1,0.1,0.1,0.2,0.2,0.3
5576,100,1.0,0.2,0.2,0.2,0.2,0.3,0.4,0.5
3443,50,1.0,0.3,0.3,0.3,0.3,0.3,0.4,0.5
9329,100,1.0,0.2,0.2,0.2,0.2,0.3,0.4,0.5
5668,50,1.0,0.3,0.4,0.4,0.4,0.6,0.8,0.9
3502,50,1.0,0.2,0.2,0.2,0.2,0.3,0.3,0.5
5523,300,1.0,0.1,0.1,0.1,0.1,0.2,0.3,0.5
680,100,1.0,0.1,0.1,0.1,0.1,0.2,0.3,0.5
1077,50,1.0,0.1,0.2,0.2,0.2,0.2,0.3,0.5
2706,50,1.0,0.2,0.2,0.2,0.2,0.3,0.3,0.4
8320,200,1.0,0.1,0.1,0.1,0.2,0.2,0.4,0.5
1980,50,1.0,0.2,0.2,0.2,0.2,0.3,0.3,0.5
4269,200,1.0,0.1,0.1,0.1,0.1,0.2,0.3,0.4
6868,100,1.0,0.2,0.2,0.2,0.2,0.3,0.3,0.5
4920,100,1.0,0.1,0.1,0.2,0.2,0.2,0.3,0.5
3686,100,1.0,0.2,0.2,0.2,0.3,0.3,0.5,0.7
9087,300,1.0,0.1,0.1,0.1,0.1,0.2,0.3,0.5
377,50,1.0,0.4,0.4,0.4,0.5,0.6,0.7,0.9
6287,100,1.0,0.2,0.2,0.2,0.3,0.3,0.4,0.6
5950,50,1.0,0.1,0.1,0.1,0.1,0.2,0.3,0.5
479,100,1.0,0.2,0.2,0.2,0.2,0.3,0.4,0.6
8956,50,1.0,0.2,0.2,0.2,0.2,0.2,0.3,0.4
9346,50,1.0,0.2,0.2,0.2,0.2,0.3,0.4,0.6
5968,50,1.0,0.4,0.4,0.4,0.5,0.5,0.6,0.7
4384,50,1.0,0.2,0.2,0.2,0.2,0.3,0.4,0.5
8587,50,1.0,0.4,0.4,0.4,0.5,0.5,0.6,0.7
929,50,1.0,0.2,0.2,0.2,0.2,0.3,0.4,0.5
6495,100,1.0,0.2,0.2,0.2,0.2,0.3,0.3,0.4
7664,50,1.0,0.2,0.2,0.2,0.2,0.3,0.5,0.7
6364,100,1.0,0.1,0.1,0.1,0.2,0.2,0.4,0.8
9925,100,1.0,0.2,0.2,0.2,0.3,0.4,0.5,0.7
2677,50,1.0,0.3,0.3,0.3,0.4,0.5,0.6,0.7
733,100,1.0,0.2,0.2,0.2,0.2,0.3,0.3,0.4
3506,100,1.0,0.2,0.2,0.2,0.2,0.3,0.4,0.6
5639,50,1.0,0.3,0.3,0.3,0.3,0.4,0.5,0.6
6338,100,1.0,0.2,0.2,0.2,0.2,0.3,0.4,0.6
7432,50,1.0,0.3,0.4,0.4,0.4,0.5,0.6,0.7
7419,50,1.0,0.2,0.3,0.3,0.3,0.4,0.4,0.6
3302,100,1.0,0.1,0.2,0.2,0.2,0.3,0.4,0.5
3462,800,1.0,0.2,0.2,0.2,0.2,0.4,0.5,0.6
4987,50,1.0,0.2,0.2,0.2,0.2,0.2,0.3,0.6
6840,50,1.0,0.1,0.1,0.1,0.1,0.2,0.3,0.4
6044,50,1.0,0.2,0.2,0.2,0.2,0.3,0.6,0.9
5028,50,1.0,0.2,0.2,0.2,0.2,0.3,0.5,0.7
9085,50,1.0,0.4,0.4,0.5,0.5,0.5,0.6,0.7
6737,150,1.0,0.1,0.1,0.1,0.1,0.2,0.4,0.6
5876,50,1.0,0.2,0.2,0.2,0.2,0.2,0.3,0.4
2140,50,1.0,0.3,0.3,0.3,0.4,0.5,0.7,0.8
418,50,1.0,0.2,0.2,0.2,0.3,0.3,0.4,0.5
1037,100,1.0,0.1,0.2,0.2,0.2,0.3,0.5,0.6
5518,50,1.0,0.2,0.2,0.2,0.2,0.3,0.4,0.6
3679,50,1.0,0.2,0.2,0.2,0.2,0.3,0.5,0.7
9561,50,1.0,0.2,0.2,0.2,0.2,0.2,0.2,0.3
3315,50,1.0,0.2,0.3,0.3,0.3,0.5,0.7,0.8
8573,100,1.0,0.1,0.1,0.1,0.1,0.1,0.2,0.3
9655,50,1.0,0.2,0.2,0.2,0.2,0.3,0.4,0.6
3098,50,1.0,0.1,0.1,0.1,0.2,0.2,0.2,0.3
7230,50,1.0,0.2,0.2,0.2,0.2,0.3,0.4,0.6
3032,50,1.0,0.3,0.3,0.3,0.4,0.5,0.6,0.8
2070,100,1.0,0.1,0.1,0.2,0.2,0.3,0.4,0.6
4919,50,1.0,0.3,0.3,0.3,0.4,0.4,0.4,0.5
8613,300,1.0,0.1,0.1,0.1,0.1,0.2,0.4,0.7
4385,50,1.0,0.2,0.2,0.2,0.2,0.3,0.4,0.6
4327,100,1.0,0.2,0.2,0.2,0.2,0.3,0.4,0.6
5245,50,1.0,0.2,0.2,0.3,0.3,0.5,0.7,0.9
1906,250,1.0,0.2,0.2,0.2,0.2,0.2,0.3,0.5
641,200,1.0,0.1,0.1,0.1,0.1,0.2,0.3,0.4
5622,1950,1.0,0.1,0.1,0.2,0.2,0.2,0.3,0.5
5926,50,1.0,0.2,0.2,0.2,0.2,0.3,0.4,0.5
7065,700,1.0,0.1,0.1,0.1,0.1,0.2,0.3,0.5
5929,600,1.0,0.1,0.1,0.1,0.2,0.2,0.3,0.5
286,250,1.0,0.1,0.1,0.1,0.1,0.2,0.3,0.5
895,500,1.0,0.1,0.1,0.1,0.1,0.2,0.4,0.6
1565,250,1.0,0.1,0.1,0.1,0.1,0.2,0.2,0.4
6980,250,1.0,0.1,0.1,0.1,0.1,0.2,0.3,0.5
1402,50,1.0,0.1,0.1,0.1,0.2,0.2,0.3,0.5
