query_idx,ef_true,RV_gamma_0.1,RV_gamma_0.5,RV_gamma_1.0,RV_gamma_2.0,RV_gamma_5.0,RV_gamma_10.0,RV_gamma_20.0,RV_gamma_50.0,RV_gamma_100.0
1730,50,0.3,0.3,0.3,0.4,0.4,0.5,0.7,0.9,0.9
3464,50,0.3,0.3,0.3,0.3,0.4,0.5,0.6,0.8,0.8
662,50,0.5,0.5,0.5,0.5,0.6,0.7,0.8,0.9,0.9
6236,200,0.3,0.4,0.4,0.4,0.5,0.7,0.8,0.6,0.0
9488,50,0.4,0.4,0.5,0.5,0.6,0.8,0.9,0.9,0.0
2113,150,0.2,0.2,0.2,0.2,0.3,0.4,0.6,0.0,0.0
457,50,0.3,0.3,0.3,0.3,0.4,0.5,0.7,0.8,0.0
2411,50,0.4,0.4,0.4,0.4,0.5,0.6,0.8,0.9,0.1
3127,200,0.2,0.2,0.2,0.2,0.2,0.3,0.5,0.0,0.0
758,50,0.2,0.2,0.2,0.2,0.3,0.5,0.7,0.0,0.0
3863,50,0.5,0.5,0.5,0.5,0.5,0.6,0.7,0.8,0.8
7848,150,0.1,0.1,0.1,0.2,0.2,0.3,0.6,0.0,0.0
1537,50,0.2,0.2,0.2,0.2,0.3,0.4,0.6,0.8,0.0
8819,100,0.3,0.4,0.4,0.4,0.5,0.6,0.7,0.0,0.0
3537,100,0.3,0.3,0.3,0.3,0.4,0.5,0.7,0.3,0.0
2606,1050,0.2,0.2,0.2,0.2,0.3,0.4,0.7,0.0,0.0
7810,50,0.3,0.3,0.3,0.3,0.3,0.4,0.5,0.7,0.8
8934,50,0.3,0.3,0.3,0.4,0.4,0.5,0.7,0.5,0.0
5896,150,0.2,0.2,0.2,0.2,0.3,0.4,0.6,0.8,0.0
6485,250,0.2,0.2,0.2,0.2,0.3,0.4,0.6,0.9,0.0
2463,50,0.2,0.2,0.2,0.2,0.3,0.4,0.7,0.9,0.0
9611,100,0.2,0.2,0.2,0.2,0.3,0.5,0.7,0.0,0.0
8876,50,0.5,0.5,0.5,0.5,0.5,0.5,0.6,0.7,0.8
4629,50,0.4,0.4,0.4,0.5,0.6,0.7,0.9,0.9,0.9
5430,150,0.2,0.2,0.2,0.2,0.3,0.3,0.5,0.7,0.0
1327,50,0.2,0.2,0.2,0.2,0.3,0.5,0.7,0.0,0.0
3742,150,0.2,0.2,0.2,0.3,0.3,0.4,0.5,0.8,0.0
409,200,0.2,0.2,0.2,0.3,0.3,0.5,0.7,0.0,0.0
3272,50,0.3,0.3,0.3,0.4,0.4,0.5,0.7,0.9,0.0
1207,50,0.3,0.3,0.3,0.3,0.4,0.6,0.8,0.0,0.0
9981,50,0.2,0.2,0.2,0.2,0.3,0.4,0.6,0.0,0.0
8017,900,0.1,0.1,0.1,0.2,0.2,0.3,0.5,0.0,0.0
6689,50,0.4,0.4,0.4,0.5,0.5,0.6,0.7,0.9,0.1
26,50,0.3,0.3,0.3,0.3,0.3,0.4,0.6,0.8,0.8
9529,100,0.2,0.2,0.2,0.2,0.3,0.4,0.6,0.9,0.0
4768,50,0.2,0.2,0.3,0.3,0.4,0.6,0.8,0.3,0.0
7856,50,0.3,0.3,0.3,0.3,0.4,0.6,0.7,0.8,0.0
3287,50,0.3,0.3,0.3,0.3,0.4,0.5,0.6,0.8,0.6
2192,50,0.3,0.3,0.4,0.4,0.6,0.7,0.9,0.9,0.9
7713,50,0.2,0.2,0.2,0.3,0.3,0.5,0.6,0.8,0.0
7057,50,0.2,0.2,0.2,0.2,0.3,0.5,0.7,0.8,0.0
3714,150,0.1,0.1,0.2,0.2,0.3,0.6,0.9,0.9,0.0
9552,150,0.2,0.2,0.2,0.2,0.3,0.4,0.6,0.8,0.0
1544,50,0.3,0.3,0.3,0.3,0.4,0.6,0.7,0.8,0.0
3294,50,0.4,0.5,0.5,0.5,0.6,0.7,0.8,0.9,0.4
1193,50,0.2,0.2,0.2,0.2,0.3,0.4,0.5,0.8,0.0
4826,400,0.1,0.1,0.2,0.2,0.2,0.4,0.6,0.0,0.0
2631,50,0.2,0.2,0.2,0.2,0.3,0.4,0.5,0.7,0.0
2111,50,0.4,0.4,0.4,0.5,0.5,0.7,0.8,0.9,0.0
8093,150,0.1,0.2,0.2,0.2,0.3,0.4,0.6,0.0,0.0
4581,50,0.3,0.3,0.3,0.3,0.4,0.6,0.8,0.8,0.3
5049,50,0.3,0.3,0.3,0.4,0.5,0.6,0.8,0.0,0.0
5446,150,0.2,0.2,0.2,0.2,0.3,0.5,0.7,0.0,0.0
8484,50,0.1,0.2,0.2,0.2,0.2,0.4,0.6,0.0,0.0
3885,50,0.4,0.4,0.4,0.4,0.5,0.6,0.8,0.9,0.1
5098,50,0.3,0.3,0.3,0.3,0.4,0.5,0.7,0.8,0.0
8008,50,0.2,0.2,0.2,0.2,0.3,0.5,0.7,0.0,0.0
4623,50,0.3,0.3,0.4,0.4,0.5,0.6,0.8,0.9,0.0
3733,50,0.2,0.2,0.2,0.2,0.3,0.4,0.5,0.7,0.0
7324,100,0.2,0.2,0.3,0.3,0.3,0.4,0.6,0.8,0.0
6711,200,0.1,0.1,0.2,0.2,0.2,0.3,0.5,0.0,0.0
2966,50,0.3,0.3,0.3,0.4,0.4,0.5,0.6,0.8,0.8
5217,100,0.2,0.3,0.3,0.3,0.4,0.6,0.7,0.0,0.0
3812,50,0.1,0.1,0.2,0.2,0.3,0.5,0.8,0.0,0.0
2822,100,0.2,0.2,0.2,0.2,0.3,0.3,0.5,0.6,0.0
8276,50,0.2,0.2,0.2,0.2,0.4,0.6,0.8,0.0,0.0
2987,100,0.2,0.2,0.2,0.3,0.3,0.4,0.5,0.3,0.0
3868,50,0.4,0.4,0.4,0.4,0.5,0.5,0.7,0.8,0.9
1926,350,0.1,0.1,0.1,0.1,0.2,0.4,0.7,0.0,0.0
1351,50,0.3,0.3,0.3,0.3,0.4,0.5,0.6,0.8,0.0
2107,50,0.2,0.2,0.3,0.3,0.4,0.5,0.7,0.9,0.0
3453,50,0.4,0.4,0.4,0.5,0.6,0.7,0.8,0.1,0.0
3674,250,0.2,0.2,0.2,0.3,0.4,0.6,0.8,0.0,0.0
7538,300,0.1,0.1,0.1,0.1,0.2,0.4,0.6,0.0,0.0
4350,250,0.2,0.2,0.2,0.2,0.3,0.5,0.7,0.0,0.0
8998,100,0.3,0.3,0.3,0.4,0.5,0.6,0.7,0.3,0.0
5097,150,0.2,0.2,0.2,0.2,0.3,0.4,0.6,0.6,0.0
2718,50,0.2,0.2,0.3,0.3,0.3,0.4,0.6,0.8,0.0
4543,50,0.2,0.2,0.2,0.2,0.3,0.4,0.6,0.0,0.0
8877,50,0.2,0.2,0.2,0.2,0.2,0.3,0.3,0.5,0.7
2836,50,0.3,0.3,0.3,0.4,0.5,0.7,0.8,0.1,0.0
8791,50,0.2,0.3,0.3,0.3,0.4,0.6,0.8,0.9,0.9
2782,300,0.1,0.2,0.2,0.2,0.3,0.4,0.6,0.0,0.0
1279,300,0.2,0.2,0.2,0.3,0.3,0.5,0.6,0.1,0.0
6442,400,0.1,0.1,0.1,0.1,0.2,0.3,0.6,0.0,0.0
1447,50,0.2,0.2,0.2,0.2,0.4,0.5,0.8,0.0,0.0
2872,50,0.2,0.2,0.2,0.2,0.3,0.5,0.8,0.0,0.0
6269,50,0.2,0.2,0.2,0.2,0.3,0.3,0.4,0.7,0.0
7302,350,0.8,0.8,0.8,0.8,0.8,0.8,0.8,0.8,0.9
9793,50,0.5,0.5,0.5,0.5,0.6,0.7,0.8,0.9,0.0
5191,200,0.2,0.2,0.2,0.2,0.2,0.3,0.4,0.6,0.0
4608,50,0.4,0.4,0.4,0.4,0.5,0.5,0.5,0.7,0.8
1999,50,0.2,0.2,0.2,0.3,0.4,0.5,0.7,0.0,0.0
1023,50,0.3,0.3,0.3,0.3,0.4,0.5,0.6,0.8,0.0
9225,250,0.1,0.1,0.1,0.2,0.3,0.4,0.6,0.0,0.0
2391,100,0.2,0.2,0.2,0.2,0.3,0.4,0.5,0.7,0.0
1874,100,0.2,0.2,0.2,0.2,0.3,0.4,0.6,0.4,0.0
9114,350,0.1,0.1,0.1,0.2,0.2,0.3,0.5,0.0,0.0
8238,50,0.2,0.2,0.2,0.2,0.3,0.4,0.6,0.8,0.0
4265,50,0.3,0.3,0.3,0.4,0.5,0.7,0.8,0.5,0.0
9495,150,0.2,0.2,0.2,0.2,0.2,0.3,0.5,0.8,0.0
3682,150,0.1,0.1,0.1,0.2,0.2,0.3,0.5,0.0,0.0
6974,100,0.2,0.2,0.3,0.3,0.4,0.5,0.6,0.3,0.0
6453,150,0.2,0.2,0.2,0.2,0.3,0.4,0.6,0.3,0.0
8476,50,0.2,0.2,0.3,0.3,0.3,0.4,0.6,0.8,0.0
2309,150,0.2,0.2,0.2,0.3,0.4,0.6,0.8,0.0,0.0
8263,50,0.4,0.4,0.4,0.4,0.5,0.5,0.7,0.9,0.9
6020,50,0.5,0.5,0.5,0.6,0.6,0.7,0.8,0.9,0.9
1216,50,0.4,0.4,0.4,0.4,0.4,0.5,0.5,0.7,0.8
1012,50,0.4,0.4,0.5,0.5,0.6,0.7,0.8,0.8,0.0
5012,50,0.4,0.4,0.5,0.5,0.7,0.8,0.8,0.8,0.0
1339,150,0.3,0.3,0.3,0.3,0.4,0.5,0.6,0.8,0.0
7181,50,0.3,0.4,0.4,0.4,0.6,0.7,0.8,0.0,0.0
4233,50,0.2,0.2,0.2,0.3,0.4,0.5,0.7,0.0,0.0
8649,100,0.4,0.4,0.4,0.4,0.4,0.5,0.6,0.8,0.9
2926,100,0.1,0.2,0.2,0.2,0.3,0.5,0.7,0.0,0.0
5022,350,0.1,0.1,0.1,0.1,0.2,0.3,0.5,0.0,0.0
5286,100,0.2,0.2,0.3,0.3,0.4,0.6,0.7,0.0,0.0
9916,150,0.1,0.2,0.2,0.2,0.3,0.4,0.6,0.0,0.0
6785,50,0.3,0.3,0.3,0.4,0.5,0.6,0.8,0.9,0.0
3300,50,0.2,0.3,0.3,0.3,0.3,0.4,0.5,0.7,0.8
555,50,0.5,0.5,0.5,0.5,0.6,0.6,0.7,0.9,0.9
3444,50,0.2,0.2,0.2,0.3,0.5,0.9,0.9,0.9,0.9
315,200,0.2,0.2,0.2,0.2,0.3,0.4,0.6,0.0,0.0
563,100,0.2,0.3,0.3,0.3,0.4,0.5,0.7,0.8,0.0
9629,100,0.2,0.2,0.2,0.2,0.3,0.4,0.6,0.0,0.0
9523,50,0.2,0.2,0.2,0.2,0.3,0.5,0.7,0.0,0.0
6979,650,0.1,0.1,0.1,0.1,0.2,0.3,0.4,0.0,0.0
9468,200,0.2,0.2,0.2,0.2,0.3,0.5,0.7,0.0,0.0
2544,150,0.2,0.2,0.2,0.2,0.2,0.3,0.4,0.7,0.0
5333,50,0.3,0.3,0.3,0.4,0.5,0.7,0.8,0.1,0.0
9877,50,0.5,0.5,0.5,0.5,0.5,0.6,0.7,0.8,0.9
687,400,0.2,0.2,0.2,0.2,0.3,0.5,0.7,0.0,0.0
7068,450,0.2,0.2,0.2,0.2,0.3,0.5,0.7,0.0,0.0
2754,50,0.4,0.4,0.4,0.4,0.5,0.7,0.8,0.9,0.0
8126,250,0.2,0.2,0.2,0.2,0.2,0.3,0.5,0.7,0.0
8440,150,0.4,0.4,0.4,0.5,0.6,0.7,0.9,0.9,0.0
4217,100,0.2,0.2,0.2,0.2,0.3,0.4,0.6,0.8,0.0
1925,50,0.3,0.3,0.4,0.4,0.5,0.7,0.8,0.9,0.0
6106,50,0.7,0.7,0.7,0.7,0.7,0.7,0.7,0.7,0.8
9166,250,0.1,0.2,0.2,0.2,0.3,0.4,0.6,0.0,0.0
4397,200,0.1,0.2,0.2,0.2,0.3,0.4,0.5,0.0,0.0
6060,100,0.3,0.3,0.3,0.4,0.4,0.6,0.7,0.8,0.0
8971,200,0.2,0.3,0.3,0.3,0.4,0.5,0.7,0.8,0.0
2060,100,0.1,0.2,0.2,0.2,0.3,0.5,0.7,0.0,0.0
2565,50,0.4,0.4,0.4,0.5,0.5,0.7,0.8,0.9,0.9
4522,100,0.2,0.2,0.2,0.2,0.3,0.4,0.6,0.1,0.0
1573,50,0.3,0.3,0.4,0.4,0.5,0.6,0.7,0.0,0.0
9555,800,0.1,0.2,0.2,0.2,0.3,0.4,0.7,0.0,0.0
4524,100,0.2,0.2,0.2,0.2,0.3,0.5,0.7,0.0,0.0
6186,50,0.2,0.2,0.2,0.2,0.3,0.4,0.6,0.9,0.0
1509,50,0.6,0.6,0.6,0.6,0.6,0.6,0.6,0.7,0.8
8049,200,0.1,0.1,0.1,0.2,0.2,0.4,0.6,0.0,0.0
6896,50,0.2,0.2,0.3,0.3,0.4,0.5,0.7,0.0,0.0
1771,300,0.1,0.1,0.2,0.2,0.2,0.3,0.5,0.0,0.0
5379,50,0.2,0.2,0.2,0.3,0.4,0.5,0.7,0.6,0.0
3401,50,0.4,0.4,0.4,0.5,0.5,0.7,0.8,0.1,0.0
1347,650,0.1,0.1,0.1,0.2,0.3,0.4,0.5,0.0,0.0
3745,150,0.1,0.1,0.1,0.2,0.2,0.3,0.6,0.5,0.0
2556,300,0.1,0.2,0.2,0.2,0.2,0.3,0.5,0.7,0.0
3254,50,0.2,0.2,0.2,0.2,0.3,0.4,0.7,0.0,0.0
5042,50,0.5,0.5,0.5,0.5,0.5,0.6,0.7,0.8,0.9
4724,150,0.2,0.2,0.2,0.2,0.3,0.5,0.8,0.0,0.0
9449,50,0.4,0.4,0.4,0.5,0.6,0.7,0.9,1.0,0.0
9115,150,0.2,0.2,0.2,0.2,0.2,0.3,0.5,0.8,0.0
938,50,0.2,0.2,0.2,0.3,0.4,0.6,0.7,0.3,0.0
8623,100,0.2,0.2,0.2,0.2,0.3,0.3,0.5,0.7,0.0
5933,50,0.3,0.3,0.3,0.3,0.3,0.4,0.5,0.7,0.0
2137,50,0.3,0.4,0.4,0.4,0.4,0.5,0.6,0.8,0.8
273,50,0.3,0.3,0.3,0.3,0.4,0.5,0.7,0.9,0.0
7782,100,0.2,0.2,0.2,0.2,0.3,0.4,0.7,0.8,0.0
503,50,0.4,0.4,0.4,0.4,0.5,0.6,0.7,0.8,0.9
872,50,0.4,0.5,0.5,0.5,0.6,0.6,0.7,0.8,0.9
9059,100,0.3,0.3,0.3,0.3,0.4,0.5,0.7,0.9,0.0
4510,400,0.2,0.2,0.2,0.2,0.4,0.6,0.8,0.0,0.0
1585,50,0.4,0.4,0.4,0.5,0.5,0.7,0.8,0.9,0.0
6542,100,0.3,0.3,0.3,0.3,0.3,0.4,0.5,0.7,0.3
3549,400,0.2,0.2,0.2,0.2,0.3,0.5,0.7,0.9,0.0
9332,50,0.3,0.3,0.3,0.3,0.4,0.6,0.7,0.5,0.0
488,200,0.2,0.2,0.2,0.2,0.2,0.3,0.4,0.6,0.0
7214,50,0.3,0.3,0.3,0.3,0.4,0.5,0.7,0.9,0.9
5018,50,0.4,0.4,0.5,0.5,0.6,0.7,0.8,0.9,0.0
8314,50,0.2,0.2,0.2,0.2,0.2,0.3,0.5,0.7,0.0
9257,50,0.2,0.2,0.2,0.3,0.3,0.4,0.6,0.7,0.0
141,50,0.2,0.2,0.2,0.2,0.3,0.4,0.6,0.8,0.0
4595,50,0.5,0.5,0.5,0.5,0.6,0.7,0.8,0.9,0.9
5695,200,0.2,0.2,0.2,0.3,0.4,0.5,0.7,0.0,0.0
4579,50,0.2,0.2,0.2,0.3,0.4,0.6,0.8,0.8,0.6
7527,50,0.4,0.5,0.5,0.5,0.5,0.6,0.7,0.9,0.9
9321,50,0.7,0.7,0.7,0.7,0.7,0.8,0.8,0.8,0.9
239,50,0.4,0.4,0.4,0.4,0.5,0.6,0.8,0.9,0.0
5485,50,0.3,0.3,0.3,0.3,0.5,0.7,0.8,0.9,0.0
4188,900,0.1,0.1,0.1,0.1,0.2,0.2,0.4,0.0,0.0
7689,100,0.2,0.2,0.2,0.2,0.3,0.4,0.6,0.8,0.0
1027,50,0.3,0.3,0.3,0.3,0.4,0.5,0.7,0.8,0.0
9496,100,0.2,0.2,0.2,0.2,0.4,0.5,0.7,0.0,0.0
6090,100,0.1,0.1,0.1,0.1,0.2,0.3,0.6,0.0,0.0
4702,300,0.2,0.2,0.2,0.2,0.3,0.5,0.7,0.0,0.0
7879,200,0.2,0.2,0.2,0.2,0.2,0.3,0.4,0.7,0.0
4760,50,0.1,0.1,0.2,0.2,0.3,0.5,0.7,0.0,0.0
1146,1200,0.1,0.1,0.1,0.1,0.2,0.4,0.7,0.0,0.0
6960,1200,0.1,0.1,0.1,0.1,0.2,0.4,0.6,0.0,0.0
351,50,0.2,0.3,0.3,0.3,0.3,0.4,0.5,0.8,0.8
1525,1550,0.1,0.1,0.1,0.1,0.2,0.3,0.5,0.0,0.0
9753,50,0.4,0.4,0.4,0.4,0.5,0.6,0.8,0.0,0.0
9619,1000,0.1,0.2,0.2,0.2,0.3,0.4,0.8,0.0,0.0
9715,100,0.2,0.2,0.2,0.2,0.3,0.4,0.6,0.4,0.0
5717,100,0.4,0.4,0.4,0.4,0.4,0.4,0.5,0.5,0.6
2452,100,0.3,0.4,0.4,0.4,0.5,0.7,0.8,0.0,0.0
7907,50,0.4,0.4,0.4,0.4,0.5,0.6,0.8,0.0,0.0
2356,800,0.2,0.2,0.2,0.2,0.3,0.3,0.4,0.0,0.0
9868,50,0.2,0.2,0.2,0.3,0.4,0.5,0.7,0.0,0.0
8833,100,0.2,0.2,0.2,0.2,0.3,0.4,0.5,0.0,0.0
4525,100,0.2,0.3,0.3,0.3,0.4,0.5,0.7,0.1,0.0
4990,50,0.3,0.3,0.4,0.4,0.4,0.5,0.7,0.8,0.9
8237,200,0.1,0.2,0.2,0.2,0.3,0.4,0.6,0.0,0.0
9067,100,0.5,0.5,0.5,0.5,0.6,0.7,0.8,0.6,0.0
8468,50,0.3,0.3,0.3,0.3,0.4,0.6,0.8,0.8,0.0
1029,50,0.3,0.3,0.3,0.4,0.4,0.6,0.7,0.8,0.0
251,50,0.3,0.3,0.3,0.4,0.5,0.7,0.8,0.2,0.0
4733,350,0.1,0.1,0.1,0.1,0.2,0.3,0.4,0.0,0.0
4528,150,0.2,0.2,0.2,0.2,0.2,0.3,0.4,0.6,0.0
817,50,0.3,0.3,0.4,0.4,0.5,0.6,0.7,0.8,0.0
3074,50,0.3,0.3,0.4,0.4,0.5,0.6,0.7,0.8,0.3
5494,100,0.3,0.3,0.3,0.4,0.5,0.6,0.7,0.0,0.0
102,50,0.4,0.4,0.4,0.4,0.6,0.7,0.8,0.1,0.0
3267,100,0.2,0.2,0.2,0.2,0.3,0.4,0.6,0.0,0.0
4610,50,0.4,0.4,0.4,0.4,0.5,0.6,0.8,0.4,0.0
4540,50,0.2,0.2,0.2,0.3,0.3,0.5,0.6,0.8,0.0
8958,250,0.2,0.2,0.2,0.2,0.2,0.3,0.4,0.7,0.0
3111,50,0.2,0.2,0.2,0.2,0.3,0.4,0.6,0.9,0.0
2860,100,0.2,0.2,0.3,0.3,0.3,0.4,0.6,0.7,0.0
5053,150,0.1,0.1,0.2,0.2,0.3,0.5,0.7,0.0,0.0
1616,50,0.3,0.4,0.4,0.4,0.6,0.8,0.9,0.9,0.9
6331,700,0.1,0.1,0.1,0.1,0.2,0.3,0.4,0.0,0.0
4979,200,0.2,0.2,0.2,0.2,0.3,0.4,0.6,0.0,0.0
6202,450,0.2,0.2,0.2,0.2,0.3,0.4,0.6,0.3,0.0
4511,150,0.2,0.2,0.2,0.2,0.3,0.3,0.5,0.7,0.0
3969,50,0.4,0.4,0.4,0.5,0.6,0.8,0.9,0.9,0.0
7737,100,0.1,0.1,0.1,0.2,0.2,0.4,0.6,0.0,0.0
6520,50,0.3,0.3,0.3,0.3,0.4,0.4,0.6,0.8,0.4
1147,50,0.2,0.3,0.3,0.3,0.4,0.5,0.6,0.7,0.0
4533,100,0.2,0.2,0.2,0.3,0.4,0.5,0.7,0.0,0.0
2053,400,0.1,0.2,0.2,0.2,0.3,0.6,0.9,0.9,0.0
6722,100,0.2,0.2,0.2,0.2,0.3,0.4,0.7,0.1,0.0
9187,350,0.1,0.1,0.1,0.2,0.2,0.3,0.5,0.0,0.0
1853,150,0.1,0.1,0.1,0.2,0.2,0.3,0.5,0.0,0.0
236,50,0.2,0.2,0.2,0.3,0.4,0.6,0.8,0.0,0.0
1393,50,0.4,0.4,0.4,0.4,0.4,0.5,0.6,0.8,0.8
56,50,0.5,0.5,0.5,0.5,0.6,0.7,0.8,0.9,0.9
1552,50,0.3,0.3,0.3,0.3,0.4,0.6,0.8,0.9,0.0
497,50,0.3,0.3,0.3,0.4,0.4,0.5,0.7,0.8,0.0
8123,150,0.1,0.1,0.1,0.2,0.2,0.3,0.5,0.0,0.0
3442,150,0.2,0.2,0.2,0.2,0.3,0.4,0.5,0.1,0.0
8752,50,0.4,0.4,0.4,0.5,0.5,0.6,0.7,0.8,0.9
2373,100,0.2,0.2,0.2,0.2,0.2,0.3,0.4,0.6,0.0
1315,200,0.2,0.2,0.2,0.2,0.3,0.4,0.5,0.7,0.0
1311,50,0.3,0.3,0.3,0.4,0.5,0.6,0.7,0.8,0.0
9689,50,0.3,0.3,0.3,0.3,0.4,0.5,0.7,0.8,0.0
8361,50,0.3,0.3,0.4,0.4,0.5,0.6,0.8,0.9,0.0
1272,50,0.5,0.5,0.5,0.5,0.6,0.7,0.8,0.9,0.0
4831,200,0.3,0.3,0.3,0.3,0.4,0.5,0.6,0.8,0.0
9131,100,0.2,0.2,0.2,0.2,0.2,0.3,0.5,0.0,0.0
9526,150,0.1,0.2,0.2,0.2,0.3,0.4,0.6,0.0,0.0
5825,50,0.3,0.3,0.3,0.4,0.4,0.5,0.6,0.7,0.1
6981,200,0.2,0.2,0.3,0.3,0.3,0.5,0.6,0.8,0.0
4356,100,0.2,0.2,0.2,0.3,0.3,0.4,0.5,0.8,0.0
7639,300,0.1,0.1,0.2,0.2,0.2,0.3,0.5,0.0,0.0
6069,100,0.2,0.2,0.3,0.3,0.4,0.5,0.7,0.0,0.0
9264,50,0.3,0.3,0.3,0.3,0.4,0.5,0.7,0.9,0.0
2496,150,0.2,0.2,0.2,0.2,0.3,0.5,0.7,0.0,0.0
9123,50,0.2,0.2,0.3,0.3,0.4,0.6,0.8,0.2,0.0
1940,150,0.1,0.1,0.1,0.2,0.2,0.4,0.7,0.0,0.0
7121,100,0.1,0.1,0.1,0.2,0.3,0.4,0.7,0.0,0.0
7809,100,0.2,0.2,0.2,0.3,0.4,0.5,0.7,0.0,0.0
868,300,0.1,0.1,0.1,0.1,0.2,0.2,0.4,0.0,0.0
9485,50,0.4,0.4,0.5,0.5,0.5,0.6,0.7,0.8,0.0
3366,100,0.3,0.3,0.4,0.4,0.4,0.5,0.6,0.8,0.8
3421,50,0.3,0.3,0.3,0.4,0.4,0.6,0.8,0.9,0.0
2164,500,0.1,0.1,0.1,0.1,0.2,0.4,0.7,0.0,0.0
5111,200,0.2,0.2,0.2,0.2,0.3,0.5,0.7,0.0,0.0
5951,100,0.3,0.3,0.3,0.3,0.4,0.5,0.7,0.4,0.0
9545,250,0.2,0.2,0.2,0.2,0.3,0.4,0.6,0.0,0.0
1952,50,0.3,0.3,0.3,0.4,0.5,0.8,0.9,0.9,0.9
5797,50,0.3,0.3,0.3,0.3,0.5,0.6,0.8,0.0,0.0
214,50,0.3,0.3,0.3,0.3,0.4,0.4,0.6,0.8,0.8
5112,50,0.3,0.4,0.4,0.4,0.5,0.6,0.8,0.9,0.0
3317,50,0.3,0.3,0.3,0.4,0.4,0.5,0.7,0.8,0.0
9433,50,0.2,0.2,0.2,0.2,0.2,0.3,0.3,0.5,0.8
2868,50,0.6,0.6,0.7,0.7,0.7,0.8,0.8,0.9,1.0
719,100,0.2,0.2,0.3,0.3,0.4,0.6,0.7,0.0,0.0
5438,50,0.2,0.2,0.2,0.2,0.3,0.4,0.5,0.8,0.0
8827,50,0.2,0.2,0.2,0.2,0.3,0.3,0.4,0.6,0.4
4599,50,0.6,0.6,0.6,0.6,0.7,0.8,0.9,0.9,0.9
1364,150,0.2,0.2,0.2,0.3,0.4,0.5,0.8,0.0,0.0
2139,50,0.2,0.2,0.2,0.2,0.3,0.4,0.5,0.7,0.0
6623,100,0.2,0.2,0.2,0.2,0.3,0.5,0.7,0.0,0.0
3712,50,0.2,0.2,0.2,0.3,0.3,0.4,0.6,0.9,0.0
5323,50,0.4,0.4,0.4,0.4,0.5,0.5,0.7,0.9,0.9
4427,150,0.2,0.2,0.2,0.3,0.4,0.5,0.6,0.0,0.0
2156,50,0.3,0.3,0.3,0.3,0.4,0.6,0.7,0.0,0.0
7532,1000,0.1,0.1,0.2,0.2,0.2,0.4,0.6,0.0,0.0
7399,100,0.2,0.2,0.2,0.2,0.3,0.4,0.6,0.0,0.0
5337,50,0.2,0.2,0.2,0.3,0.4,0.5,0.7,0.0,0.0
4657,50,0.3,0.3,0.3,0.4,0.5,0.6,0.8,0.9,0.0
4498,50,0.3,0.3,0.4,0.4,0.5,0.6,0.8,0.9,0.0
1228,50,0.2,0.2,0.3,0.3,0.4,0.5,0.7,0.6,0.0
7453,50,0.3,0.3,0.3,0.4,0.5,0.7,0.9,0.0,0.0
3944,50,0.2,0.2,0.2,0.2,0.3,0.4,0.6,0.8,0.0
6457,50,0.3,0.3,0.3,0.4,0.4,0.5,0.7,0.8,0.0
3410,200,0.1,0.1,0.1,0.1,0.2,0.2,0.4,0.0,0.0
1674,150,0.2,0.2,0.2,0.3,0.4,0.5,0.7,0.1,0.0
4375,100,0.1,0.1,0.2,0.2,0.2,0.3,0.5,0.1,0.0
624,50,0.2,0.2,0.2,0.2,0.3,0.4,0.6,0.8,0.0
4683,50,0.4,0.4,0.4,0.5,0.5,0.6,0.7,0.9,0.9
4288,100,0.2,0.2,0.2,0.2,0.3,0.5,0.7,0.0,0.0
2413,300,0.1,0.1,0.2,0.2,0.3,0.7,0.8,0.8,0.6
7135,100,0.2,0.2,0.2,0.2,0.3,0.4,0.6,0.0,0.0
6654,100,0.2,0.2,0.2,0.2,0.3,0.3,0.5,0.7,0.8
2845,200,0.2,0.2,0.2,0.3,0.3,0.4,0.7,0.9,0.0
6837,150,0.2,0.2,0.2,0.2,0.3,0.4,0.5,0.6,0.0
366,50,0.3,0.3,0.3,0.3,0.4,0.4,0.6,0.8,0.8
779,50,0.2,0.2,0.2,0.2,0.3,0.4,0.6,0.8,0.0
6708,100,0.2,0.2,0.2,0.2,0.3,0.4,0.5,0.8,0.0
6604,50,0.2,0.2,0.2,0.2,0.3,0.4,0.6,0.2,0.0
9999,50,0.3,0.3,0.3,0.3,0.4,0.5,0.6,0.8,0.3
165,200,0.1,0.1,0.1,0.2,0.2,0.3,0.5,0.0,0.0
5370,150,0.1,0.2,0.2,0.2,0.2,0.4,0.6,0.0,0.0
6767,50,0.2,0.2,0.2,0.2,0.3,0.4,0.5,0.7,0.0
1836,400,0.2,0.2,0.2,0.2,0.2,0.3,0.4,0.7,0.0
9104,650,0.1,0.1,0.1,0.1,0.2,0.3,0.4,0.0,0.0
1409,50,0.3,0.4,0.4,0.4,0.4,0.5,0.6,0.8,0.8
5904,250,0.2,0.2,0.2,0.2,0.3,0.4,0.6,0.8,0.0
1994,100,0.1,0.1,0.2,0.2,0.3,0.4,0.7,0.9,0.0
120,50,0.4,0.4,0.4,0.5,0.6,0.7,0.8,0.9,0.0
136,100,0.3,0.3,0.3,0.3,0.4,0.5,0.7,0.9,0.9
892,50,0.2,0.2,0.2,0.2,0.3,0.5,0.7,0.0,0.0
9616,200,0.3,0.3,0.3,0.4,0.4,0.6,0.7,0.1,0.0
2073,50,0.6,0.6,0.6,0.6,0.6,0.6,0.6,0.7,0.7
7449,150,0.2,0.2,0.2,0.2,0.2,0.3,0.4,0.6,0.0
5048,150,0.2,0.2,0.2,0.2,0.3,0.5,0.7,0.0,0.0
9596,50,0.3,0.3,0.3,0.4,0.5,0.6,0.8,0.9,0.0
3800,50,0.3,0.3,0.3,0.3,0.4,0.5,0.7,0.8,0.0
4162,50,0.2,0.2,0.2,0.3,0.3,0.5,0.7,0.0,0.0
6307,50,0.3,0.3,0.3,0.4,0.4,0.5,0.7,0.8,0.0
3322,50,0.3,0.3,0.3,0.3,0.4,0.6,0.7,0.1,0.0
1250,100,0.3,0.3,0.3,0.3,0.4,0.6,0.7,0.9,0.0
8026,50,0.3,0.3,0.3,0.4,0.5,0.6,0.8,0.8,0.0
587,200,0.1,0.1,0.1,0.2,0.2,0.3,0.5,0.4,0.0
2968,50,0.2,0.3,0.3,0.3,0.4,0.6,0.8,0.3,0.0
2547,200,0.1,0.1,0.1,0.2,0.2,0.3,0.4,0.1,0.0
3778,50,0.5,0.5,0.5,0.6,0.6,0.7,0.7,0.9,0.9
7027,50,0.3,0.3,0.3,0.3,0.4,0.6,0.8,0.3,0.0
4235,100,0.2,0.2,0.2,0.2,0.3,0.4,0.6,0.0,0.0
2572,200,0.2,0.2,0.2,0.2,0.3,0.4,0.5,0.0,0.0
5573,50,0.2,0.3,0.3,0.3,0.4,0.6,0.7,0.0,0.0
4502,50,0.3,0.3,0.3,0.4,0.5,0.7,0.8,0.9,0.0
4232,150,0.2,0.2,0.2,0.2,0.3,0.3,0.5,0.7,0.0
8244,300,0.2,0.2,0.2,0.2,0.3,0.4,0.6,0.0,0.0
3848,50,0.1,0.2,0.2,0.2,0.2,0.3,0.5,0.9,0.0
4582,50,0.3,0.3,0.3,0.4,0.5,0.6,0.7,0.8,0.0
234,50,0.2,0.2,0.2,0.2,0.3,0.6,0.9,0.9,0.9
8662,50,0.1,0.1,0.1,0.2,0.2,0.4,0.5,0.1,0.0
9669,50,0.2,0.3,0.3,0.3,0.6,0.9,0.9,0.9,0.9
7118,50,0.5,0.5,0.5,0.5,0.5,0.6,0.6,0.8,0.8
4297,100,0.3,0.3,0.3,0.3,0.4,0.5,0.7,0.9,0.0
7042,400,0.1,0.1,0.1,0.1,0.2,0.3,0.6,0.0,0.0
3288,50,0.5,0.5,0.5,0.5,0.5,0.6,0.7,0.8,0.9
323,50,0.4,0.4,0.4,0.5,0.6,0.8,0.9,0.9,0.0
1277,100,0.2,0.2,0.2,0.3,0.4,0.6,0.8,0.1,0.0
8679,300,0.1,0.1,0.1,0.2,0.3,0.5,0.6,0.0,0.0
271,100,0.1,0.1,0.2,0.2,0.2,0.3,0.5,0.8,0.0
9444,100,0.2,0.2,0.2,0.2,0.3,0.4,0.6,0.0,0.0
62,50,0.2,0.2,0.2,0.3,0.3,0.4,0.6,0.8,0.0
7441,1000,0.1,0.1,0.2,0.2,0.2,0.4,0.6,0.6,0.0
7421,150,0.1,0.2,0.2,0.2,0.3,0.5,0.8,0.0,0.0
8438,100,0.1,0.1,0.1,0.1,0.2,0.3,0.4,0.6,0.0
3614,700,0.1,0.1,0.1,0.2,0.2,0.3,0.5,0.0,0.0
7596,100,0.2,0.2,0.2,0.2,0.3,0.4,0.6,0.2,0.0
792,150,0.1,0.2,0.2,0.2,0.3,0.5,0.7,0.0,0.0
401,100,0.3,0.3,0.3,0.3,0.4,0.5,0.7,0.8,0.0
2343,100,0.2,0.2,0.2,0.2,0.3,0.5,0.6,0.0,0.0
5192,50,0.3,0.3,0.3,0.3,0.4,0.6,0.7,0.0,0.0
356,300,0.2,0.2,0.2,0.2,0.2,0.3,0.4,0.6,0.0
118,50,0.4,0.4,0.4,0.4,0.5,0.6,0.8,0.9,0.0
4290,50,0.4,0.4,0.4,0.5,0.5,0.6,0.7,0.8,0.0
9642,100,0.3,0.3,0.3,0.3,0.4,0.5,0.7,0.4,0.0
9639,150,0.1,0.2,0.2,0.2,0.2,0.3,0.5,0.8,0.0
831,50,0.2,0.2,0.2,0.2,0.3,0.4,0.5,0.1,0.0
9756,150,0.1,0.2,0.2,0.2,0.3,0.7,0.9,0.9,0.9
7084,50,0.3,0.3,0.3,0.3,0.4,0.6,0.8,0.9,0.0
1507,150,0.2,0.2,0.2,0.2,0.3,0.4,0.6,0.0,0.0
3962,50,0.2,0.2,0.2,0.3,0.3,0.4,0.7,0.0,0.0
9213,100,0.2,0.2,0.2,0.2,0.3,0.4,0.5,0.0,0.0
3633,50,0.2,0.3,0.3,0.3,0.4,0.5,0.7,0.8,0.0
1802,50,0.1,0.1,0.2,0.2,0.2,0.4,0.7,0.5,0.0
3884,100,0.2,0.2,0.2,0.2,0.3,0.5,0.7,0.0,0.0
3280,800,0.1,0.1,0.1,0.2,0.2,0.4,0.6,0.0,0.0
8505,100,0.2,0.3,0.3,0.3,0.4,0.6,0.7,0.0,0.0
8756,100,0.2,0.2,0.2,0.2,0.3,0.4,0.6,0.0,0.0
2294,50,0.3,0.3,0.3,0.4,0.4,0.5,0.6,0.8,0.8
8849,200,0.2,0.2,0.2,0.2,0.3,0.4,0.6,0.0,0.0
6040,50,0.3,0.3,0.3,0.3,0.4,0.4,0.6,0.9,0.1
4286,50,0.5,0.5,0.5,0.5,0.5,0.5,0.5,0.6,0.7
8234,500,0.1,0.1,0.2,0.2,0.3,0.4,0.7,0.0,0.0
5912,50,0.4,0.5,0.5,0.5,0.6,0.7,0.8,0.9,0.9
9033,50,0.2,0.2,0.2,0.2,0.3,0.5,0.7,0.0,0.0
5967,50,0.3,0.3,0.3,0.3,0.5,0.7,0.9,0.9,0.0
586,100,0.1,0.1,0.1,0.2,0.2,0.4,0.6,0.0,0.0
1048,50,0.4,0.4,0.4,0.5,0.5,0.6,0.7,0.9,0.9
1428,200,0.2,0.2,0.2,0.2,0.3,0.5,0.7,0.0,0.0
8801,50,0.3,0.3,0.3,0.3,0.5,0.6,0.8,0.0,0.0
2771,50,0.2,0.2,0.2,0.2,0.3,0.4,0.5,0.2,0.0
197,50,0.4,0.4,0.4,0.4,0.5,0.6,0.7,0.9,0.9
7022,200,0.2,0.2,0.2,0.2,0.3,0.4,0.6,0.0,0.0
3100,50,0.2,0.2,0.2,0.3,0.3,0.4,0.6,0.8,0.0
725,450,0.2,0.2,0.2,0.2,0.3,0.4,0.6,0.8,0.0
4355,50,0.3,0.3,0.3,0.3,0.4,0.6,0.8,0.8,0.0
3325,50,0.4,0.5,0.5,0.5,0.6,0.8,0.9,0.9,0.0
9651,100,0.3,0.3,0.3,0.3,0.4,0.6,0.8,0.9,0.0
1499,50,0.1,0.2,0.2,0.2,0.3,0.5,0.7,0.0,0.0
8010,100,0.2,0.2,0.2,0.2,0.3,0.4,0.6,0.9,0.0
8809,50,0.4,0.4,0.4,0.4,0.6,0.7,0.8,0.2,0.0
2820,50,0.4,0.4,0.4,0.5,0.6,0.7,0.8,0.9,0.0
8455,50,0.3,0.3,0.3,0.3,0.4,0.4,0.6,0.8,0.0
9823,50,0.2,0.2,0.3,0.3,0.4,0.5,0.7,0.0,0.0
6619,150,0.2,0.2,0.2,0.2,0.3,0.4,0.5,0.0,0.0
5788,250,0.1,0.1,0.1,0.1,0.2,0.3,0.4,0.0,0.0
6677,50,0.2,0.3,0.3,0.3,0.6,0.9,0.9,0.9,0.9
515,150,0.2,0.2,0.2,0.2,0.3,0.4,0.6,0.0,0.0
6718,700,0.1,0.1,0.1,0.1,0.2,0.5,0.8,0.8,0.0
5804,50,0.2,0.2,0.2,0.2,0.3,0.5,0.7,0.0,0.0
3494,50,0.4,0.4,0.4,0.4,0.5,0.6,0.7,0.8,0.0
2023,300,0.1,0.1,0.1,0.2,0.2,0.4,0.6,0.0,0.0
1293,150,0.2,0.2,0.2,0.2,0.3,0.4,0.7,0.0,0.0
2162,550,0.1,0.1,0.1,0.1,0.2,0.4,0.7,0.0,0.0
4707,50,0.4,0.4,0.4,0.4,0.4,0.5,0.6,0.8,0.9
3559,50,0.3,0.3,0.3,0.3,0.3,0.4,0.5,0.6,0.8
7760,50,0.3,0.3,0.3,0.3,0.4,0.6,0.7,0.9,0.0
2584,50,0.5,0.6,0.6,0.6,0.7,0.7,0.7,0.8,0.9
4418,150,0.1,0.1,0.1,0.1,0.2,0.3,0.6,0.0,0.0
375,100,0.2,0.2,0.2,0.3,0.3,0.4,0.5,0.7,0.1
3601,400,0.1,0.1,0.1,0.2,0.2,0.4,0.5,0.0,0.0
7910,200,0.1,0.1,0.2,0.2,0.2,0.3,0.5,0.0,0.0
6528,50,0.3,0.3,0.3,0.3,0.3,0.4,0.5,0.7,0.0
1528,200,0.2,0.2,0.2,0.2,0.3,0.5,0.8,0.2,0.0
8511,50,0.2,0.3,0.3,0.3,0.4,0.5,0.7,0.8,0.0
4008,100,0.2,0.2,0.2,0.2,0.3,0.4,0.7,0.0,0.0
9255,150,0.1,0.1,0.2,0.2,0.3,0.4,0.7,0.0,0.0
5987,200,0.2,0.3,0.3,0.3,0.4,0.5,0.7,0.0,0.0
8965,50,0.1,0.2,0.2,0.2,0.3,0.4,0.6,0.0,0.0
2939,150,0.2,0.2,0.2,0.3,0.3,0.4,0.5,0.7,0.0
6183,50,0.2,0.2,0.2,0.2,0.3,0.4,0.5,0.9,0.0
4523,50,0.2,0.2,0.3,0.3,0.4,0.5,0.6,0.9,0.0
5796,50,0.4,0.4,0.4,0.4,0.5,0.6,0.7,0.8,0.0
7265,50,0.2,0.2,0.2,0.2,0.3,0.4,0.6,0.0,0.0
8240,50,0.2,0.2,0.3,0.3,0.4,0.5,0.7,0.0,0.0
1974,50,0.3,0.3,0.3,0.4,0.4,0.5,0.7,0.8,0.0
1543,50,0.2,0.2,0.2,0.2,0.3,0.4,0.6,0.8,0.0
7964,100,0.1,0.2,0.2,0.2,0.3,0.5,0.7,0.0,0.0
8493,50,0.2,0.2,0.3,0.3,0.4,0.5,0.7,0.0,0.0
3441,300,0.2,0.2,0.2,0.2,0.3,0.4,0.5,0.1,0.0
8177,500,0.1,0.1,0.1,0.2,0.2,0.4,0.7,0.0,0.0
1697,50,0.4,0.4,0.4,0.5,0.6,0.7,0.8,0.9,0.0
8378,250,0.3,0.3,0.3,0.3,0.4,0.6,0.8,0.0,0.0
4019,100,0.2,0.3,0.3,0.3,0.3,0.4,0.5,0.7,0.0
5885,100,0.2,0.2,0.2,0.2,0.4,0.5,0.7,0.0,0.0
4802,100,0.2,0.2,0.3,0.3,0.4,0.5,0.7,0.9,0.0
1316,250,0.1,0.1,0.1,0.1,0.2,0.3,0.5,0.0,0.0
9534,100,0.2,0.2,0.2,0.3,0.3,0.4,0.6,0.0,0.0
9582,200,0.2,0.2,0.2,0.2,0.3,0.4,0.5,0.0,0.0
7911,50,0.3,0.3,0.3,0.4,0.5,0.6,0.7,0.9,0.0
2340,100,0.3,0.3,0.3,0.3,0.4,0.5,0.7,0.8,0.0
5418,50,0.3,0.3,0.3,0.3,0.3,0.4,0.6,0.8,0.9
5755,50,0.4,0.4,0.4,0.5,0.5,0.6,0.7,0.9,0.9
6274,100,0.2,0.2,0.2,0.3,0.4,0.6,0.8,0.0,0.0
4416,150,0.3,0.3,0.3,0.3,0.4,0.5,0.7,0.9,0.0
636,50,0.4,0.4,0.5,0.5,0.6,0.7,0.8,0.9,0.0
8554,50,0.5,0.5,0.6,0.6,0.8,0.9,0.9,0.9,0.0
2611,250,0.2,0.2,0.2,0.2,0.2,0.3,0.5,0.8,0.0
7952,50,0.3,0.3,0.3,0.4,0.4,0.4,0.5,0.7,0.8
617,50,0.4,0.4,0.4,0.4,0.5,0.6,0.8,0.9,0.9
3469,50,0.3,0.3,0.3,0.3,0.3,0.4,0.6,0.8,0.3
9432,350,0.1,0.1,0.2,0.2,0.2,0.3,0.5,0.0,0.0
9859,350,0.1,0.1,0.1,0.1,0.2,0.4,0.6,0.0,0.0
7094,50,0.5,0.5,0.5,0.6,0.6,0.7,0.8,0.9,0.9
4070,50,0.3,0.3,0.3,0.3,0.4,0.6,0.8,0.9,0.0
3911,50,0.4,0.4,0.4,0.5,0.6,0.7,0.9,0.9,0.0
6696,150,0.1,0.1,0.1,0.2,0.2,0.4,0.7,0.1,0.0
4994,50,0.2,0.2,0.2,0.2,0.3,0.4,0.6,0.9,0.0
3303,50,0.3,0.3,0.3,0.4,0.5,0.6,0.8,0.9,0.0
8818,50,0.4,0.4,0.4,0.4,0.4,0.5,0.6,0.8,0.9
6173,100,0.6,0.6,0.6,0.7,0.8,0.8,0.9,0.9,0.6
6694,50,0.3,0.3,0.3,0.4,0.5,0.7,0.8,0.0,0.0
4403,50,0.2,0.2,0.2,0.2,0.4,0.7,0.9,0.9,0.9
8227,100,0.3,0.3,0.3,0.4,0.4,0.6,0.7,0.3,0.0
8233,50,0.2,0.2,0.3,0.3,0.3,0.5,0.6,0.8,0.0
2862,50,0.3,0.3,0.4,0.4,0.6,0.8,0.9,0.9,0.9
5608,50,0.3,0.3,0.3,0.4,0.5,0.7,0.8,0.9,0.0
2198,300,0.1,0.2,0.2,0.2,0.2,0.4,0.5,0.0,0.0
4302,50,0.2,0.2,0.2,0.2,0.3,0.4,0.5,0.8,0.0
6870,50,0.2,0.2,0.2,0.3,0.4,0.6,0.8,0.0,0.0
1995,50,0.3,0.3,0.4,0.4,0.4,0.5,0.6,0.8,0.8
8513,100,0.1,0.1,0.1,0.2,0.2,0.4,0.6,0.0,0.0
8551,250,0.4,0.4,0.4,0.4,0.5,0.6,0.7,0.0,0.0
7731,100,0.3,0.3,0.3,0.3,0.4,0.5,0.7,0.8,0.0
8105,50,0.3,0.3,0.3,0.4,0.5,0.7,0.8,0.4,0.0
2009,50,0.3,0.3,0.3,0.3,0.4,0.5,0.7,0.9,0.2
8245,50,0.2,0.2,0.3,0.3,0.3,0.4,0.6,0.8,0.0
5478,1150,0.1,0.1,0.1,0.2,0.2,0.4,0.6,0.0,0.0
3887,100,0.3,0.3,0.3,0.4,0.4,0.5,0.7,0.8,0.0
9658,50,0.6,0.6,0.6,0.6,0.7,0.7,0.7,0.8,0.8
5821,200,0.2,0.2,0.3,0.3,0.4,0.6,0.8,0.9,0.0
6901,50,0.2,0.2,0.2,0.2,0.3,0.4,0.6,0.2,0.0
2713,50,0.3,0.3,0.3,0.3,0.4,0.6,0.8,0.8,0.0
8156,50,0.2,0.2,0.2,0.2,0.3,0.5,0.7,0.0,0.0
2178,250,0.2,0.2,0.3,0.3,0.4,0.7,0.9,0.0,0.0
9819,350,0.1,0.1,0.2,0.2,0.3,0.4,0.6,0.0,0.0
4261,50,0.2,0.3,0.3,0.3,0.3,0.4,0.6,0.8,0.0
1706,50,0.3,0.3,0.3,0.3,0.4,0.4,0.5,0.8,0.9
6505,100,0.4,0.4,0.4,0.4,0.5,0.6,0.7,0.9,0.0
8782,50,0.2,0.2,0.2,0.2,0.3,0.5,0.7,0.0,0.0
9337,150,0.2,0.2,0.2,0.3,0.4,0.6,0.8,0.9,0.0
4295,150,0.3,0.3,0.3,0.3,0.4,0.4,0.5,0.7,0.0
9891,50,0.2,0.2,0.3,0.3,0.4,0.6,0.8,0.2,0.0
7052,50,0.3,0.3,0.3,0.3,0.4,0.4,0.6,0.8,0.0
9053,200,0.1,0.2,0.2,0.2,0.2,0.4,0.6,0.8,0.0
3094,50,0.2,0.2,0.2,0.3,0.4,0.6,0.7,0.0,0.0
2590,50,0.4,0.4,0.4,0.5,0.6,0.7,0.8,0.9,0.9
2305,50,0.3,0.3,0.3,0.3,0.5,0.6,0.8,0.0,0.0
4804,200,0.2,0.2,0.2,0.2,0.3,0.4,0.6,0.0,0.0
8722,100,0.2,0.3,0.3,0.3,0.4,0.6,0.8,0.9,0.0
5520,50,0.4,0.4,0.4,0.5,0.6,0.7,0.8,0.9,0.0
4551,100,0.2,0.2,0.2,0.3,0.4,0.6,0.7,0.0,0.0
6229,50,0.3,0.4,0.4,0.4,0.5,0.6,0.8,0.9,0.0
3789,100,0.2,0.2,0.2,0.2,0.3,0.4,0.5,0.7,0.0
8684,100,0.3,0.3,0.3,0.3,0.3,0.4,0.5,0.7,0.8
1457,50,0.2,0.3,0.3,0.3,0.4,0.6,0.8,0.0,0.0
3838,50,0.3,0.3,0.3,0.4,0.4,0.5,0.6,0.8,0.8
9195,50,0.2,0.2,0.2,0.2,0.3,0.4,0.6,0.2,0.0
132,50,0.2,0.2,0.2,0.2,0.3,0.5,0.7,0.0,0.0
1118,50,0.8,0.8,0.8,0.8,0.9,0.9,0.9,0.9,0.9
2235,150,0.3,0.3,0.3,0.4,0.4,0.5,0.6,0.8,0.5
4916,450,0.2,0.2,0.2,0.2,0.3,0.4,0.5,0.0,0.0
5995,150,0.1,0.1,0.1,0.1,0.2,0.3,0.5,0.7,0.0
1590,50,0.2,0.2,0.2,0.2,0.3,0.5,0.8,0.9,0.0
1596,50,0.2,0.2,0.3,0.3,0.5,0.7,0.8,0.0,0.0
6548,50,0.3,0.3,0.3,0.3,0.3,0.4,0.6,0.7,0.0
3396,200,0.2,0.2,0.2,0.2,0.4,0.5,0.7,0.0,0.0
5791,50,0.3,0.3,0.4,0.4,0.6,0.8,0.8,0.9,0.0
5574,150,0.2,0.2,0.3,0.3,0.3,0.4,0.5,0.6,0.0
5137,50,0.6,0.6,0.6,0.6,0.7,0.7,0.8,0.9,0.9
4967,150,0.1,0.1,0.2,0.2,0.2,0.4,0.6,0.0,0.0
1862,100,0.2,0.2,0.2,0.3,0.3,0.4,0.6,0.8,0.0
5487,50,0.4,0.4,0.4,0.4,0.4,0.5,0.6,0.8,0.9
9163,100,0.1,0.2,0.2,0.2,0.3,0.4,0.7,0.3,0.0
1097,50,0.2,0.2,0.2,0.3,0.4,0.7,0.8,0.0,0.0
9567,50,0.2,0.2,0.2,0.3,0.4,0.5,0.7,0.9,0.0
830,250,0.2,0.2,0.2,0.2,0.3,0.4,0.6,0.0,0.0
3986,100,0.1,0.1,0.1,0.1,0.2,0.3,0.5,0.0,0.0
9771,50,0.5,0.5,0.6,0.6,0.7,0.8,0.9,0.9,0.9
6350,450,0.2,0.2,0.2,0.3,0.3,0.4,0.5,0.7,0.0
8824,50,0.3,0.3,0.3,0.4,0.4,0.5,0.7,0.9,0.0
2286,50,0.2,0.2,0.2,0.2,0.3,0.4,0.6,0.0,0.0
3990,300,0.2,0.2,0.2,0.2,0.3,0.3,0.5,0.7,0.0
1407,100,0.2,0.2,0.2,0.2,0.3,0.5,0.7,0.0,0.0
2078,50,0.3,0.3,0.3,0.4,0.4,0.5,0.6,0.8,0.8
5237,250,0.2,0.2,0.2,0.2,0.3,0.4,0.6,0.7,0.0
9058,100,0.3,0.3,0.3,0.3,0.4,0.4,0.6,0.8,0.0
4200,200,0.1,0.2,0.2,0.2,0.3,0.5,0.7,0.0,0.0
331,700,0.1,0.1,0.1,0.2,0.2,0.3,0.5,0.0,0.0
6537,50,0.2,0.2,0.2,0.2,0.3,0.4,0.6,0.1,0.0
9792,50,0.3,0.3,0.3,0.4,0.5,0.6,0.8,0.9,0.0
5557,450,0.2,0.2,0.2,0.2,0.3,0.6,0.9,0.9,0.9
5082,50,0.2,0.2,0.2,0.3,0.4,0.5,0.7,0.0,0.0
1200,250,0.1,0.1,0.1,0.1,0.2,0.2,0.4,0.0,0.0
7343,100,0.2,0.2,0.2,0.2,0.3,0.4,0.6,0.3,0.0
5539,50,0.2,0.2,0.2,0.3,0.3,0.5,0.7,0.1,0.0
2450,50,0.2,0.2,0.2,0.2,0.3,0.5,0.7,0.3,0.0
1797,50,0.5,0.5,0.5,0.6,0.7,0.8,0.9,0.0,0.0
3535,150,0.2,0.2,0.3,0.3,0.4,0.5,0.7,0.0,0.0
1869,150,0.2,0.2,0.2,0.2,0.3,0.4,0.5,0.0,0.0
3609,50,0.3,0.3,0.3,0.3,0.4,0.5,0.7,0.8,0.0
5218,850,0.1,0.1,0.2,0.2,0.2,0.4,0.6,0.0,0.0
7155,800,0.1,0.1,0.1,0.2,0.2,0.3,0.5,0.0,0.0
3721,50,0.3,0.3,0.4,0.4,0.4,0.5,0.6,0.8,0.9
6192,50,0.2,0.2,0.2,0.3,0.3,0.5,0.6,0.7,0.0
6034,50,0.6,0.6,0.6,0.6,0.7,0.7,0.8,0.8,0.9
3731,250,0.2,0.2,0.2,0.2,0.2,0.3,0.5,0.4,0.0
1921,50,0.3,0.3,0.3,0.4,0.4,0.5,0.7,0.9,0.0
2624,50,0.2,0.3,0.3,0.3,0.4,0.6,0.7,0.0,0.0
3554,400,0.1,0.1,0.1,0.1,0.2,0.3,0.5,0.0,0.0
1108,50,0.3,0.3,0.3,0.3,0.4,0.6,0.8,0.4,0.0
3228,50,0.4,0.4,0.4,0.4,0.4,0.4,0.5,0.5,0.7
2994,50,0.3,0.3,0.3,0.4,0.5,0.6,0.8,0.9,0.1
987,100,0.3,0.3,0.3,0.4,0.5,0.6,0.8,0.8,0.0
5988,100,0.1,0.1,0.1,0.2,0.2,0.4,0.5,0.0,0.0
726,50,0.4,0.4,0.4,0.4,0.5,0.7,0.8,0.9,0.0
6559,100,0.3,0.3,0.3,0.3,0.4,0.6,0.8,0.9,0.0
1721,100,0.2,0.2,0.2,0.2,0.2,0.3,0.5,0.7,0.0
343,200,0.2,0.2,0.2,0.2,0.3,0.5,0.7,0.0,0.0
9212,100,0.2,0.2,0.3,0.3,0.4,0.5,0.6,0.8,0.0
2088,150,0.2,0.2,0.2,0.2,0.3,0.4,0.5,0.0,0.0
3555,50,0.3,0.3,0.3,0.3,0.4,0.5,0.6,0.8,0.0
5354,50,0.3,0.3,0.3,0.3,0.4,0.5,0.6,0.7,0.0
7060,200,0.1,0.1,0.1,0.2,0.2,0.3,0.4,0.0,0.0
1410,50,0.3,0.3,0.3,0.3,0.4,0.5,0.7,0.8,0.0
8926,50,0.1,0.1,0.2,0.2,0.3,0.4,0.6,0.0,0.0
8265,100,0.2,0.2,0.2,0.2,0.3,0.4,0.6,0.8,0.0
2838,50,0.5,0.5,0.5,0.5,0.6,0.8,0.8,0.9,0.9
1443,100,0.1,0.2,0.2,0.2,0.3,0.5,0.7,0.0,0.0
6674,50,0.2,0.2,0.2,0.2,0.3,0.5,0.6,0.0,0.0
5776,200,0.2,0.2,0.2,0.2,0.3,0.4,0.6,0.7,0.0
5649,5000,0.1,0.1,0.1,0.1,0.2,0.3,0.6,0.0,0.0
6671,600,0.1,0.1,0.1,0.1,0.2,0.4,0.6,0.0,0.0
6487,100,0.2,0.2,0.2,0.2,0.3,0.5,0.7,0.0,0.0
9102,50,0.4,0.4,0.4,0.5,0.5,0.6,0.7,0.9,0.9
7185,50,0.4,0.4,0.4,0.4,0.5,0.5,0.7,0.8,0.9
6462,50,0.3,0.3,0.3,0.4,0.5,0.6,0.7,0.9,0.0
5314,150,0.1,0.1,0.1,0.1,0.2,0.3,0.5,0.1,0.0
8862,50,0.3,0.3,0.3,0.3,0.4,0.5,0.6,0.8,0.9
2059,100,0.1,0.1,0.1,0.2,0.3,0.5,0.8,0.0,0.0
6093,50,0.3,0.3,0.3,0.3,0.4,0.4,0.6,0.8,0.1
6479,50,0.2,0.2,0.2,0.2,0.3,0.4,0.6,0.0,0.0
3805,50,0.3,0.3,0.3,0.3,0.4,0.5,0.6,0.7,0.5
4712,100,0.2,0.2,0.2,0.3,0.3,0.5,0.6,0.0,0.0
1677,250,0.2,0.2,0.2,0.2,0.3,0.4,0.5,0.8,0.0
3235,150,0.1,0.1,0.2,0.2,0.2,0.3,0.4,0.3,0.0
1627,750,0.1,0.1,0.1,0.2,0.2,0.3,0.4,0.0,0.0
3227,50,0.3,0.3,0.4,0.4,0.5,0.6,0.8,0.8,0.1
3700,350,0.2,0.2,0.2,0.2,0.2,0.3,0.4,0.6,0.0
6262,500,0.1,0.1,0.1,0.1,0.2,0.3,0.6,0.0,0.0
6554,100,0.3,0.3,0.3,0.4,0.5,0.6,0.8,0.9,0.0
9834,50,0.2,0.2,0.2,0.3,0.3,0.4,0.6,0.8,0.0
7967,550,0.2,0.2,0.2,0.2,0.3,0.3,0.5,0.5,0.0
1643,150,0.1,0.1,0.2,0.2,0.3,0.4,0.6,0.0,0.0
3276,250,0.2,0.3,0.3,0.3,0.4,0.5,0.7,0.0,0.0
7297,50,0.4,0.4,0.5,0.5,0.6,0.7,0.8,0.9,0.0
9944,100,0.2,0.2,0.2,0.2,0.2,0.3,0.4,0.7,0.0
1811,300,0.2,0.2,0.2,0.2,0.3,0.4,0.6,0.8,0.0
6721,100,0.2,0.3,0.3,0.3,0.4,0.5,0.7,0.7,0.0
2597,100,0.2,0.3,0.3,0.3,0.3,0.4,0.6,0.8,0.9
7806,800,0.1,0.1,0.1,0.1,0.2,0.4,0.5,0.0,0.0
4364,200,0.2,0.2,0.2,0.2,0.3,0.5,0.7,0.0,0.0
9900,50,0.2,0.3,0.3,0.3,0.5,0.8,0.9,0.9,0.9
8356,100,0.3,0.3,0.3,0.3,0.4,0.6,0.8,0.0,0.0
7370,50,0.3,0.3,0.3,0.4,0.4,0.5,0.6,0.8,0.2
9155,100,0.2,0.2,0.2,0.2,0.3,0.5,0.7,0.7,0.0
6880,100,0.1,0.2,0.2,0.2,0.3,0.5,0.8,0.0,0.0
4226,150,0.2,0.2,0.2,0.2,0.3,0.4,0.6,0.7,0.0
7321,100,0.2,0.2,0.2,0.3,0.3,0.4,0.5,0.7,0.1
7386,50,0.2,0.2,0.2,0.2,0.4,0.6,0.9,0.2,0.0
2419,500,0.2,0.2,0.2,0.2,0.3,0.4,0.6,0.5,0.0
3811,50,0.4,0.4,0.5,0.5,0.6,0.7,0.8,0.9,0.0
3058,350,0.1,0.1,0.2,0.2,0.3,0.4,0.6,0.0,0.0
9327,50,0.2,0.2,0.3,0.3,0.4,0.5,0.6,0.8,0.0
450,100,0.2,0.2,0.2,0.3,0.4,0.6,0.8,0.0,0.0
7011,50,0.4,0.4,0.4,0.4,0.5,0.5,0.6,0.8,0.8
5100,150,0.1,0.1,0.2,0.2,0.3,0.4,0.6,0.0,0.0
4957,250,0.1,0.1,0.1,0.2,0.2,0.4,0.6,0.0,0.0
2918,50,0.2,0.2,0.2,0.2,0.3,0.4,0.5,0.8,0.0
4002,150,0.2,0.2,0.2,0.2,0.3,0.4,0.6,0.0,0.0
3038,300,0.1,0.1,0.1,0.1,0.2,0.3,0.5,0.0,0.0
7778,200,0.2,0.2,0.2,0.2,0.4,0.5,0.7,0.0,0.0
8841,100,0.2,0.2,0.2,0.3,0.3,0.4,0.6,0.4,0.0
8028,100,0.2,0.2,0.2,0.3,0.3,0.5,0.6,0.8,0.0
4052,50,0.2,0.3,0.3,0.3,0.4,0.5,0.7,0.0,0.0
2285,100,0.3,0.3,0.3,0.3,0.4,0.4,0.5,0.7,0.0
8209,100,0.2,0.2,0.2,0.2,0.3,0.5,0.7,0.0,0.0
2501,50,0.3,0.4,0.4,0.4,0.5,0.7,0.8,0.9,0.6
1396,100,0.3,0.3,0.4,0.4,0.5,0.6,0.8,0.8,0.0
979,100,0.2,0.2,0.2,0.2,0.3,0.4,0.6,0.0,0.0
8575,50,0.4,0.4,0.4,0.4,0.5,0.5,0.7,0.8,0.0
6393,50,0.3,0.3,0.3,0.3,0.4,0.5,0.7,0.9,0.0
5924,100,0.3,0.3,0.3,0.3,0.4,0.5,0.6,0.8,0.0
9955,100,0.2,0.2,0.2,0.2,0.3,0.4,0.6,0.0,0.0
168,650,0.1,0.1,0.1,0.1,0.2,0.4,0.6,0.0,0.0
5488,100,0.2,0.2,0.2,0.2,0.3,0.3,0.5,0.7,0.0
9613,50,0.3,0.3,0.3,0.4,0.6,0.8,0.9,0.1,0.0
9305,50,0.2,0.3,0.3,0.3,0.4,0.6,0.8,0.0,0.0
2625,50,0.4,0.4,0.4,0.5,0.6,0.8,0.9,0.9,0.4
4236,150,0.2,0.2,0.2,0.2,0.3,0.4,0.5,0.0,0.0
9183,200,0.1,0.1,0.1,0.1,0.2,0.3,0.6,0.0,0.0
9650,100,0.2,0.2,0.2,0.2,0.3,0.4,0.6,0.4,0.0
4076,100,0.2,0.2,0.2,0.2,0.3,0.4,0.6,0.0,0.0
9242,50,0.3,0.3,0.3,0.4,0.4,0.5,0.7,0.9,0.0
8386,50,0.3,0.3,0.3,0.3,0.4,0.5,0.7,0.9,0.0
3999,350,0.2,0.2,0.2,0.2,0.3,0.3,0.4,0.7,0.8
9412,100,0.2,0.2,0.2,0.2,0.3,0.4,0.6,0.0,0.0
8460,50,0.3,0.3,0.3,0.3,0.4,0.5,0.6,0.8,0.0
6219,50,0.3,0.3,0.4,0.4,0.5,0.6,0.7,0.8,0.0
1350,50,0.3,0.3,0.3,0.3,0.3,0.4,0.5,0.6,0.8
9381,50,0.4,0.4,0.5,0.5,0.6,0.7,0.8,0.9,0.0
3729,50,0.6,0.6,0.6,0.7,0.7,0.7,0.7,0.8,0.9
5230,50,0.3,0.3,0.3,0.3,0.4,0.5,0.6,0.8,0.0
8142,50,0.3,0.3,0.3,0.3,0.4,0.5,0.7,0.8,0.0
5536,50,0.2,0.2,0.3,0.3,0.3,0.5,0.6,0.0,0.0
8757,50,0.2,0.2,0.2,0.3,0.3,0.4,0.6,0.2,0.0
360,50,0.3,0.3,0.3,0.4,0.5,0.6,0.8,0.0,0.0
753,50,0.3,0.3,0.3,0.3,0.5,0.8,0.9,0.9,0.9
709,50,0.4,0.4,0.4,0.4,0.5,0.6,0.8,0.9,0.0
4460,100,0.2,0.2,0.2,0.2,0.3,0.4,0.5,0.8,0.0
4198,50,0.2,0.2,0.3,0.3,0.4,0.5,0.7,0.0,0.0
9347,50,0.4,0.4,0.5,0.5,0.6,0.7,0.8,0.9,0.9
8048,150,0.1,0.1,0.1,0.2,0.2,0.3,0.5,0.0,0.0
5243,100,0.3,0.4,0.4,0.4,0.5,0.6,0.7,0.8,0.0
5633,150,0.2,0.2,0.2,0.2,0.3,0.4,0.5,0.0,0.0
1791,100,0.2,0.2,0.2,0.2,0.3,0.3,0.5,0.7,0.0
5074,450,0.1,0.1,0.2,0.2,0.2,0.3,0.5,0.0,0.0
8262,50,0.3,0.3,0.3,0.3,0.4,0.5,0.6,0.8,0.0
244,100,0.2,0.3,0.3,0.3,0.4,0.5,0.7,0.2,0.0
4101,450,0.1,0.1,0.1,0.2,0.2,0.3,0.5,0.0,0.0
5938,150,0.2,0.2,0.2,0.2,0.3,0.4,0.5,0.3,0.0
6207,200,0.1,0.2,0.2,0.2,0.3,0.4,0.6,0.0,0.0
7466,50,0.3,0.3,0.3,0.4,0.5,0.6,0.8,0.9,0.0
3784,50,0.3,0.3,0.3,0.3,0.4,0.5,0.6,0.8,0.0
6105,200,0.1,0.1,0.2,0.2,0.2,0.3,0.5,0.7,0.0
2707,100,0.3,0.3,0.3,0.3,0.4,0.6,0.7,0.8,0.0
3558,50,0.2,0.2,0.2,0.3,0.3,0.5,0.7,0.9,0.0
1416,100,0.1,0.1,0.1,0.2,0.2,0.4,0.6,0.0,0.0
6796,150,0.2,0.2,0.2,0.2,0.3,0.4,0.5,0.0,0.0
2117,50,0.2,0.2,0.2,0.2,0.3,0.4,0.6,0.8,0.0
9590,300,0.1,0.2,0.2,0.2,0.2,0.3,0.4,0.0,0.0
4984,100,0.4,0.4,0.4,0.4,0.4,0.4,0.4,0.5,0.7
1253,350,0.1,0.1,0.1,0.2,0.2,0.3,0.5,0.2,0.0
7564,300,0.2,0.2,0.2,0.3,0.4,0.5,0.7,0.7,0.0
577,50,0.2,0.2,0.2,0.2,0.3,0.4,0.5,0.8,0.0
9326,50,0.2,0.2,0.2,0.3,0.4,0.5,0.7,0.6,0.0
4855,150,0.2,0.3,0.3,0.3,0.4,0.6,0.7,0.0,0.0
9987,50,0.3,0.3,0.4,0.4,0.5,0.7,0.9,0.9,0.9
4499,100,0.3,0.3,0.3,0.3,0.4,0.5,0.7,0.0,0.0
2832,550,0.1,0.1,0.1,0.1,0.2,0.3,0.5,0.0,0.0
6514,50,0.4,0.4,0.4,0.4,0.5,0.6,0.7,0.8,0.0
380,50,0.3,0.3,0.4,0.4,0.6,0.8,0.9,0.9,0.0
561,50,0.3,0.3,0.4,0.4,0.6,0.8,0.9,0.0,0.0
7316,150,0.2,0.2,0.2,0.2,0.3,0.6,0.9,0.6,0.0
8787,50,0.6,0.6,0.6,0.7,0.7,0.8,0.8,0.9,0.9
6819,300,0.1,0.1,0.2,0.2,0.3,0.4,0.7,0.0,0.0
4344,50,0.4,0.4,0.4,0.4,0.5,0.5,0.6,0.7,0.8
6749,50,0.3,0.3,0.3,0.3,0.4,0.5,0.7,0.8,0.0
839,200,0.2,0.2,0.2,0.2,0.2,0.3,0.5,0.0,0.0
4478,250,0.1,0.1,0.1,0.1,0.2,0.4,0.6,0.0,0.0
175,50,0.4,0.4,0.4,0.4,0.5,0.5,0.7,0.8,0.9
2362,50,0.3,0.4,0.4,0.4,0.5,0.7,0.8,0.9,0.1
1989,50,0.2,0.2,0.2,0.2,0.3,0.4,0.6,0.8,0.0
2134,100,0.2,0.2,0.2,0.2,0.3,0.4,0.6,0.8,0.0
6799,50,0.4,0.4,0.4,0.4,0.4,0.5,0.6,0.8,0.9
5935,350,0.1,0.1,0.2,0.2,0.3,0.4,0.7,0.0,0.0
8672,50,0.2,0.2,0.2,0.2,0.3,0.5,0.8,0.5,0.0
8795,100,0.3,0.3,0.3,0.3,0.4,0.5,0.7,0.8,0.0
7473,50,0.4,0.4,0.4,0.4,0.5,0.6,0.7,0.9,0.3
815,50,0.6,0.6,0.6,0.6,0.6,0.6,0.7,0.7,0.8
5999,100,0.3,0.3,0.3,0.3,0.4,0.5,0.7,0.9,0.0
4602,50,0.2,0.2,0.2,0.3,0.3,0.4,0.6,0.8,0.9
2814,50,0.5,0.5,0.5,0.6,0.7,0.8,0.9,0.9,0.0
2473,500,0.1,0.1,0.1,0.2,0.2,0.4,0.5,0.0,0.0
7464,150,0.1,0.1,0.2,0.2,0.3,0.4,0.6,0.0,0.0
206,50,0.2,0.3,0.3,0.3,0.4,0.5,0.7,0.8,0.0
3713,50,0.3,0.3,0.3,0.3,0.4,0.5,0.7,0.8,0.0
8616,50,0.2,0.2,0.2,0.2,0.2,0.3,0.5,0.0,0.0
4892,50,0.2,0.2,0.2,0.3,0.3,0.4,0.6,0.7,0.0
1367,50,0.3,0.3,0.4,0.4,0.4,0.5,0.6,0.8,0.0
8457,150,0.4,0.4,0.4,0.4,0.5,0.6,0.7,0.8,0.0
4541,1050,0.2,0.2,0.2,0.2,0.3,0.4,0.7,0.9,0.0
4570,50,0.3,0.3,0.4,0.4,0.6,0.7,0.9,0.9,0.0
3753,150,0.2,0.2,0.2,0.2,0.3,0.4,0.6,0.0,0.0
8962,250,0.1,0.1,0.1,0.2,0.2,0.4,0.5,0.0,0.0
7450,50,0.2,0.3,0.3,0.3,0.4,0.5,0.6,0.8,0.0
8004,200,0.1,0.1,0.2,0.2,0.2,0.4,0.6,0.0,0.0
6073,650,0.1,0.2,0.2,0.2,0.2,0.3,0.5,0.1,0.0
5219,50,0.3,0.3,0.3,0.4,0.5,0.6,0.8,0.9,0.0
1288,100,0.3,0.3,0.3,0.3,0.4,0.5,0.6,0.8,0.0
1343,50,0.2,0.3,0.3,0.3,0.4,0.6,0.8,0.9,0.0
9817,100,0.2,0.2,0.2,0.2,0.3,0.5,0.8,0.9,0.0
3717,400,0.3,0.3,0.3,0.4,0.5,0.6,0.7,0.0,0.0
6890,50,0.4,0.4,0.4,0.4,0.5,0.6,0.7,0.9,0.9
7200,100,0.2,0.2,0.2,0.2,0.3,0.4,0.7,0.2,0.0
5739,250,0.2,0.2,0.2,0.2,0.3,0.4,0.6,0.0,0.0
3620,100,0.2,0.2,0.2,0.2,0.3,0.5,0.7,0.0,0.0
7747,50,0.2,0.2,0.2,0.3,0.3,0.4,0.6,0.7,0.0
7703,250,0.2,0.2,0.2,0.3,0.4,0.6,0.7,0.0,0.0
9818,50,0.3,0.3,0.3,0.3,0.4,0.5,0.7,0.9,0.0
7340,100,0.1,0.2,0.2,0.2,0.3,0.4,0.6,0.1,0.0
7270,100,0.2,0.2,0.2,0.2,0.2,0.3,0.5,0.0,0.0
948,50,0.2,0.2,0.2,0.3,0.3,0.3,0.4,0.7,0.8
1960,50,0.4,0.4,0.5,0.5,0.6,0.7,0.8,0.9,0.9
7864,100,0.2,0.2,0.2,0.2,0.2,0.3,0.5,0.7,0.0
9777,50,0.7,0.7,0.7,0.7,0.8,0.8,0.8,0.9,0.9
6600,50,0.2,0.2,0.2,0.2,0.2,0.3,0.4,0.7,0.0
7926,150,0.2,0.2,0.2,0.3,0.3,0.4,0.6,0.0,0.0
9835,150,0.2,0.2,0.3,0.3,0.4,0.5,0.7,0.0,0.0
7326,50,0.3,0.3,0.3,0.4,0.5,0.6,0.7,0.9,0.0
4538,450,0.1,0.1,0.1,0.2,0.2,0.4,0.5,0.0,0.0
2703,50,0.4,0.4,0.4,0.5,0.5,0.6,0.7,0.8,0.9
1945,100,0.2,0.2,0.2,0.2,0.3,0.3,0.5,0.7,0.0
648,50,0.4,0.4,0.4,0.4,0.5,0.5,0.6,0.7,0.8
9330,150,0.2,0.2,0.2,0.2,0.3,0.4,0.6,0.0,0.0
5339,300,0.1,0.1,0.1,0.2,0.2,0.3,0.5,0.8,0.0
7099,50,0.2,0.2,0.3,0.3,0.4,0.6,0.8,0.0,0.0
7375,100,0.4,0.4,0.4,0.4,0.5,0.6,0.7,0.8,0.0
1634,50,0.2,0.2,0.2,0.2,0.4,0.7,0.8,0.0,0.0
7828,50,0.4,0.4,0.5,0.5,0.6,0.7,0.8,0.9,0.0
2553,100,0.2,0.2,0.2,0.3,0.4,0.5,0.7,0.0,0.0
2464,200,0.1,0.1,0.1,0.1,0.2,0.3,0.6,0.0,0.0
4414,200,0.1,0.1,0.1,0.2,0.2,0.4,0.7,0.0,0.0
9086,150,0.1,0.1,0.1,0.2,0.2,0.4,0.6,0.4,0.0
4037,200,0.2,0.2,0.2,0.2,0.3,0.4,0.6,0.0,0.0
7575,150,0.2,0.2,0.3,0.3,0.4,0.5,0.7,0.9,0.0
578,400,0.1,0.1,0.1,0.1,0.2,0.3,0.5,0.0,0.0
1003,100,0.4,0.4,0.4,0.4,0.5,0.6,0.7,0.0,0.0
9911,400,0.2,0.2,0.2,0.2,0.2,0.3,0.4,0.7,0.0
9037,100,0.2,0.2,0.2,0.2,0.3,0.4,0.6,0.8,0.0
1508,50,0.3,0.3,0.3,0.4,0.5,0.6,0.8,0.8,0.0
6139,50,0.5,0.5,0.5,0.5,0.5,0.6,0.7,0.8,0.9
4130,100,0.2,0.2,0.2,0.2,0.2,0.3,0.4,0.6,0.0
7673,50,0.3,0.3,0.3,0.3,0.5,0.6,0.8,0.9,0.0
4472,250,0.1,0.1,0.1,0.1,0.2,0.3,0.6,0.0,0.0
5134,100,0.1,0.1,0.1,0.2,0.3,0.4,0.6,0.0,0.0
1992,250,0.1,0.2,0.2,0.2,0.2,0.3,0.5,0.7,0.0
9009,50,0.2,0.2,0.2,0.2,0.3,0.4,0.6,0.0,0.0
270,50,0.2,0.2,0.2,0.2,0.3,0.5,0.8,0.9,0.0
7422,50,0.3,0.3,0.4,0.4,0.5,0.7,0.8,0.9,0.0
5667,100,0.2,0.2,0.2,0.3,0.4,0.5,0.7,0.0,0.0
7404,50,0.1,0.1,0.1,0.2,0.2,0.3,0.4,0.3,0.0
8690,50,0.3,0.3,0.3,0.4,0.5,0.6,0.7,0.0,0.0
3422,50,0.2,0.2,0.3,0.3,0.4,0.5,0.6,0.2,0.0
9909,50,0.2,0.2,0.2,0.3,0.4,0.5,0.7,0.0,0.0
9313,100,0.2,0.2,0.2,0.2,0.2,0.3,0.5,0.7,0.0
5540,150,0.1,0.1,0.1,0.2,0.2,0.4,0.6,0.0,0.0
4396,50,0.2,0.2,0.3,0.3,0.4,0.6,0.7,0.8,0.0
9933,50,0.2,0.2,0.2,0.3,0.3,0.5,0.7,0.4,0.0
4909,150,0.1,0.1,0.1,0.1,0.2,0.3,0.5,0.0,0.0
5693,100,0.2,0.2,0.3,0.3,0.4,0.5,0.7,0.9,0.0
8515,50,0.3,0.4,0.4,0.5,0.7,0.9,0.9,0.9,0.9
2815,150,0.1,0.2,0.2,0.2,0.3,0.4,0.7,0.0,0.0
6384,50,0.2,0.2,0.3,0.3,0.3,0.4,0.6,0.7,0.0
8047,100,0.2,0.2,0.2,0.2,0.3,0.4,0.5,0.8,0.0
1935,100,0.2,0.2,0.2,0.3,0.3,0.4,0.6,0.7,0.0
2907,300,0.1,0.1,0.1,0.1,0.2,0.3,0.4,0.0,0.0
7692,50,0.4,0.4,0.4,0.4,0.4,0.4,0.5,0.6,0.7
5431,50,0.1,0.1,0.2,0.2,0.2,0.3,0.5,0.7,0.0
8543,50,0.2,0.3,0.3,0.3,0.4,0.6,0.9,0.9,0.9
4330,50,0.2,0.2,0.2,0.3,0.4,0.5,0.7,0.0,0.0
6259,50,0.3,0.3,0.3,0.3,0.4,0.6,0.8,0.8,0.0
9478,50,0.5,0.5,0.5,0.6,0.7,0.8,0.9,0.9,0.9
2975,750,0.1,0.1,0.1,0.1,0.1,0.2,0.4,0.0,0.0
4851,100,0.2,0.2,0.2,0.3,0.4,0.5,0.7,0.0,0.0
3819,50,0.3,0.3,0.3,0.3,0.4,0.5,0.7,0.8,0.0
476,150,0.2,0.2,0.2,0.3,0.4,0.5,0.7,0.0,0.0
8742,100,0.2,0.2,0.2,0.2,0.3,0.5,0.7,0.0,0.0
7678,50,0.3,0.3,0.3,0.3,0.4,0.4,0.5,0.6,0.8
1957,100,0.3,0.3,0.3,0.3,0.4,0.5,0.7,0.8,0.0
4561,250,0.2,0.2,0.2,0.2,0.3,0.4,0.6,0.0,0.0
4312,100,0.1,0.1,0.2,0.2,0.3,0.5,0.7,0.0,0.0
1985,50,0.4,0.4,0.4,0.5,0.5,0.7,0.8,0.9,0.0
6104,50,0.2,0.2,0.3,0.3,0.4,0.5,0.7,0.5,0.0
3249,300,0.2,0.2,0.2,0.2,0.3,0.4,0.6,0.0,0.0
2669,100,0.3,0.3,0.3,0.3,0.4,0.5,0.7,0.8,0.0
3097,50,0.2,0.2,0.2,0.2,0.3,0.5,0.7,0.0,0.0
7182,150,0.2,0.2,0.2,0.2,0.3,0.4,0.6,0.1,0.0
824,150,0.2,0.2,0.2,0.2,0.3,0.4,0.6,0.0,0.0
6975,200,0.2,0.2,0.2,0.2,0.3,0.4,0.5,0.8,0.2
9781,200,0.2,0.2,0.2,0.2,0.3,0.4,0.6,0.7,0.0
7802,50,0.3,0.3,0.3,0.3,0.4,0.5,0.7,0.9,0.0
8631,50,0.2,0.2,0.3,0.3,0.3,0.4,0.5,0.6,0.4
654,50,0.3,0.3,0.3,0.4,0.4,0.5,0.7,0.8,0.0
1612,50,0.2,0.2,0.2,0.3,0.4,0.6,0.8,0.0,0.0
3642,200,0.2,0.2,0.2,0.2,0.3,0.4,0.5,0.8,0.0
3612,50,0.3,0.3,0.3,0.3,0.3,0.4,0.5,0.7,0.0
3618,50,0.3,0.3,0.4,0.4,0.4,0.5,0.7,0.8,0.8
3533,50,0.2,0.2,0.2,0.3,0.3,0.4,0.5,0.8,0.0
2937,50,0.3,0.3,0.3,0.3,0.4,0.5,0.6,0.7,0.0
9612,50,0.3,0.3,0.3,0.3,0.4,0.5,0.6,0.8,0.9
4664,50,0.2,0.2,0.2,0.3,0.4,0.5,0.8,0.9,0.0
5905,650,0.1,0.1,0.1,0.1,0.2,0.3,0.5,0.0,0.0
9483,50,0.2,0.2,0.3,0.3,0.3,0.4,0.6,0.8,0.3
2581,50,0.4,0.4,0.4,0.5,0.5,0.5,0.5,0.5,0.6
7434,50,0.5,0.5,0.5,0.6,0.6,0.7,0.8,0.9,0.9
8003,50,0.2,0.2,0.3,0.3,0.3,0.5,0.6,0.8,0.0
1997,100,0.2,0.2,0.2,0.2,0.3,0.4,0.6,0.0,0.0
1456,50,0.2,0.2,0.2,0.2,0.3,0.5,0.7,0.0,0.0
9232,50,0.3,0.3,0.3,0.4,0.4,0.5,0.6,0.8,0.0
7559,300,0.2,0.2,0.2,0.3,0.3,0.4,0.6,0.0,0.0
1715,50,0.3,0.3,0.3,0.3,0.4,0.7,0.9,0.9,0.9
4644,50,0.4,0.4,0.4,0.5,0.5,0.6,0.8,0.9,0.0
8611,150,0.2,0.2,0.2,0.2,0.3,0.5,0.6,0.0,0.0
7834,100,0.2,0.2,0.2,0.2,0.3,0.5,0.7,0.0,0.0
3739,200,0.1,0.1,0.2,0.2,0.2,0.3,0.5,0.8,0.0
2802,300,0.1,0.2,0.2,0.2,0.3,0.5,0.8,0.0,0.0
8032,50,0.3,0.4,0.4,0.4,0.5,0.6,0.7,0.9,0.0
9914,1350,0.1,0.1,0.1,0.2,0.2,0.4,0.7,0.0,0.0
6415,50,0.3,0.3,0.3,0.3,0.4,0.5,0.7,0.3,0.0
2412,50,0.5,0.5,0.5,0.5,0.6,0.7,0.8,0.9,0.9
5542,50,0.3,0.3,0.3,0.4,0.5,0.7,0.8,0.0,0.0
3192,500,0.1,0.1,0.1,0.2,0.2,0.3,0.5,0.3,0.0
9409,350,0.2,0.2,0.2,0.2,0.3,0.4,0.6,0.8,0.0
82,50,0.3,0.3,0.3,0.3,0.4,0.4,0.6,0.8,0.0
7146,100,0.2,0.2,0.3,0.3,0.3,0.4,0.5,0.7,0.0
3248,150,0.1,0.1,0.1,0.1,0.2,0.3,0.4,0.0,0.0
1553,150,0.2,0.2,0.2,0.3,0.4,0.5,0.7,0.9,0.0
9922,350,0.2,0.2,0.2,0.2,0.3,0.4,0.6,0.0,0.0
4951,250,0.1,0.2,0.2,0.2,0.3,0.4,0.6,0.0,0.0
8535,50,0.3,0.3,0.3,0.3,0.4,0.5,0.6,0.8,0.0
1600,250,0.1,0.1,0.1,0.1,0.2,0.4,0.6,0.0,0.0
7515,100,0.2,0.2,0.2,0.3,0.3,0.4,0.6,0.8,0.0
2304,100,0.2,0.2,0.2,0.3,0.3,0.4,0.6,0.9,0.0
6860,100,0.2,0.2,0.2,0.2,0.3,0.3,0.4,0.6,0.0
5458,100,0.2,0.2,0.3,0.3,0.3,0.4,0.6,0.3,0.0
6597,50,0.5,0.5,0.5,0.5,0.6,0.7,0.8,0.9,0.9
2969,50,0.3,0.3,0.3,0.3,0.4,0.4,0.6,0.8,0.0
3026,100,0.2,0.2,0.2,0.2,0.3,0.4,0.6,0.8,0.0
7123,550,0.2,0.2,0.2,0.2,0.3,0.4,0.6,0.0,0.0
4969,100,0.3,0.3,0.3,0.3,0.4,0.5,0.7,0.0,0.0
4020,50,0.3,0.3,0.3,0.3,0.4,0.5,0.7,0.9,0.0
653,50,0.3,0.3,0.3,0.3,0.4,0.5,0.6,0.8,0.0
6636,50,0.3,0.3,0.3,0.3,0.5,0.6,0.7,0.0,0.0
2003,150,0.1,0.1,0.2,0.2,0.2,0.4,0.6,0.0,0.0
4221,150,0.1,0.1,0.1,0.2,0.2,0.3,0.6,0.0,0.0
8874,100,0.3,0.3,0.3,0.3,0.4,0.5,0.6,0.7,0.0
3803,50,0.3,0.3,0.4,0.4,0.4,0.5,0.7,0.9,0.0
1968,1050,0.1,0.1,0.1,0.1,0.2,0.3,0.4,0.0,0.0
7076,200,0.2,0.2,0.2,0.3,0.4,0.6,0.8,0.0,0.0
9318,50,0.5,0.5,0.5,0.5,0.5,0.6,0.7,0.8,0.9
8337,100,0.2,0.2,0.2,0.2,0.3,0.4,0.6,0.8,0.0
1007,50,0.5,0.6,0.6,0.6,0.8,0.8,0.9,0.9,0.9
2883,250,0.3,0.3,0.3,0.3,0.4,0.5,0.7,0.0,0.0
8153,100,0.3,0.3,0.3,0.3,0.4,0.5,0.6,0.8,0.0
7424,150,0.3,0.3,0.3,0.3,0.4,0.5,0.6,0.0,0.0
294,150,0.1,0.1,0.1,0.2,0.2,0.3,0.6,0.3,0.0
6397,50,0.3,0.4,0.4,0.4,0.6,0.7,0.8,0.9,0.0
3183,100,0.2,0.2,0.2,0.2,0.2,0.3,0.5,0.2,0.0
8275,50,0.3,0.3,0.3,0.3,0.4,0.5,0.7,0.9,0.0
5636,100,0.2,0.2,0.2,0.3,0.3,0.4,0.6,0.0,0.0
5895,50,0.4,0.4,0.4,0.4,0.5,0.6,0.7,0.8,0.0
2150,50,0.3,0.3,0.3,0.3,0.4,0.5,0.7,0.9,0.0
714,100,0.2,0.2,0.2,0.2,0.3,0.4,0.6,0.8,0.0
92,100,0.2,0.2,0.2,0.2,0.3,0.4,0.6,0.0,0.0
2577,350,0.1,0.1,0.1,0.2,0.2,0.4,0.6,0.0,0.0
4779,150,0.4,0.4,0.4,0.4,0.5,0.7,0.8,0.2,0.0
7862,500,0.1,0.1,0.1,0.1,0.2,0.5,0.8,0.0,0.0
9615,450,0.2,0.2,0.2,0.3,0.4,0.5,0.7,0.0,0.0
9940,200,0.2,0.2,0.2,0.2,0.3,0.4,0.6,0.0,0.0
5798,50,0.2,0.2,0.2,0.2,0.3,0.5,0.7,0.3,0.0
8952,50,0.3,0.3,0.3,0.4,0.4,0.5,0.6,0.8,0.0
108,400,0.1,0.1,0.1,0.1,0.2,0.4,0.6,0.0,0.0
6951,50,0.4,0.4,0.4,0.5,0.6,0.8,0.9,0.0,0.0
1284,3750,0.1,0.1,0.1,0.1,0.2,0.3,0.6,0.0,0.0
1971,50,0.3,0.3,0.3,0.3,0.4,0.5,0.7,0.8,0.0
4746,100,0.2,0.2,0.2,0.3,0.3,0.5,0.7,0.9,0.0
6080,250,0.1,0.1,0.1,0.1,0.2,0.3,0.5,0.0,0.0
8429,50,0.5,0.5,0.5,0.6,0.7,0.8,0.8,0.9,0.9
3583,200,0.1,0.1,0.1,0.1,0.2,0.3,0.6,0.0,0.0
7141,200,0.2,0.2,0.2,0.2,0.3,0.4,0.5,0.7,0.0
965,50,0.3,0.4,0.4,0.4,0.6,0.7,0.9,0.9,0.0
6707,50,0.3,0.4,0.4,0.4,0.5,0.7,0.8,0.0,0.0
6841,50,0.1,0.1,0.2,0.2,0.2,0.3,0.6,0.1,0.0
6133,50,0.2,0.3,0.3,0.3,0.4,0.5,0.7,0.8,0.0
3542,50,0.5,0.5,0.5,0.5,0.5,0.6,0.7,0.8,0.9
5039,50,0.3,0.3,0.3,0.3,0.3,0.3,0.4,0.5,0.6
5334,50,0.3,0.3,0.3,0.3,0.3,0.4,0.5,0.7,0.9
4272,50,0.2,0.3,0.3,0.3,0.4,0.6,0.7,0.0,0.0
8135,300,0.2,0.2,0.2,0.2,0.3,0.5,0.7,0.0,0.0
1186,50,0.3,0.3,0.4,0.4,0.5,0.6,0.8,0.9,0.1
227,50,0.5,0.5,0.6,0.6,0.7,0.8,0.9,0.9,0.9
6321,200,0.1,0.1,0.1,0.2,0.2,0.3,0.5,0.0,0.0
7799,50,0.2,0.2,0.2,0.2,0.3,0.5,0.7,0.3,0.0
9672,100,0.2,0.2,0.2,0.2,0.3,0.4,0.7,0.9,0.0
9525,650,0.2,0.2,0.2,0.2,0.3,0.4,0.6,0.2,0.0
6595,100,0.2,0.2,0.2,0.2,0.3,0.5,0.7,0.9,0.0
7365,50,0.5,0.5,0.5,0.6,0.7,0.8,0.9,0.9,0.7
446,100,0.2,0.2,0.2,0.3,0.3,0.4,0.5,0.7,0.0
8629,50,0.2,0.2,0.2,0.2,0.3,0.4,0.6,0.8,0.0
7869,50,0.4,0.4,0.4,0.5,0.6,0.7,0.8,0.9,0.9
5148,100,0.3,0.3,0.3,0.3,0.4,0.5,0.7,0.8,0.0
1753,200,0.1,0.1,0.1,0.2,0.2,0.3,0.4,0.6,0.0
293,100,0.2,0.2,0.2,0.2,0.3,0.4,0.6,0.9,0.0
2603,100,0.2,0.2,0.2,0.3,0.3,0.3,0.4,0.7,0.8
7859,100,0.3,0.3,0.3,0.3,0.4,0.6,0.7,0.0,0.0
2723,50,0.2,0.2,0.2,0.3,0.3,0.4,0.5,0.7,0.0
3617,50,0.3,0.3,0.3,0.4,0.5,0.7,0.9,0.1,0.0
3043,50,0.2,0.2,0.2,0.3,0.3,0.5,0.7,0.6,0.0
1399,100,0.3,0.3,0.3,0.3,0.3,0.4,0.5,0.6,0.8
7688,150,0.2,0.2,0.2,0.2,0.3,0.5,0.7,0.0,0.0
8660,200,0.2,0.2,0.2,0.2,0.2,0.3,0.5,0.8,0.1
1852,350,0.2,0.2,0.2,0.3,0.4,0.6,0.8,0.0,0.0
923,50,0.5,0.5,0.5,0.5,0.6,0.7,0.8,0.9,0.9
233,100,0.1,0.2,0.2,0.2,0.3,0.4,0.6,0.0,0.0
5991,50,0.5,0.5,0.6,0.6,0.7,0.7,0.8,0.9,0.9
6117,50,0.3,0.4,0.4,0.4,0.5,0.6,0.7,0.9,0.2
1550,650,0.1,0.1,0.1,0.1,0.2,0.3,0.5,0.0,0.0
9749,150,0.2,0.2,0.2,0.2,0.3,0.7,0.8,0.8,0.1
4649,100,0.2,0.2,0.2,0.2,0.3,0.3,0.5,0.7,0.0
1434,200,0.2,0.2,0.2,0.2,0.2,0.3,0.4,0.6,0.0
3278,50,0.4,0.5,0.5,0.5,0.5,0.5,0.6,0.8,0.9
2371,50,0.2,0.2,0.2,0.2,0.3,0.4,0.5,0.7,0.0
1103,100,0.2,0.2,0.2,0.2,0.4,0.5,0.7,0.0,0.0
8213,50,0.2,0.2,0.2,0.3,0.4,0.5,0.7,0.0,0.0
3545,50,0.5,0.5,0.5,0.5,0.6,0.6,0.7,0.8,0.8
5327,100,0.2,0.2,0.3,0.3,0.4,0.5,0.7,0.0,0.0
2903,50,0.3,0.3,0.4,0.4,0.4,0.5,0.6,0.8,0.0
4562,150,0.2,0.2,0.2,0.3,0.3,0.5,0.8,1.0,0.0
9008,50,0.3,0.3,0.4,0.4,0.5,0.6,0.8,0.9,0.0
3869,50,0.2,0.2,0.2,0.3,0.3,0.4,0.6,0.7,0.0
4529,200,0.1,0.2,0.2,0.2,0.3,0.4,0.6,0.0,0.0
3493,150,0.1,0.2,0.2,0.2,0.2,0.3,0.5,0.3,0.0
8161,200,0.2,0.2,0.2,0.3,0.3,0.5,0.6,0.0,0.0
5621,100,0.3,0.3,0.3,0.4,0.5,0.6,0.7,0.2,0.0
9228,2200,0.1,0.1,0.1,0.1,0.2,0.3,0.4,0.0,0.0
6504,150,0.1,0.2,0.2,0.2,0.2,0.4,0.5,0.0,0.0
8019,400,0.2,0.3,0.3,0.3,0.4,0.6,0.8,0.0,0.0
4699,150,0.2,0.3,0.3,0.3,0.4,0.5,0.6,0.0,0.0
8944,150,0.2,0.2,0.3,0.3,0.4,0.5,0.6,0.0,0.0
9509,50,0.4,0.4,0.4,0.5,0.5,0.7,0.8,0.9,0.5
5385,100,0.1,0.1,0.1,0.2,0.2,0.4,0.5,0.0,0.0
6477,50,0.4,0.4,0.4,0.4,0.5,0.5,0.6,0.8,0.9
9858,950,0.1,0.1,0.1,0.1,0.2,0.3,0.5,0.0,0.0
2902,50,0.2,0.2,0.2,0.3,0.3,0.5,0.7,0.8,0.0
6667,50,0.3,0.3,0.4,0.4,0.5,0.7,0.8,0.0,0.0
7895,50,0.3,0.4,0.4,0.4,0.4,0.5,0.6,0.8,0.9
15,150,0.2,0.2,0.2,0.2,0.2,0.3,0.5,0.7,0.0
5479,50,0.2,0.2,0.3,0.3,0.5,0.7,0.9,0.9,0.0
9132,50,0.4,0.4,0.4,0.5,0.5,0.7,0.8,0.9,0.8
6134,50,0.7,0.7,0.7,0.8,0.8,0.8,0.8,0.9,0.9
1472,50,0.2,0.2,0.2,0.2,0.3,0.5,0.7,0.1,0.0
3230,100,0.2,0.2,0.2,0.2,0.3,0.4,0.6,0.1,0.0
4958,150,0.2,0.2,0.3,0.3,0.3,0.4,0.6,0.7,0.0
7775,50,0.2,0.2,0.2,0.3,0.4,0.5,0.7,0.9,0.0
2764,150,0.1,0.1,0.1,0.2,0.2,0.4,0.5,0.0,0.0
104,100,0.2,0.2,0.2,0.2,0.3,0.5,0.7,0.0,0.0
4736,200,0.1,0.1,0.2,0.2,0.2,0.3,0.4,0.7,0.0
7201,50,0.3,0.4,0.4,0.4,0.5,0.6,0.8,0.9,0.0
7863,50,0.4,0.4,0.4,0.5,0.6,0.7,0.8,0.0,0.0
2963,50,0.2,0.2,0.2,0.3,0.3,0.4,0.6,0.8,0.0
4866,150,0.2,0.2,0.2,0.3,0.3,0.4,0.6,0.0,0.0
5535,150,0.2,0.2,0.2,0.2,0.3,0.4,0.6,0.0,0.0
8350,100,0.2,0.2,0.2,0.2,0.3,0.4,0.6,0.8,0.0
6740,50,0.6,0.6,0.6,0.6,0.6,0.6,0.6,0.7,0.8
3186,50,0.2,0.2,0.2,0.2,0.3,0.4,0.6,0.0,0.0
8419,100,0.2,0.2,0.2,0.2,0.3,0.4,0.5,0.8,0.0
1002,100,0.2,0.2,0.3,0.3,0.4,0.6,0.8,0.0,0.0
8682,50,0.3,0.3,0.3,0.3,0.4,0.6,0.8,0.9,0.0
5654,100,0.2,0.3,0.3,0.3,0.4,0.5,0.6,0.8,0.0
266,50,0.6,0.6,0.6,0.6,0.7,0.8,0.9,0.9,0.9
8755,50,0.5,0.5,0.6,0.6,0.7,0.7,0.8,0.9,0.9
6248,150,0.2,0.2,0.2,0.2,0.3,0.4,0.6,0.0,0.0
6385,250,0.1,0.1,0.2,0.2,0.3,0.4,0.6,0.0,0.0
1868,200,0.2,0.2,0.2,0.2,0.3,0.5,0.7,0.0,0.0
1076,400,0.2,0.2,0.2,0.2,0.3,0.4,0.6,0.0,0.0
2403,200,0.4,0.4,0.4,0.4,0.5,0.6,0.7,0.0,0.0
6005,150,0.3,0.3,0.3,0.4,0.4,0.5,0.7,0.9,0.1
1891,150,0.3,0.3,0.3,0.4,0.5,0.6,0.8,0.0,0.0
5132,150,0.1,0.2,0.2,0.2,0.3,0.5,0.7,0.0,0.0
6691,100,0.3,0.3,0.3,0.3,0.4,0.6,0.8,0.9,0.0
7741,50,0.2,0.2,0.2,0.2,0.3,0.4,0.6,0.5,0.0
4016,100,0.2,0.2,0.2,0.2,0.3,0.4,0.5,0.8,0.0
8168,50,0.2,0.3,0.3,0.3,0.4,0.6,0.8,0.9,0.0
8514,50,0.2,0.2,0.2,0.2,0.3,0.3,0.5,0.8,0.1
9369,100,0.2,0.2,0.2,0.2,0.3,0.4,0.6,0.2,0.0
6400,300,0.2,0.2,0.2,0.2,0.3,0.5,0.7,0.0,0.0
706,50,0.3,0.3,0.3,0.4,0.5,0.6,0.8,0.9,0.5
9605,200,0.3,0.3,0.3,0.3,0.4,0.4,0.6,0.7,0.0
8620,50,0.2,0.2,0.2,0.2,0.3,0.4,0.6,0.8,0.0
5953,100,0.2,0.3,0.3,0.3,0.4,0.6,0.8,0.0,0.0
3688,150,0.1,0.1,0.2,0.2,0.3,0.4,0.6,0.0,0.0
7253,100,0.2,0.2,0.2,0.2,0.3,0.4,0.6,0.0,0.0
6376,150,0.2,0.2,0.2,0.3,0.4,0.5,0.7,0.0,0.0
451,50,0.5,0.5,0.5,0.5,0.6,0.6,0.7,0.9,0.9
9535,100,0.3,0.3,0.3,0.3,0.4,0.5,0.7,0.2,0.0
996,100,0.2,0.2,0.2,0.2,0.3,0.4,0.6,0.8,0.0
9262,50,0.2,0.2,0.3,0.3,0.3,0.4,0.6,0.8,0.0
3179,100,0.2,0.2,0.3,0.3,0.3,0.4,0.6,0.7,0.0
1916,50,0.2,0.2,0.2,0.2,0.3,0.5,0.7,0.0,0.0
9622,50,0.2,0.2,0.3,0.3,0.3,0.4,0.6,0.8,0.0
5900,100,0.2,0.2,0.2,0.3,0.3,0.5,0.7,0.2,0.0
9092,150,0.2,0.2,0.2,0.2,0.3,0.5,0.8,0.7,0.0
9168,150,0.2,0.2,0.3,0.3,0.4,0.5,0.8,0.0,0.0
735,50,0.3,0.3,0.4,0.4,0.6,0.8,0.9,0.9,0.0
2185,200,0.1,0.1,0.1,0.2,0.2,0.3,0.5,0.7,0.0
394,150,0.2,0.2,0.2,0.2,0.2,0.3,0.5,0.7,0.0
4167,100,0.2,0.2,0.3,0.3,0.3,0.4,0.6,0.8,0.0
866,50,0.3,0.3,0.4,0.4,0.6,0.7,0.9,0.0,0.0
8678,550,0.1,0.1,0.1,0.1,0.2,0.3,0.5,0.1,0.0
9152,100,0.3,0.4,0.4,0.4,0.5,0.6,0.7,0.8,0.0
5321,100,0.1,0.2,0.2,0.2,0.3,0.4,0.6,0.0,0.0
9698,250,0.1,0.1,0.1,0.2,0.3,0.5,0.7,0.0,0.0
2274,150,0.2,0.2,0.2,0.2,0.3,0.4,0.6,0.1,0.0
8269,350,0.1,0.1,0.1,0.2,0.3,0.4,0.6,0.0,0.0
8391,100,0.1,0.2,0.2,0.2,0.3,0.4,0.6,0.0,0.0
2687,100,0.1,0.2,0.2,0.2,0.3,0.5,0.7,0.0,0.0
8523,150,0.2,0.2,0.2,0.2,0.3,0.3,0.5,0.7,0.0
2950,300,0.1,0.1,0.1,0.2,0.2,0.3,0.5,0.0,0.0
1924,400,0.1,0.1,0.1,0.2,0.2,0.4,0.6,0.0,0.0
2443,150,0.2,0.2,0.2,0.3,0.4,0.5,0.7,0.0,0.0
2740,50,0.2,0.2,0.2,0.2,0.3,0.4,0.7,1.0,0.0
4931,50,0.3,0.3,0.3,0.3,0.4,0.6,0.7,0.8,0.0
8779,200,0.1,0.2,0.2,0.2,0.2,0.3,0.5,0.0,0.0
2126,650,0.1,0.1,0.1,0.1,0.2,0.4,0.6,0.0,0.0
53,50,0.3,0.3,0.3,0.4,0.4,0.6,0.7,0.9,0.0
5489,300,0.1,0.1,0.1,0.2,0.3,0.4,0.6,0.0,0.0
8691,50,0.3,0.3,0.3,0.4,0.4,0.6,0.7,0.8,0.0
3880,50,0.3,0.3,0.3,0.3,0.4,0.6,0.8,0.0,0.0
7991,100,0.2,0.2,0.2,0.2,0.3,0.4,0.6,0.0,0.0
7594,50,0.4,0.4,0.4,0.5,0.6,0.7,0.8,0.9,0.0
4110,50,0.3,0.3,0.3,0.3,0.4,0.6,0.8,0.9,0.0
2540,150,0.2,0.2,0.2,0.2,0.3,0.5,0.7,0.0,0.0
4788,300,0.1,0.2,0.2,0.2,0.2,0.3,0.5,0.0,0.0
3205,50,0.3,0.3,0.3,0.4,0.5,0.6,0.8,0.9,0.0
3932,100,0.2,0.2,0.2,0.2,0.3,0.4,0.6,0.1,0.0
2011,50,0.2,0.3,0.3,0.3,0.4,0.5,0.6,0.8,0.0
5342,200,0.1,0.1,0.1,0.2,0.2,0.3,0.4,0.0,0.0
9665,50,0.2,0.3,0.3,0.3,0.4,0.6,0.7,0.0,0.0
7272,50,0.2,0.2,0.3,0.3,0.3,0.4,0.5,0.7,0.0
927,50,0.2,0.3,0.3,0.3,0.4,0.5,0.6,0.8,0.0
9355,50,0.4,0.4,0.4,0.4,0.5,0.6,0.7,0.9,0.0
9768,50,0.6,0.6,0.6,0.7,0.7,0.8,0.8,0.9,0.9
8812,150,0.2,0.2,0.3,0.3,0.4,0.5,0.7,0.1,0.0
4884,100,0.2,0.2,0.2,0.3,0.4,0.6,0.8,0.0,0.0
335,50,0.5,0.5,0.6,0.6,0.6,0.7,0.8,0.9,0.9
6635,50,0.3,0.3,0.3,0.3,0.4,0.6,0.8,0.9,0.0
4883,100,0.2,0.2,0.2,0.3,0.3,0.4,0.6,0.8,0.0
1394,50,0.2,0.2,0.2,0.2,0.3,0.5,0.7,0.0,0.0
8545,250,0.2,0.2,0.2,0.2,0.3,0.4,0.6,0.1,0.0
127,250,0.2,0.2,0.2,0.3,0.3,0.4,0.6,0.1,0.0
3831,100,0.2,0.2,0.2,0.3,0.4,0.6,0.8,0.0,0.0
4950,50,0.4,0.4,0.4,0.4,0.5,0.5,0.7,0.8,0.8
763,450,0.2,0.2,0.2,0.2,0.3,0.5,0.8,0.0,0.0
2457,50,0.3,0.3,0.3,0.4,0.5,0.6,0.7,0.0,0.0
7307,50,0.3,0.3,0.3,0.3,0.4,0.5,0.6,0.9,0.0
2758,150,0.2,0.2,0.2,0.3,0.4,0.5,0.7,0.0,0.0
324,50,0.1,0.1,0.2,0.2,0.2,0.3,0.5,0.7,0.0
7680,150,0.2,0.2,0.2,0.2,0.3,0.3,0.5,0.0,0.0
275,100,0.3,0.3,0.3,0.3,0.4,0.5,0.7,0.0,0.0
7328,800,0.1,0.1,0.1,0.2,0.2,0.4,0.7,0.7,0.0
7044,150,0.2,0.2,0.2,0.2,0.3,0.4,0.6,0.0,0.0
7289,50,0.3,0.3,0.3,0.4,0.5,0.6,0.8,0.0,0.0
5305,100,0.2,0.2,0.3,0.3,0.3,0.4,0.5,0.8,0.1
6347,50,0.3,0.3,0.3,0.3,0.3,0.4,0.5,0.8,0.1
9447,200,0.2,0.2,0.2,0.2,0.3,0.4,0.6,0.0,0.0
8426,100,0.2,0.2,0.2,0.2,0.3,0.4,0.5,0.7,0.0
4860,100,0.2,0.2,0.2,0.2,0.3,0.5,0.7,0.0,0.0
7659,200,0.2,0.2,0.2,0.2,0.3,0.5,0.7,0.0,0.0
1335,100,0.1,0.2,0.2,0.2,0.2,0.3,0.5,0.0,0.0
4069,250,0.2,0.2,0.2,0.3,0.3,0.4,0.6,0.8,0.0
6039,50,0.4,0.4,0.4,0.4,0.5,0.6,0.7,0.8,0.0
1714,100,0.2,0.2,0.2,0.2,0.3,0.5,0.7,0.0,0.0
7965,50,0.2,0.2,0.2,0.2,0.3,0.4,0.5,0.8,0.0
2642,350,0.2,0.2,0.2,0.2,0.3,0.4,0.6,0.0,0.0
1712,100,0.1,0.2,0.2,0.2,0.3,0.4,0.5,0.0,0.0
1004,50,0.2,0.2,0.2,0.3,0.4,0.6,0.8,0.7,0.0
9971,100,0.2,0.2,0.2,0.2,0.3,0.4,0.5,0.7,0.0
8948,50,0.2,0.3,0.3,0.3,0.4,0.6,0.7,0.0,0.0
9647,50,0.5,0.5,0.5,0.5,0.5,0.6,0.6,0.7,0.8
1773,50,0.3,0.3,0.3,0.4,0.5,0.6,0.8,0.0,0.0
1568,50,0.4,0.4,0.4,0.4,0.5,0.6,0.8,0.9,0.0
2546,250,0.1,0.1,0.1,0.1,0.2,0.4,0.6,0.0,0.0
6123,100,0.2,0.2,0.2,0.2,0.3,0.3,0.5,0.7,0.0
8873,150,0.2,0.2,0.2,0.2,0.3,0.4,0.5,0.0,0.0
4273,550,0.1,0.1,0.1,0.2,0.2,0.4,0.6,0.0,0.0
6751,50,0.2,0.2,0.2,0.2,0.3,0.4,0.6,0.8,0.0
183,50,0.2,0.2,0.2,0.3,0.4,0.5,0.7,0.8,0.0
8538,100,0.1,0.1,0.1,0.2,0.2,0.4,0.6,0.0,0.0
1883,100,0.2,0.2,0.2,0.2,0.3,0.3,0.5,0.7,0.0
6875,50,0.2,0.2,0.2,0.2,0.3,0.3,0.4,0.7,0.8
7046,50,0.4,0.4,0.4,0.4,0.5,0.7,0.8,0.9,0.9
549,700,0.2,0.2,0.2,0.2,0.3,0.5,0.8,0.1,0.0
1679,500,0.2,0.2,0.2,0.2,0.3,0.4,0.6,0.0,0.0
5357,50,0.2,0.2,0.2,0.2,0.3,0.5,0.6,0.1,0.0
1511,50,0.3,0.3,0.3,0.3,0.4,0.5,0.6,0.8,0.9
8223,100,0.2,0.2,0.2,0.2,0.3,0.5,0.7,0.0,0.0
7578,200,0.3,0.3,0.3,0.3,0.4,0.6,0.7,0.8,0.0
7435,50,0.4,0.4,0.4,0.5,0.6,0.8,0.9,0.0,0.0
9276,300,0.2,0.2,0.2,0.2,0.3,0.5,0.8,0.0,0.0
3984,150,0.2,0.2,0.2,0.3,0.3,0.4,0.5,0.0,0.0
2993,50,0.3,0.4,0.4,0.4,0.4,0.5,0.7,0.8,0.3
3034,300,0.1,0.1,0.1,0.2,0.2,0.3,0.5,0.0,0.0
4473,50,0.3,0.3,0.3,0.4,0.4,0.5,0.6,0.8,0.0
5516,150,0.2,0.2,0.2,0.2,0.3,0.4,0.5,0.8,0.0
5572,50,0.3,0.3,0.3,0.4,0.4,0.4,0.5,0.6,0.8
5530,200,0.2,0.2,0.2,0.2,0.3,0.5,0.8,0.0,0.0
7580,600,0.1,0.1,0.1,0.1,0.2,0.3,0.5,0.0,0.0
8963,600,0.1,0.2,0.2,0.2,0.3,0.4,0.6,0.0,0.0
2234,50,0.3,0.3,0.3,0.3,0.3,0.4,0.5,0.7,0.8
2560,150,0.2,0.2,0.2,0.2,0.3,0.3,0.5,0.9,0.0
6852,150,0.2,0.2,0.2,0.2,0.3,0.5,0.6,0.0,0.0
9973,450,0.1,0.1,0.1,0.2,0.2,0.4,0.5,0.0,0.0
6431,550,0.2,0.2,0.2,0.3,0.4,0.5,0.7,0.0,0.0
7700,50,0.4,0.4,0.4,0.5,0.6,0.7,0.8,0.9,0.0
3879,50,0.4,0.4,0.5,0.5,0.6,0.7,0.8,0.9,0.0
8469,900,0.1,0.1,0.1,0.1,0.2,0.4,0.7,0.0,0.0
6754,50,0.3,0.3,0.3,0.4,0.4,0.5,0.6,0.8,0.9
9583,50,0.1,0.1,0.1,0.2,0.3,0.5,0.7,0.0,0.0
9557,50,0.2,0.2,0.2,0.3,0.3,0.5,0.7,0.9,0.0
9013,100,0.2,0.2,0.2,0.2,0.3,0.5,0.7,0.0,0.0
6555,200,0.2,0.2,0.2,0.2,0.3,0.4,0.7,0.0,0.0
8256,200,0.2,0.2,0.2,0.2,0.3,0.4,0.6,0.0,0.0
8122,50,0.5,0.5,0.5,0.5,0.6,0.7,0.8,0.9,0.9
6092,100,0.2,0.2,0.2,0.2,0.3,0.4,0.5,0.0,0.0
7088,1300,0.1,0.1,0.1,0.2,0.2,0.3,0.6,0.0,0.0
4864,50,0.3,0.3,0.3,0.4,0.5,0.7,0.8,0.8,0.0
3743,100,0.3,0.3,0.3,0.3,0.3,0.4,0.5,0.7,0.8
8415,150,0.2,0.2,0.2,0.3,0.4,0.5,0.7,0.0,0.0
9364,50,0.2,0.3,0.3,0.3,0.4,0.5,0.7,0.7,0.0
8674,50,0.2,0.2,0.2,0.3,0.3,0.4,0.6,0.0,0.0
6099,150,0.2,0.2,0.2,0.2,0.2,0.3,0.5,0.7,0.0
6790,50,0.3,0.3,0.3,0.4,0.5,0.6,0.8,0.2,0.0
6506,100,0.2,0.2,0.2,0.2,0.3,0.4,0.6,0.4,0.0
5822,200,0.2,0.2,0.2,0.3,0.4,0.6,0.9,0.9,0.0
4565,50,0.4,0.4,0.4,0.4,0.4,0.5,0.6,0.8,0.9
8676,50,0.2,0.2,0.2,0.2,0.3,0.4,0.6,0.9,0.0
4185,150,0.1,0.1,0.1,0.1,0.2,0.3,0.5,0.0,0.0
8253,50,0.3,0.3,0.3,0.4,0.5,0.6,0.8,0.9,0.0
1295,50,0.2,0.2,0.2,0.3,0.3,0.5,0.6,0.0,0.0
4929,250,0.2,0.2,0.2,0.2,0.3,0.4,0.6,0.3,0.0
3839,100,0.3,0.3,0.3,0.3,0.4,0.6,0.7,0.0,0.0
1189,100,0.2,0.2,0.2,0.2,0.3,0.5,0.7,0.2,0.0
2387,100,0.1,0.1,0.1,0.2,0.2,0.3,0.5,0.0,0.0
6534,50,0.2,0.2,0.2,0.2,0.3,0.4,0.6,0.7,0.0
659,50,0.3,0.3,0.3,0.3,0.3,0.4,0.5,0.7,0.0
764,300,0.1,0.1,0.2,0.2,0.2,0.4,0.7,0.1,0.0
5716,50,0.2,0.2,0.2,0.3,0.4,0.6,0.8,0.0,0.0
7231,50,0.3,0.3,0.3,0.4,0.4,0.5,0.7,0.8,0.7
7533,50,0.4,0.4,0.4,0.4,0.4,0.4,0.4,0.4,0.5
4943,1000,0.1,0.1,0.2,0.2,0.2,0.3,0.5,0.0,0.0
7257,200,0.1,0.1,0.2,0.2,0.2,0.3,0.6,0.1,0.0
1045,100,0.2,0.2,0.2,0.2,0.3,0.4,0.6,0.0,0.0
232,400,0.2,0.2,0.2,0.2,0.3,0.4,0.5,0.7,0.0
5944,50,0.4,0.4,0.4,0.5,0.5,0.6,0.7,0.9,0.9
4648,200,0.1,0.2,0.2,0.2,0.2,0.3,0.5,0.0,0.0
250,200,0.4,0.4,0.4,0.4,0.5,0.6,0.7,0.9,0.9
9068,150,0.2,0.2,0.2,0.2,0.3,0.3,0.5,0.0,0.0
1232,100,0.2,0.2,0.2,0.2,0.3,0.5,0.7,0.5,0.0
787,50,0.4,0.4,0.4,0.4,0.5,0.7,0.8,0.8,0.0
5965,50,0.2,0.2,0.2,0.3,0.4,0.5,0.7,0.0,0.0
357,200,0.1,0.1,0.1,0.2,0.2,0.4,0.6,0.0,0.0
8215,50,0.2,0.2,0.2,0.3,0.4,0.5,0.7,0.0,0.0
4968,100,0.2,0.3,0.3,0.3,0.3,0.4,0.6,0.0,0.0
6768,250,0.2,0.2,0.2,0.2,0.2,0.3,0.5,0.7,0.0
8,50,0.2,0.3,0.3,0.3,0.4,0.5,0.7,0.0,0.0
1422,50,0.3,0.4,0.4,0.5,0.6,0.8,0.9,0.9,0.0
8210,50,0.2,0.2,0.2,0.2,0.3,0.4,0.6,0.8,0.0
1581,50,0.4,0.4,0.4,0.4,0.5,0.7,0.8,0.8,0.0
8744,200,0.2,0.2,0.2,0.2,0.3,0.4,0.5,0.4,0.0
5547,50,0.3,0.3,0.3,0.3,0.4,0.6,0.8,0.0,0.0
545,50,0.2,0.2,0.2,0.3,0.4,0.6,0.7,0.2,0.0
1962,50,0.3,0.3,0.4,0.4,0.5,0.6,0.8,0.8,0.0
1927,50,0.3,0.3,0.3,0.3,0.4,0.5,0.6,0.8,0.0
7883,50,0.4,0.4,0.4,0.4,0.4,0.5,0.6,0.8,0.9
1187,50,0.5,0.5,0.5,0.5,0.6,0.7,0.8,0.9,0.9
6267,100,0.3,0.3,0.3,0.3,0.4,0.5,0.7,0.0,0.0
4820,50,0.4,0.4,0.4,0.4,0.5,0.5,0.6,0.8,0.9
2675,150,0.1,0.1,0.2,0.2,0.3,0.5,0.7,0.0,0.0
6231,100,0.2,0.2,0.2,0.2,0.3,0.4,0.6,0.0,0.0
1237,150,0.2,0.2,0.2,0.2,0.2,0.3,0.5,0.5,0.0
8820,50,0.2,0.2,0.2,0.2,0.3,0.4,0.6,0.1,0.0
3945,500,0.2,0.2,0.2,0.2,0.2,0.3,0.5,0.7,0.0
6466,50,0.4,0.4,0.5,0.5,0.7,0.8,0.9,0.0,0.0
2930,50,0.3,0.3,0.3,0.3,0.4,0.5,0.7,0.9,0.0
7358,400,0.1,0.1,0.1,0.2,0.2,0.3,0.5,0.0,0.0
4509,250,0.2,0.2,0.2,0.2,0.3,0.4,0.6,0.2,0.0
2986,50,0.2,0.3,0.3,0.3,0.4,0.5,0.7,0.8,0.0
886,200,0.3,0.3,0.3,0.3,0.4,0.5,0.7,0.9,0.0
8288,50,0.2,0.2,0.2,0.2,0.3,0.5,0.7,0.0,0.0
7360,50,0.2,0.3,0.3,0.3,0.5,0.6,0.8,0.0,0.0
9020,200,0.1,0.1,0.2,0.2,0.2,0.3,0.5,0.3,0.0
4394,350,0.1,0.1,0.1,0.1,0.2,0.3,0.4,0.0,0.0
2114,150,0.2,0.2,0.2,0.2,0.3,0.4,0.6,0.8,0.0
1421,100,0.2,0.2,0.2,0.2,0.3,0.4,0.6,0.0,0.0
7558,50,0.3,0.3,0.4,0.4,0.5,0.7,0.8,0.9,0.0
7613,100,0.2,0.2,0.3,0.3,0.4,0.5,0.6,0.8,0.0
1283,650,0.1,0.1,0.1,0.1,0.2,0.6,0.9,0.9,0.9
9201,50,0.5,0.5,0.6,0.6,0.7,0.8,0.8,0.8,0.0
9112,50,0.3,0.3,0.3,0.3,0.4,0.5,0.7,0.8,0.0
4976,150,0.2,0.2,0.2,0.2,0.3,0.3,0.5,0.7,0.0
3671,50,0.3,0.4,0.4,0.4,0.6,0.7,0.8,0.0,0.0
834,250,0.1,0.1,0.1,0.2,0.2,0.3,0.5,0.0,0.0
7789,200,0.2,0.2,0.2,0.3,0.3,0.4,0.5,0.7,0.8
5638,50,0.3,0.3,0.3,0.3,0.3,0.4,0.5,0.8,0.2
5582,100,0.1,0.2,0.2,0.2,0.3,0.6,0.8,0.2,0.0
2128,50,0.4,0.4,0.4,0.5,0.5,0.7,0.8,0.9,0.3
6909,150,0.2,0.2,0.3,0.3,0.3,0.4,0.5,0.7,0.0
4112,150,0.2,0.2,0.2,0.2,0.3,0.4,0.5,0.8,0.0
448,50,0.3,0.3,0.3,0.3,0.4,0.6,0.7,0.9,0.0
8925,350,0.1,0.1,0.2,0.2,0.3,0.5,0.8,0.0,0.0
8321,200,0.2,0.2,0.2,0.3,0.3,0.5,0.7,0.0,0.0
9211,50,0.5,0.5,0.5,0.5,0.5,0.6,0.7,0.8,0.9
1760,100,0.2,0.2,0.2,0.3,0.3,0.5,0.6,0.0,0.0
5830,100,0.2,0.2,0.2,0.2,0.3,0.5,0.7,0.0,0.0
4500,550,0.1,0.1,0.1,0.1,0.2,0.3,0.5,0.0,0.0
860,150,0.2,0.2,0.2,0.2,0.3,0.4,0.6,0.0,0.0
3159,200,0.2,0.2,0.2,0.2,0.3,0.4,0.5,0.8,0.0
8037,50,0.5,0.5,0.5,0.6,0.6,0.6,0.6,0.7,0.8
781,50,0.3,0.3,0.3,0.4,0.4,0.5,0.7,0.8,0.9
9151,50,0.2,0.2,0.2,0.3,0.3,0.3,0.4,0.7,0.8
268,100,0.2,0.2,0.2,0.2,0.3,0.4,0.5,0.7,0.0
823,100,0.2,0.2,0.2,0.3,0.4,0.5,0.7,0.0,0.0
3910,100,0.2,0.2,0.2,0.2,0.2,0.3,0.5,0.1,0.0
4121,100,0.2,0.2,0.2,0.2,0.3,0.4,0.5,0.8,0.0
2250,350,0.2,0.2,0.2,0.2,0.3,0.4,0.6,0.0,0.0
2554,50,0.3,0.3,0.3,0.4,0.4,0.5,0.7,0.8,0.1
4256,50,0.6,0.6,0.6,0.6,0.7,0.7,0.8,0.9,0.9
6640,50,0.2,0.2,0.2,0.2,0.3,0.4,0.6,0.8,0.0
552,450,0.1,0.1,0.1,0.2,0.2,0.3,0.5,0.0,0.0
3364,150,0.2,0.2,0.2,0.3,0.3,0.4,0.6,0.3,0.0
4449,450,0.1,0.1,0.1,0.1,0.2,0.2,0.4,0.0,0.0
6705,50,0.3,0.3,0.3,0.4,0.5,0.6,0.8,0.9,0.0
4398,250,0.2,0.2,0.3,0.3,0.4,0.5,0.7,0.9,0.0
4600,50,0.4,0.4,0.5,0.5,0.7,0.8,0.9,0.9,0.0
8894,100,0.2,0.2,0.2,0.3,0.4,0.6,0.8,0.0,0.0
7190,50,0.3,0.3,0.3,0.3,0.3,0.4,0.5,0.8,0.9
4703,100,0.2,0.3,0.3,0.3,0.3,0.4,0.6,0.8,0.0
9484,50,0.2,0.2,0.2,0.3,0.3,0.5,0.6,0.0,0.0
7427,50,0.2,0.3,0.3,0.3,0.4,0.6,0.8,0.1,0.0
911,50,0.2,0.2,0.2,0.2,0.3,0.4,0.6,0.0,0.0
7314,50,0.2,0.2,0.2,0.2,0.3,0.3,0.5,0.7,0.0
3352,50,0.3,0.3,0.3,0.3,0.5,0.6,0.8,0.0,0.0
106,50,0.3,0.3,0.3,0.3,0.3,0.4,0.5,0.7,0.8
5035,50,0.3,0.3,0.3,0.3,0.4,0.5,0.7,0.8,0.0
2858,100,0.2,0.3,0.3,0.3,0.5,0.7,0.8,0.0,0.0
5618,50,0.6,0.6,0.7,0.7,0.8,0.9,0.9,0.9,0.9
4353,100,0.1,0.1,0.1,0.2,0.3,0.5,0.8,0.0,0.0
8131,50,0.4,0.4,0.5,0.5,0.5,0.6,0.7,0.8,0.9
3024,1350,0.1,0.1,0.1,0.2,0.2,0.3,0.5,0.0,0.0
4963,50,0.4,0.4,0.4,0.5,0.5,0.6,0.7,0.9,0.9
2167,150,0.2,0.2,0.2,0.2,0.3,0.3,0.4,0.6,0.0
9246,50,0.3,0.3,0.3,0.3,0.4,0.5,0.6,0.9,0.1
3534,50,0.3,0.3,0.3,0.4,0.5,0.7,0.9,0.9,0.0
9274,150,0.1,0.1,0.1,0.2,0.2,0.4,0.6,0.1,0.0
3009,50,0.3,0.3,0.3,0.3,0.4,0.5,0.6,0.8,0.0
387,100,0.2,0.2,0.2,0.3,0.3,0.5,0.8,0.9,0.0
8608,200,0.2,0.2,0.3,0.3,0.3,0.4,0.6,0.7,0.0
6325,50,0.3,0.3,0.4,0.4,0.5,0.7,0.8,0.9,0.0
8411,50,0.2,0.2,0.2,0.2,0.3,0.4,0.6,0.8,0.0
4965,50,0.4,0.4,0.4,0.4,0.4,0.5,0.6,0.8,0.9
4983,50,0.3,0.3,0.3,0.4,0.4,0.6,0.7,0.8,0.0
5706,850,0.1,0.2,0.2,0.2,0.2,0.3,0.5,0.0,0.0
1204,50,0.2,0.2,0.2,0.2,0.2,0.3,0.4,0.7,0.0
3048,50,0.2,0.2,0.2,0.3,0.4,0.5,0.7,0.0,0.0
6270,50,0.3,0.4,0.4,0.4,0.5,0.6,0.8,0.9,0.0
1110,50,0.2,0.2,0.2,0.2,0.3,0.5,0.7,0.2,0.0
45,100,0.1,0.1,0.1,0.2,0.2,0.4,0.6,0.0,0.0
957,100,0.2,0.2,0.2,0.2,0.3,0.4,0.6,0.8,0.0
752,100,0.4,0.4,0.4,0.4,0.4,0.4,0.5,0.6,0.8
8574,650,0.1,0.1,0.1,0.2,0.2,0.3,0.4,0.1,0.0
3415,50,0.4,0.4,0.4,0.4,0.4,0.5,0.6,0.8,0.9
6189,50,0.3,0.3,0.3,0.3,0.3,0.4,0.5,0.8,0.9
7412,50,0.4,0.4,0.4,0.4,0.5,0.5,0.6,0.8,0.8
1920,100,0.3,0.3,0.3,0.3,0.4,0.5,0.7,0.8,0.0
4783,100,0.2,0.2,0.2,0.2,0.3,0.4,0.6,0.0,0.0
6233,50,0.3,0.3,0.3,0.3,0.4,0.6,0.8,0.8,0.0
6490,50,0.2,0.2,0.2,0.2,0.3,0.5,0.7,0.0,0.0
2147,800,0.1,0.1,0.1,0.1,0.2,0.3,0.5,0.0,0.0
7423,100,0.4,0.4,0.4,0.4,0.5,0.6,0.8,0.9,0.0
8141,300,0.1,0.1,0.1,0.1,0.2,0.2,0.5,0.1,0.0
1107,50,0.5,0.6,0.6,0.6,0.7,0.7,0.8,0.9,0.9
7179,100,0.3,0.3,0.3,0.3,0.3,0.4,0.6,0.8,0.0
964,100,0.3,0.3,0.3,0.4,0.5,0.6,0.8,0.0,0.0
6230,100,0.2,0.2,0.2,0.3,0.3,0.4,0.5,0.7,0.0
8635,50,0.2,0.2,0.2,0.3,0.4,0.5,0.7,0.0,0.0
2734,250,0.2,0.2,0.2,0.2,0.2,0.3,0.4,0.6,0.0
5578,50,0.3,0.3,0.3,0.4,0.5,0.6,0.8,0.9,0.0
6999,100,0.3,0.3,0.3,0.3,0.4,0.5,0.7,0.9,0.0
3110,50,0.3,0.3,0.3,0.3,0.3,0.4,0.5,0.7,0.9
4925,650,0.1,0.1,0.1,0.2,0.3,0.5,0.9,0.0,0.0
7771,200,0.1,0.1,0.1,0.2,0.3,0.5,0.7,0.0,0.0
5184,50,0.3,0.3,0.3,0.3,0.3,0.4,0.6,0.8,0.0
2947,50,0.2,0.2,0.2,0.3,0.4,0.6,0.8,0.0,0.0
931,150,0.2,0.2,0.2,0.3,0.4,0.5,0.7,0.0,0.0
1809,3000,0.1,0.1,0.1,0.2,0.2,0.4,0.7,0.0,0.0
3580,300,0.1,0.1,0.1,0.1,0.2,0.3,0.5,0.0,0.0
6502,50,0.4,0.4,0.4,0.4,0.4,0.5,0.6,0.8,0.9
7481,50,0.4,0.5,0.5,0.5,0.7,0.8,0.9,0.9,0.9
4531,100,0.2,0.2,0.3,0.3,0.3,0.4,0.6,0.8,0.0
970,50,0.4,0.4,0.4,0.4,0.5,0.6,0.7,0.9,0.9
1812,50,0.2,0.2,0.2,0.2,0.3,0.5,0.7,0.1,0.0
4902,50,0.5,0.5,0.5,0.6,0.7,0.8,0.9,0.9,0.9
4655,50,0.2,0.2,0.2,0.3,0.3,0.5,0.6,0.8,0.0
6786,150,0.2,0.2,0.2,0.2,0.3,0.3,0.5,0.3,0.0
8628,50,0.4,0.4,0.4,0.4,0.5,0.6,0.8,0.9,0.0
9892,100,0.2,0.2,0.3,0.3,0.4,0.5,0.7,0.1,0.0
5840,50,0.3,0.3,0.3,0.3,0.4,0.5,0.7,0.9,0.9
8144,100,0.3,0.3,0.3,0.3,0.4,0.6,0.8,0.0,0.0
7701,250,0.1,0.1,0.1,0.1,0.2,0.3,0.4,0.0,0.0
8279,50,0.2,0.2,0.2,0.2,0.3,0.5,0.7,0.3,0.0
2270,50,0.2,0.3,0.3,0.3,0.3,0.4,0.5,0.8,0.0
1294,50,0.4,0.4,0.4,0.5,0.6,0.8,0.9,0.9,0.0
8857,2800,0.1,0.1,0.1,0.1,0.2,0.3,0.6,0.0,0.0
9788,100,0.2,0.2,0.2,0.3,0.4,0.5,0.7,0.0,0.0
9219,400,0.1,0.1,0.1,0.1,0.1,0.2,0.4,0.0,0.0
8731,150,0.3,0.3,0.3,0.3,0.3,0.3,0.4,0.6,0.7
9239,100,0.3,0.3,0.3,0.3,0.4,0.4,0.5,0.7,0.8
9180,100,0.1,0.1,0.1,0.2,0.2,0.3,0.5,0.7,0.0
7142,50,0.3,0.3,0.3,0.3,0.3,0.4,0.5,0.7,0.8
7369,100,0.1,0.1,0.2,0.2,0.2,0.4,0.6,0.0,0.0
8964,250,0.2,0.2,0.2,0.2,0.3,0.4,0.7,0.8,0.9
8907,50,0.4,0.4,0.4,0.4,0.4,0.5,0.6,0.8,0.9
3105,50,0.1,0.1,0.2,0.2,0.3,0.4,0.7,0.0,0.0
7320,50,0.3,0.3,0.3,0.3,0.3,0.4,0.5,0.7,0.9
4248,50,0.2,0.3,0.3,0.3,0.3,0.4,0.5,0.8,0.1
575,100,0.2,0.2,0.2,0.2,0.3,0.4,0.6,0.8,0.0
8542,50,0.4,0.5,0.5,0.5,0.6,0.7,0.8,0.9,0.0
4140,50,0.3,0.3,0.3,0.3,0.4,0.4,0.6,0.8,0.9
153,100,0.1,0.2,0.2,0.2,0.3,0.4,0.7,0.0,0.0
4063,50,0.3,0.4,0.4,0.4,0.6,0.7,0.8,0.9,0.0
2243,400,0.1,0.1,0.2,0.2,0.2,0.3,0.4,0.6,0.0
9380,50,0.3,0.3,0.4,0.4,0.5,0.6,0.8,0.9,0.9
8847,400,0.2,0.2,0.2,0.2,0.3,0.4,0.6,0.0,0.0
5356,150,0.2,0.3,0.3,0.3,0.4,0.6,0.9,0.9,0.0
5000,350,0.1,0.1,0.1,0.1,0.2,0.4,0.6,0.0,0.0
8530,50,0.2,0.2,0.2,0.2,0.3,0.4,0.6,0.8,0.0
5838,150,0.2,0.3,0.3,0.3,0.3,0.4,0.6,0.8,0.0
7661,50,0.4,0.4,0.4,0.5,0.6,0.7,0.8,0.9,0.0
5679,50,0.2,0.3,0.3,0.3,0.4,0.5,0.7,0.8,0.0
9890,100,0.2,0.2,0.2,0.2,0.3,0.4,0.6,0.8,0.0
1460,150,0.1,0.1,0.1,0.2,0.2,0.4,0.7,0.5,0.0
2431,50,0.3,0.3,0.3,0.3,0.4,0.4,0.5,0.7,0.8
2132,50,0.3,0.3,0.3,0.3,0.4,0.6,0.7,0.6,0.0
6633,550,0.1,0.1,0.1,0.1,0.2,0.4,0.6,0.0,0.0
1095,150,0.2,0.2,0.2,0.3,0.4,0.5,0.7,0.0,0.0
216,50,0.4,0.4,0.4,0.4,0.5,0.6,0.7,0.8,0.0
8056,50,0.3,0.3,0.3,0.3,0.4,0.5,0.7,0.9,0.9
117,50,0.4,0.4,0.4,0.5,0.5,0.6,0.7,0.9,0.9
6561,50,0.3,0.3,0.3,0.3,0.4,0.5,0.7,0.8,0.0
4899,200,0.2,0.2,0.3,0.3,0.4,0.5,0.6,0.0,0.0
9729,50,0.2,0.2,0.2,0.2,0.3,0.4,0.5,0.8,0.0
8231,50,0.2,0.3,0.3,0.3,0.4,0.5,0.7,0.9,0.0
6419,50,0.7,0.7,0.7,0.7,0.7,0.7,0.7,0.8,0.8
5579,100,0.2,0.2,0.3,0.3,0.4,0.5,0.7,0.8,0.0
7835,50,0.2,0.2,0.2,0.3,0.3,0.4,0.6,0.8,0.0
78,50,0.2,0.2,0.2,0.2,0.3,0.3,0.5,0.9,0.0
3532,50,0.2,0.2,0.2,0.3,0.4,0.5,0.7,0.6,0.0
7467,50,0.4,0.4,0.4,0.4,0.6,0.7,0.9,0.9,0.0
1858,50,0.3,0.3,0.3,0.3,0.4,0.5,0.6,0.8,0.9
4617,50,0.3,0.3,0.3,0.3,0.4,0.4,0.5,0.7,0.8
5158,800,0.2,0.2,0.2,0.2,0.3,0.4,0.5,0.0,0.0
9519,2650,0.1,0.1,0.1,0.2,0.2,0.4,0.7,0.0,0.0
9147,1550,0.1,0.1,0.1,0.1,0.2,0.3,0.5,0.0,0.0
9976,50,0.2,0.2,0.2,0.2,0.3,0.4,0.6,0.8,0.0
2886,50,0.3,0.3,0.3,0.4,0.5,0.7,0.8,0.9,0.0
4084,50,0.4,0.4,0.4,0.4,0.5,0.5,0.6,0.8,0.9
4901,50,0.2,0.2,0.2,0.3,0.4,0.6,0.8,0.0,0.0
4029,50,0.3,0.3,0.3,0.3,0.5,0.8,0.9,0.9,0.9
6939,550,0.1,0.1,0.1,0.1,0.2,0.3,0.5,0.0,0.0
6714,100,0.2,0.2,0.2,0.2,0.3,0.4,0.5,0.3,0.0
8704,50,0.3,0.3,0.3,0.4,0.5,0.6,0.8,0.9,0.3
213,100,0.2,0.2,0.3,0.3,0.3,0.4,0.5,0.7,0.0
6007,100,0.3,0.3,0.3,0.3,0.4,0.5,0.6,0.8,0.0
9855,150,0.2,0.2,0.2,0.2,0.3,0.5,0.6,0.0,0.0
4869,100,0.2,0.2,0.2,0.2,0.3,0.4,0.6,0.1,0.0
6152,50,0.4,0.4,0.4,0.4,0.5,0.5,0.6,0.7,0.8
9328,150,0.2,0.2,0.2,0.2,0.3,0.4,0.6,0.8,0.0
4912,1350,0.1,0.1,0.2,0.2,0.2,0.4,0.6,0.0,0.0
4309,400,0.1,0.2,0.2,0.2,0.3,0.4,0.6,0.0,0.0
6836,2050,0.1,0.1,0.1,0.1,0.2,0.3,0.6,0.0,0.0
9862,100,0.2,0.2,0.2,0.2,0.2,0.3,0.5,0.7,0.0
9129,50,0.2,0.2,0.2,0.3,0.3,0.4,0.6,0.8,0.0
4100,100,0.2,0.2,0.2,0.2,0.3,0.5,0.7,0.0,0.0
3202,150,0.2,0.2,0.2,0.2,0.3,0.4,0.5,0.6,0.0
6950,100,0.2,0.3,0.3,0.3,0.4,0.5,0.7,0.2,0.0
6288,50,0.2,0.2,0.2,0.2,0.3,0.5,0.7,0.5,0.0
7556,50,0.3,0.3,0.3,0.4,0.6,0.8,0.9,0.9,0.9
7116,100,0.1,0.1,0.2,0.2,0.3,0.4,0.7,0.0,0.0
9736,50,0.2,0.2,0.2,0.3,0.4,0.6,0.8,0.0,0.0
4811,100,0.1,0.1,0.2,0.2,0.3,0.4,0.6,0.0,0.0
3409,350,0.2,0.2,0.2,0.2,0.3,0.4,0.5,0.0,0.0
7488,1300,0.1,0.1,0.1,0.1,0.2,0.3,0.5,0.0,0.0
6607,150,0.1,0.1,0.1,0.2,0.2,0.4,0.6,0.0,0.0
1719,50,0.4,0.4,0.4,0.4,0.4,0.5,0.6,0.8,0.7
1381,150,0.2,0.2,0.2,0.2,0.3,0.4,0.5,0.0,0.0
920,50,0.3,0.3,0.3,0.3,0.4,0.5,0.7,0.8,0.0
2828,100,0.2,0.2,0.2,0.2,0.3,0.4,0.6,0.0,0.0
7614,50,0.4,0.5,0.5,0.6,0.7,0.8,0.9,0.9,0.0
4085,50,0.4,0.4,0.4,0.4,0.5,0.6,0.8,0.9,0.9
6067,200,0.3,0.3,0.3,0.3,0.4,0.5,0.6,0.8,0.0
611,50,0.7,0.7,0.7,0.7,0.7,0.8,0.8,0.8,0.9
9574,100,0.2,0.2,0.2,0.2,0.3,0.3,0.5,0.7,0.0
8119,50,0.4,0.4,0.4,0.4,0.4,0.5,0.6,0.7,0.8
6403,50,0.3,0.3,0.3,0.3,0.4,0.6,0.7,0.8,0.0
7496,50,0.2,0.3,0.3,0.3,0.4,0.5,0.7,0.9,0.0
9838,200,0.2,0.2,0.2,0.2,0.3,0.4,0.6,0.0,0.0
3665,50,0.2,0.2,0.2,0.2,0.3,0.4,0.5,0.7,0.0
7368,50,0.3,0.3,0.3,0.4,0.5,0.6,0.8,0.0,0.0
5731,350,0.2,0.2,0.2,0.2,0.3,0.4,0.6,0.0,0.0
4745,50,0.4,0.4,0.5,0.5,0.6,0.7,0.8,0.9,0.0
783,100,0.2,0.2,0.2,0.2,0.3,0.4,0.5,0.0,0.0
5326,300,0.1,0.1,0.1,0.2,0.2,0.3,0.5,0.3,0.0
9568,50,0.2,0.2,0.3,0.3,0.3,0.4,0.5,0.7,0.0
4117,50,0.2,0.2,0.2,0.3,0.3,0.4,0.6,0.8,0.0
4087,250,0.1,0.1,0.1,0.2,0.2,0.3,0.5,0.0,0.0
7037,100,0.2,0.2,0.3,0.3,0.3,0.4,0.5,0.6,0.0
3973,50,0.2,0.3,0.3,0.3,0.4,0.5,0.7,0.9,0.0
7073,50,0.4,0.4,0.4,0.4,0.5,0.6,0.7,0.8,0.0
3627,100,0.2,0.2,0.2,0.3,0.3,0.5,0.7,0.0,0.0
6050,50,0.2,0.2,0.2,0.2,0.3,0.4,0.6,0.8,0.0
2727,100,0.2,0.3,0.3,0.3,0.3,0.5,0.6,0.8,0.0
1598,100,0.3,0.3,0.3,0.3,0.3,0.4,0.5,0.7,0.1
6119,150,0.2,0.2,0.2,0.2,0.3,0.4,0.6,0.0,0.0
6825,200,0.3,0.3,0.3,0.3,0.4,0.5,0.6,0.8,0.0
2454,50,0.3,0.4,0.4,0.4,0.5,0.6,0.8,0.9,0.0
2012,50,0.3,0.3,0.4,0.4,0.5,0.6,0.8,0.9,0.0
9224,150,0.2,0.2,0.2,0.3,0.3,0.4,0.6,0.7,0.0
6954,50,0.4,0.4,0.5,0.5,0.5,0.6,0.7,0.9,0.9
7604,50,0.3,0.3,0.3,0.3,0.4,0.5,0.7,0.5,0.0
1383,50,0.5,0.5,0.6,0.6,0.6,0.7,0.8,0.9,0.9
2001,200,0.1,0.2,0.2,0.2,0.2,0.4,0.6,0.0,0.0
5190,100,0.2,0.2,0.2,0.2,0.3,0.4,0.6,0.0,0.0
9343,100,0.2,0.2,0.2,0.3,0.4,0.8,0.9,0.9,0.9
3229,50,0.3,0.4,0.4,0.4,0.5,0.7,0.8,0.9,0.2
4850,100,0.1,0.1,0.2,0.2,0.2,0.4,0.6,0.0,0.0
5947,100,0.2,0.2,0.2,0.2,0.3,0.4,0.7,0.8,0.0
436,50,0.2,0.2,0.2,0.2,0.3,0.5,0.7,0.0,0.0
8559,50,0.4,0.4,0.4,0.5,0.5,0.6,0.7,0.8,0.0
1280,300,0.1,0.1,0.2,0.2,0.3,0.4,0.6,0.0,0.0
6539,100,0.2,0.2,0.2,0.2,0.3,0.3,0.5,0.8,0.0
5463,500,0.1,0.1,0.1,0.1,0.2,0.2,0.4,0.0,0.0
8896,50,0.2,0.2,0.2,0.3,0.4,0.6,0.8,0.0,0.0
678,100,0.4,0.4,0.4,0.4,0.5,0.5,0.6,0.8,0.6
5597,50,0.4,0.4,0.4,0.4,0.4,0.5,0.6,0.8,0.9
5113,50,0.4,0.4,0.4,0.5,0.5,0.6,0.8,0.9,0.9
7096,350,0.3,0.3,0.3,0.4,0.4,0.5,0.6,0.0,0.0
466,50,0.2,0.2,0.2,0.2,0.3,0.4,0.6,0.8,0.0
1106,50,0.3,0.3,0.3,0.3,0.3,0.4,0.5,0.6,0.8
7794,50,0.4,0.4,0.4,0.5,0.5,0.6,0.7,0.9,0.9
1282,100,0.2,0.2,0.2,0.2,0.3,0.5,0.7,0.0,0.0
8104,50,0.2,0.2,0.2,0.2,0.3,0.5,0.8,0.0,0.0
7248,100,0.2,0.2,0.3,0.3,0.3,0.4,0.5,0.7,0.0
9182,50,0.2,0.2,0.2,0.3,0.4,0.5,0.7,0.2,0.0
8624,50,0.3,0.3,0.3,0.4,0.5,0.6,0.8,0.8,0.0
7669,200,0.1,0.2,0.2,0.2,0.2,0.4,0.5,0.0,0.0
253,50,0.4,0.4,0.4,0.4,0.4,0.5,0.6,0.7,0.8
9040,150,0.1,0.1,0.1,0.2,0.2,0.4,0.8,0.9,0.0
6118,50,0.4,0.5,0.5,0.5,0.5,0.6,0.8,0.9,0.9
9798,50,0.3,0.3,0.4,0.4,0.5,0.6,0.8,0.9,0.0
5620,50,0.2,0.2,0.2,0.3,0.3,0.4,0.6,0.8,0.0
7774,300,0.1,0.1,0.2,0.2,0.2,0.4,0.6,0.0,0.0
3553,100,0.4,0.4,0.4,0.4,0.5,0.6,0.7,0.8,0.3
5247,50,0.4,0.4,0.4,0.5,0.6,0.8,0.9,0.5,0.0
7090,50,0.2,0.2,0.2,0.3,0.5,0.8,0.9,1.0,1.0
2958,50,0.5,0.5,0.5,0.5,0.6,0.7,0.8,0.9,0.9
8590,100,0.2,0.2,0.3,0.3,0.4,0.5,0.7,0.1,0.0
8728,250,0.1,0.1,0.1,0.1,0.2,0.3,0.6,0.0,0.0
837,50,0.3,0.4,0.4,0.4,0.4,0.5,0.6,0.8,0.9
4292,2200,0.1,0.1,0.1,0.1,0.2,0.3,0.5,0.0,0.0
593,50,0.4,0.4,0.4,0.4,0.5,0.6,0.7,0.8,0.7
3550,50,0.3,0.3,0.4,0.4,0.4,0.5,0.6,0.8,0.8
5194,50,0.2,0.2,0.2,0.2,0.3,0.7,0.9,0.9,0.9
501,100,0.2,0.2,0.2,0.2,0.3,0.4,0.6,0.4,0.0
6249,50,0.2,0.2,0.3,0.3,0.3,0.4,0.5,0.8,0.1
7753,50,0.3,0.3,0.4,0.4,0.5,0.6,0.7,0.8,0.0
3005,200,0.1,0.1,0.1,0.2,0.2,0.3,0.5,0.0,0.0
1928,50,0.4,0.4,0.4,0.5,0.6,0.8,0.9,0.9,0.9
5090,100,0.2,0.2,0.2,0.2,0.3,0.4,0.7,0.0,0.0
670,50,0.5,0.5,0.5,0.5,0.5,0.5,0.6,0.7,0.8
4853,50,0.3,0.4,0.4,0.4,0.5,0.7,0.8,0.7,0.0
4099,50,0.3,0.3,0.4,0.4,0.5,0.7,0.9,1.0,0.0
3075,50,0.5,0.5,0.5,0.5,0.6,0.7,0.8,0.9,0.0
4807,50,0.2,0.2,0.2,0.3,0.3,0.4,0.6,0.0,0.0
9413,100,0.2,0.3,0.3,0.3,0.3,0.4,0.6,0.8,0.0
5948,50,0.3,0.4,0.4,0.4,0.6,0.7,0.8,0.0,0.0
6299,50,0.3,0.3,0.3,0.4,0.5,0.6,0.7,0.8,0.0
8196,50,0.6,0.6,0.7,0.7,0.8,0.8,0.9,0.9,0.0
5185,50,0.4,0.4,0.4,0.4,0.5,0.5,0.7,0.8,0.8
3252,100,0.1,0.1,0.1,0.2,0.2,0.3,0.6,0.2,0.0
1122,250,0.1,0.2,0.2,0.2,0.3,0.5,0.7,0.0,0.0
4424,100,0.2,0.2,0.2,0.3,0.3,0.5,0.7,0.0,0.0
9089,100,0.3,0.3,0.3,0.3,0.4,0.5,0.6,0.8,0.0
1520,50,0.2,0.3,0.3,0.3,0.5,0.7,0.9,0.1,0.0
8786,50,0.5,0.5,0.5,0.5,0.6,0.6,0.7,0.8,0.9
5355,100,0.2,0.2,0.2,0.2,0.2,0.3,0.4,0.7,0.0
5309,350,0.2,0.2,0.2,0.2,0.3,0.4,0.6,0.0,0.0
8930,50,0.4,0.5,0.5,0.5,0.6,0.7,0.8,0.9,0.0
9481,100,0.2,0.3,0.3,0.3,0.4,0.5,0.6,0.1,0.0
9800,50,0.2,0.2,0.2,0.2,0.4,0.5,0.8,0.3,0.0
7925,100,0.2,0.2,0.2,0.2,0.3,0.4,0.5,0.1,0.0
6433,50,0.3,0.3,0.3,0.3,0.4,0.6,0.7,0.0,0.0
1633,1100,0.2,0.2,0.2,0.2,0.3,0.4,0.7,0.9,0.0
1300,50,0.4,0.4,0.4,0.4,0.5,0.5,0.6,0.8,0.9
9931,150,0.1,0.1,0.1,0.1,0.2,0.4,0.7,0.0,0.0
5754,50,0.6,0.6,0.6,0.6,0.6,0.7,0.7,0.8,0.9
2418,100,0.2,0.2,0.2,0.2,0.2,0.3,0.4,0.7,0.0
7787,50,0.4,0.5,0.5,0.5,0.6,0.7,0.8,0.9,0.9
7312,50,0.2,0.2,0.2,0.3,0.3,0.5,0.6,0.0,0.0
604,100,0.3,0.4,0.4,0.4,0.5,0.6,0.7,0.8,0.0
2344,100,0.3,0.3,0.3,0.3,0.3,0.4,0.5,0.7,0.8
5934,250,0.1,0.1,0.1,0.2,0.2,0.3,0.5,0.0,0.0
8830,100,0.2,0.2,0.2,0.2,0.3,0.4,0.6,0.4,0.0
3548,50,0.3,0.3,0.3,0.3,0.4,0.5,0.7,0.0,0.0
9066,100,0.2,0.2,0.2,0.2,0.3,0.3,0.5,0.7,0.0
5434,50,0.2,0.2,0.2,0.3,0.4,0.6,0.7,0.0,0.0
7783,1150,0.2,0.2,0.2,0.2,0.3,0.4,0.5,0.0,0.0
5328,50,0.2,0.2,0.2,0.3,0.3,0.4,0.6,0.8,0.0
1875,550,0.1,0.1,0.1,0.1,0.2,0.4,0.7,0.0,0.0
3530,100,0.2,0.2,0.2,0.2,0.3,0.5,0.7,0.0,0.0
1333,50,0.3,0.3,0.3,0.3,0.4,0.5,0.6,0.7,0.1
289,50,0.3,0.3,0.3,0.3,0.4,0.5,0.6,0.9,0.9
5777,50,0.6,0.6,0.7,0.7,0.7,0.8,0.9,0.9,0.9
2770,100,0.2,0.2,0.2,0.3,0.3,0.4,0.6,0.9,0.0
8661,50,0.2,0.2,0.2,0.3,0.3,0.4,0.6,0.9,0.0
403,250,0.2,0.2,0.2,0.2,0.3,0.4,0.6,0.0,0.0
6210,150,0.2,0.2,0.2,0.3,0.3,0.5,0.6,0.1,0.0
5860,50,0.4,0.4,0.4,0.4,0.5,0.6,0.8,0.9,0.1
5958,200,0.2,0.2,0.2,0.2,0.2,0.3,0.4,0.0,0.0
4067,50,0.3,0.3,0.3,0.4,0.5,0.7,0.8,0.5,0.0
2328,200,0.1,0.1,0.1,0.2,0.2,0.3,0.5,0.6,0.0
2593,50,0.5,0.5,0.5,0.5,0.6,0.7,0.8,0.9,0.8
103,200,0.1,0.1,0.2,0.2,0.2,0.4,0.6,0.0,0.0
4650,50,0.5,0.5,0.5,0.6,0.7,0.8,0.9,0.0,0.0
9986,550,0.1,0.1,0.2,0.2,0.3,0.4,0.7,0.0,0.0
9311,50,0.2,0.2,0.2,0.2,0.3,0.5,0.9,0.9,0.9
715,400,0.1,0.1,0.1,0.1,0.2,0.3,0.5,0.0,0.0
1398,50,0.4,0.4,0.4,0.4,0.5,0.5,0.6,0.7,0.9
6116,100,0.1,0.1,0.1,0.2,0.3,0.4,0.6,0.0,0.0
9745,500,0.1,0.1,0.1,0.1,0.2,0.3,0.7,0.0,0.0
9960,50,0.3,0.3,0.3,0.3,0.4,0.5,0.7,0.8,0.0
1726,100,0.2,0.2,0.2,0.2,0.3,0.4,0.6,0.8,0.0
7416,50,0.3,0.3,0.3,0.4,0.4,0.5,0.7,0.9,0.2
1605,100,0.1,0.1,0.1,0.1,0.2,0.4,0.7,0.0,0.0
3217,50,0.3,0.3,0.3,0.3,0.3,0.4,0.5,0.8,0.9
1604,150,0.2,0.2,0.3,0.3,0.4,0.5,0.6,0.0,0.0
3307,50,0.2,0.2,0.2,0.3,0.4,0.5,0.7,0.0,0.0
8564,300,0.1,0.2,0.2,0.2,0.2,0.3,0.4,0.4,0.0
6618,100,0.2,0.2,0.2,0.2,0.3,0.4,0.6,0.0,0.0
7056,100,0.1,0.2,0.2,0.2,0.3,0.4,0.6,0.0,0.0
7970,500,0.1,0.1,0.1,0.1,0.2,0.3,0.5,0.0,0.0
3835,50,0.2,0.2,0.3,0.3,0.3,0.4,0.6,0.8,0.0
9935,50,0.2,0.2,0.2,0.2,0.3,0.5,0.7,0.0,0.0
5180,50,0.2,0.3,0.3,0.3,0.4,0.6,0.8,0.0,0.0
4812,100,0.1,0.1,0.2,0.2,0.2,0.3,0.5,0.0,0.0
8936,200,0.1,0.1,0.1,0.2,0.2,0.3,0.5,0.0,0.0
6748,100,0.2,0.2,0.2,0.2,0.3,0.5,0.7,0.0,0.0
7282,50,0.3,0.3,0.3,0.3,0.4,0.5,0.7,0.9,0.0
7083,200,0.1,0.2,0.2,0.2,0.3,0.5,0.7,0.0,0.0
599,50,0.4,0.4,0.4,0.5,0.6,0.8,0.9,0.9,0.0
8018,50,0.3,0.4,0.4,0.4,0.5,0.7,0.8,0.4,0.0
6611,100,0.2,0.2,0.2,0.2,0.3,0.3,0.5,0.7,0.0
7028,50,0.5,0.5,0.5,0.5,0.6,0.8,0.9,0.9,0.9
7717,50,0.2,0.2,0.3,0.3,0.4,0.5,0.6,0.8,0.0
8325,200,0.2,0.2,0.2,0.3,0.3,0.5,0.7,0.0,0.0
3837,50,0.2,0.2,0.2,0.3,0.3,0.4,0.5,0.7,0.0
8102,50,0.3,0.3,0.3,0.3,0.4,0.5,0.6,0.8,0.0
5415,100,0.2,0.2,0.2,0.2,0.3,0.4,0.6,0.0,0.0
6031,50,0.3,0.3,0.3,0.3,0.4,0.4,0.5,0.7,0.7
906,50,0.3,0.3,0.3,0.3,0.3,0.4,0.5,0.8,0.9
4710,100,0.3,0.3,0.3,0.3,0.4,0.5,0.6,0.1,0.0
8308,450,0.2,0.2,0.2,0.2,0.2,0.3,0.4,0.2,0.0
5131,100,0.3,0.3,0.3,0.4,0.4,0.6,0.8,0.0,0.0
2510,50,0.3,0.3,0.3,0.4,0.5,0.6,0.8,0.1,0.0
6486,100,0.1,0.1,0.1,0.1,0.2,0.3,0.5,0.0,0.0
7931,50,0.3,0.3,0.3,0.4,0.5,0.6,0.8,0.3,0.0
6429,200,0.2,0.2,0.3,0.3,0.3,0.5,0.6,0.0,0.0
1060,200,0.2,0.2,0.3,0.3,0.3,0.4,0.5,0.8,0.0
6834,50,0.3,0.3,0.3,0.3,0.4,0.5,0.7,0.9,0.9
1603,50,0.3,0.3,0.4,0.4,0.4,0.5,0.6,0.8,0.9
2568,450,0.2,0.2,0.2,0.2,0.4,0.8,0.9,0.9,0.9
5374,50,0.4,0.4,0.4,0.4,0.5,0.6,0.7,0.9,0.9
1391,100,0.2,0.2,0.3,0.3,0.4,0.5,0.7,0.8,0.0
7306,100,0.3,0.3,0.3,0.3,0.5,0.6,0.9,0.9,0.0
4147,150,0.1,0.1,0.1,0.2,0.2,0.3,0.5,0.1,0.0
3076,450,0.1,0.1,0.1,0.2,0.2,0.3,0.5,0.0,0.0
8255,200,0.1,0.2,0.2,0.2,0.3,0.4,0.7,0.8,0.0
2563,550,0.1,0.1,0.1,0.1,0.2,0.3,0.5,0.0,0.0
4454,100,0.2,0.2,0.2,0.2,0.3,0.4,0.7,0.2,0.0
5395,50,0.2,0.2,0.3,0.3,0.4,0.5,0.7,0.9,0.0
9603,50,0.6,0.6,0.6,0.6,0.7,0.7,0.8,0.9,0.9
3149,400,0.1,0.1,0.1,0.1,0.2,0.3,0.5,0.0,0.0
7413,50,0.3,0.3,0.3,0.3,0.3,0.4,0.4,0.6,0.8
1112,100,0.2,0.2,0.2,0.3,0.4,0.6,0.8,0.0,0.0
1286,50,0.2,0.3,0.3,0.3,0.6,0.9,0.9,0.9,0.9
54,100,0.1,0.1,0.1,0.2,0.2,0.4,0.6,0.0,0.0
3970,150,0.2,0.2,0.3,0.3,0.3,0.5,0.6,0.8,0.0
1426,200,0.2,0.2,0.2,0.2,0.3,0.5,0.6,0.0,0.0
2917,50,0.3,0.3,0.3,0.4,0.5,0.7,0.8,0.0,0.0
4573,100,0.2,0.2,0.2,0.2,0.2,0.3,0.5,0.7,0.0
319,750,0.1,0.1,0.1,0.1,0.2,0.4,0.6,0.0,0.0
589,200,0.2,0.2,0.2,0.2,0.2,0.3,0.5,0.6,0.0
3283,300,0.1,0.1,0.2,0.2,0.3,0.5,0.8,0.8,0.0
6235,500,0.1,0.2,0.2,0.2,0.2,0.4,0.5,0.0,0.0
6180,50,0.2,0.2,0.2,0.2,0.3,0.4,0.6,0.8,0.0
5,50,0.3,0.3,0.4,0.4,0.6,0.8,0.9,0.0,0.0
1820,800,0.1,0.1,0.1,0.2,0.2,0.4,0.5,0.0,0.0
6335,150,0.3,0.3,0.3,0.4,0.4,0.5,0.7,0.5,0.0
7759,50,0.2,0.2,0.2,0.2,0.3,0.4,0.6,0.3,0.0
5462,50,0.4,0.4,0.4,0.4,0.5,0.6,0.7,0.8,0.0
4408,100,0.3,0.3,0.3,0.4,0.4,0.5,0.6,0.8,0.9
2016,50,0.3,0.3,0.3,0.4,0.5,0.7,0.8,0.2,0.0
775,250,0.2,0.3,0.3,0.3,0.4,0.5,0.7,0.0,0.0
3621,50,0.4,0.4,0.4,0.5,0.6,0.7,0.8,0.9,0.0
8637,100,0.1,0.1,0.2,0.2,0.2,0.3,0.4,0.7,0.0
2898,150,0.2,0.2,0.2,0.2,0.3,0.5,0.6,0.0,0.0
1322,50,0.2,0.2,0.2,0.3,0.4,0.5,0.7,0.0,0.0
3180,100,0.1,0.1,0.1,0.2,0.2,0.3,0.5,0.0,0.0
5928,50,0.2,0.2,0.3,0.3,0.4,0.6,0.8,0.0,0.0
2420,50,0.3,0.3,0.4,0.4,0.5,0.6,0.8,0.9,0.4
5890,50,0.5,0.5,0.5,0.6,0.6,0.7,0.8,0.9,0.9
5937,50,0.3,0.3,0.3,0.4,0.5,0.6,0.8,0.9,0.0
5844,150,0.2,0.2,0.2,0.2,0.3,0.4,0.6,0.0,0.0
399,50,0.2,0.3,0.3,0.3,0.3,0.4,0.5,0.3,0.0
2843,150,0.2,0.2,0.2,0.2,0.3,0.4,0.6,0.1,0.0
5026,100,0.2,0.2,0.2,0.2,0.3,0.4,0.6,0.0,0.0
316,200,0.1,0.1,0.1,0.1,0.2,0.3,0.4,0.0,0.0
9702,50,0.3,0.3,0.4,0.4,0.5,0.6,0.7,0.9,0.2
5886,350,0.1,0.1,0.1,0.2,0.2,0.3,0.5,0.0,0.0
801,100,0.1,0.1,0.1,0.2,0.2,0.3,0.5,0.0,0.0
9046,50,0.6,0.6,0.6,0.7,0.7,0.8,0.8,0.8,0.8
4913,50,0.4,0.4,0.4,0.4,0.5,0.7,0.8,0.9,0.0
5114,100,0.2,0.2,0.2,0.2,0.3,0.3,0.5,0.7,0.8
6282,50,0.4,0.4,0.4,0.4,0.5,0.6,0.8,0.5,0.0
530,50,0.4,0.4,0.4,0.4,0.5,0.5,0.6,0.8,0.9
6994,100,0.2,0.2,0.3,0.3,0.4,0.5,0.7,0.0,0.0
8290,200,0.2,0.2,0.2,0.2,0.3,0.4,0.6,0.0,0.0
5661,250,0.2,0.2,0.3,0.3,0.3,0.4,0.6,0.0,0.0
2341,50,0.2,0.2,0.2,0.2,0.3,0.5,0.7,0.1,0.0
7049,50,0.3,0.3,0.4,0.4,0.5,0.6,0.8,0.0,0.0
8705,50,0.4,0.4,0.4,0.5,0.5,0.6,0.8,0.9,0.9
720,100,0.2,0.2,0.2,0.2,0.3,0.4,0.6,0.8,0.0
5906,100,0.2,0.2,0.3,0.3,0.4,0.5,0.7,0.8,0.0
7199,50,0.2,0.2,0.2,0.2,0.3,0.5,0.7,0.0,0.0
1672,150,0.2,0.2,0.2,0.2,0.2,0.3,0.4,0.1,0.0
7378,50,0.4,0.4,0.4,0.4,0.5,0.6,0.7,0.8,0.0
1837,350,0.1,0.1,0.1,0.1,0.2,0.3,0.6,0.0,0.0
370,400,0.1,0.1,0.1,0.1,0.2,0.4,0.7,0.0,0.0
4092,50,0.5,0.5,0.5,0.5,0.6,0.6,0.6,0.7,0.8
1057,50,0.2,0.3,0.3,0.3,0.3,0.4,0.6,0.8,0.0
16,100,0.1,0.1,0.1,0.1,0.2,0.3,0.4,0.1,0.0
7714,50,0.3,0.3,0.3,0.3,0.4,0.5,0.6,0.8,0.0
566,50,0.2,0.3,0.3,0.3,0.4,0.5,0.7,0.8,0.0
9757,250,0.1,0.1,0.1,0.2,0.2,0.4,0.5,0.0,0.0
7029,300,0.1,0.1,0.1,0.2,0.2,0.3,0.5,0.0,0.0
7333,50,0.3,0.3,0.3,0.4,0.5,0.7,0.9,0.9,0.0
5484,150,0.2,0.2,0.2,0.2,0.2,0.3,0.5,0.8,0.0
6222,500,0.1,0.1,0.2,0.2,0.3,0.5,0.7,0.0,0.0
666,100,0.2,0.2,0.2,0.3,0.4,0.6,0.8,0.0,0.0
5718,150,0.2,0.2,0.2,0.2,0.3,0.5,0.7,0.1,0.0
3515,100,0.1,0.1,0.1,0.2,0.2,0.3,0.5,0.7,0.0
5362,50,0.3,0.3,0.3,0.3,0.5,0.7,0.8,0.8,0.0
9871,50,0.4,0.4,0.4,0.5,0.6,0.7,0.8,0.9,0.0
7080,200,0.2,0.2,0.2,0.2,0.3,0.4,0.5,0.0,0.0
6670,100,0.2,0.2,0.2,0.2,0.3,0.3,0.5,0.1,0.0
3468,50,0.2,0.2,0.2,0.2,0.3,0.4,0.6,0.9,0.0
8615,50,0.3,0.3,0.3,0.4,0.5,0.6,0.7,0.9,0.0
3659,150,0.1,0.2,0.2,0.2,0.2,0.3,0.5,0.7,0.0
20,200,0.3,0.3,0.3,0.3,0.3,0.4,0.5,0.8,0.9
6302,50,0.2,0.2,0.2,0.2,0.3,0.6,0.9,0.9,0.9
7681,200,0.1,0.1,0.1,0.2,0.2,0.4,0.5,0.0,0.0
7943,50,0.3,0.3,0.3,0.3,0.4,0.5,0.7,0.8,0.0
428,50,0.3,0.3,0.3,0.4,0.5,0.6,0.9,0.9,0.9
3429,200,0.2,0.2,0.2,0.2,0.2,0.3,0.5,0.7,0.0
3046,150,0.2,0.2,0.3,0.3,0.4,0.6,0.8,0.0,0.0
8182,50,0.4,0.4,0.4,0.4,0.5,0.7,0.8,0.9,0.0
4125,150,0.2,0.2,0.2,0.2,0.2,0.3,0.4,0.7,0.0
6026,300,0.1,0.1,0.1,0.1,0.2,0.3,0.4,0.0,0.0
623,50,0.2,0.2,0.2,0.3,0.4,0.5,0.8,0.5,0.0
2195,50,0.4,0.4,0.4,0.5,0.5,0.6,0.8,0.9,0.9
8913,50,0.4,0.4,0.5,0.5,0.6,0.7,0.8,0.9,0.9
3131,50,0.1,0.1,0.1,0.1,0.2,0.3,0.5,0.0,0.0
3607,50,0.1,0.1,0.2,0.2,0.2,0.4,0.6,0.2,0.0
3589,450,0.1,0.1,0.1,0.1,0.2,0.3,0.5,0.0,0.0
8148,100,0.3,0.3,0.3,0.3,0.4,0.5,0.7,0.1,0.0
3465,150,0.1,0.1,0.1,0.2,0.3,0.4,0.7,0.0,0.0
201,50,0.2,0.2,0.2,0.2,0.2,0.4,0.6,0.8,0.0
2068,100,0.3,0.3,0.3,0.3,0.4,0.6,0.7,0.1,0.0
3697,100,0.2,0.2,0.2,0.2,0.3,0.4,0.5,0.4,0.0
5178,100,0.2,0.2,0.2,0.3,0.3,0.5,0.8,0.9,0.0
5881,200,0.1,0.1,0.1,0.2,0.3,0.7,0.9,0.9,0.9
2480,300,0.2,0.2,0.2,0.3,0.3,0.5,0.6,0.1,0.0
9320,50,0.3,0.3,0.3,0.4,0.4,0.6,0.7,0.1,0.0
4155,50,0.2,0.2,0.2,0.2,0.3,0.4,0.6,0.8,0.0
5875,50,0.3,0.3,0.3,0.3,0.4,0.4,0.5,0.6,0.8
7744,200,0.2,0.2,0.3,0.3,0.3,0.4,0.5,0.8,0.2
7904,50,0.3,0.3,0.3,0.3,0.5,0.8,0.9,0.9,0.9
2940,50,0.6,0.6,0.6,0.6,0.6,0.6,0.6,0.7,0.8
5834,150,0.1,0.1,0.1,0.1,0.2,0.4,0.6,0.0,0.0
6377,50,0.5,0.5,0.5,0.5,0.6,0.7,0.8,0.9,0.0
9034,50,0.2,0.3,0.3,0.3,0.5,0.7,0.8,0.0,0.0
8099,100,0.2,0.3,0.3,0.3,0.3,0.5,0.7,0.9,0.9
2194,50,0.5,0.5,0.5,0.5,0.6,0.7,0.8,0.9,0.0
4653,100,0.2,0.2,0.2,0.2,0.3,0.4,0.7,0.0,0.0
3974,200,0.2,0.2,0.2,0.2,0.3,0.5,0.7,0.0,0.0
8648,100,0.2,0.2,0.2,0.2,0.3,0.4,0.6,0.3,0.0
440,100,0.2,0.2,0.2,0.3,0.3,0.5,0.6,0.0,0.0
8097,50,0.2,0.2,0.3,0.3,0.4,0.6,0.7,0.0,0.0
1611,50,0.2,0.2,0.2,0.2,0.3,0.5,0.7,0.1,0.0
3496,50,0.2,0.2,0.2,0.3,0.3,0.5,0.6,0.8,0.0
1639,50,0.5,0.5,0.5,0.5,0.6,0.7,0.8,0.9,0.9
7,50,0.1,0.1,0.1,0.2,0.2,0.3,0.5,0.0,0.0
8920,50,0.2,0.2,0.2,0.3,0.4,0.5,0.6,0.2,0.0
7366,100,0.2,0.2,0.2,0.2,0.3,0.4,0.6,0.8,0.0
4854,100,0.2,0.2,0.2,0.2,0.3,0.3,0.5,0.7,0.0
3049,50,0.3,0.3,0.4,0.4,0.6,0.7,0.8,0.0,0.0
5209,100,0.1,0.1,0.1,0.1,0.2,0.4,0.6,0.0,0.0
9802,50,0.3,0.3,0.3,0.3,0.4,0.4,0.5,0.7,0.8
5156,100,0.3,0.3,0.4,0.4,0.4,0.5,0.7,0.8,0.9
519,100,0.3,0.4,0.4,0.4,0.4,0.5,0.6,0.8,0.0
1488,50,0.3,0.3,0.3,0.3,0.4,0.4,0.6,0.7,0.0
9105,50,0.8,0.8,0.8,0.8,0.9,0.9,0.9,0.8,0.0
6857,100,0.3,0.3,0.3,0.3,0.4,0.4,0.5,0.7,0.8
7350,150,0.1,0.2,0.2,0.2,0.3,0.5,0.8,0.0,0.0
2769,50,0.2,0.3,0.3,0.3,0.4,0.5,0.7,0.8,0.0
5396,100,0.2,0.2,0.2,0.2,0.3,0.4,0.6,0.9,0.0
5276,300,0.1,0.1,0.1,0.2,0.2,0.4,0.6,0.0,0.0
6209,50,0.4,0.4,0.5,0.5,0.6,0.8,0.9,0.9,0.9
416,150,0.2,0.2,0.2,0.2,0.3,0.4,0.6,0.4,0.0
3277,200,0.1,0.2,0.2,0.2,0.3,0.5,0.7,0.0,0.0
6124,50,0.6,0.6,0.6,0.6,0.7,0.8,0.8,0.9,0.1
6291,50,0.2,0.2,0.3,0.3,0.3,0.4,0.6,0.8,0.0
5691,50,0.2,0.2,0.3,0.3,0.4,0.5,0.7,0.2,0.0
3975,50,0.2,0.2,0.2,0.3,0.3,0.3,0.4,0.6,0.8
5861,100,0.2,0.2,0.2,0.2,0.3,0.4,0.5,0.7,0.0
798,50,0.2,0.2,0.2,0.3,0.3,0.5,0.7,0.7,0.0
6053,100,0.1,0.1,0.1,0.1,0.2,0.3,0.4,0.4,0.0
1071,150,0.2,0.2,0.2,0.3,0.3,0.4,0.6,0.2,0.0
3258,50,0.2,0.2,0.2,0.2,0.5,0.9,0.9,0.9,0.9
9024,100,0.2,0.2,0.2,0.3,0.3,0.4,0.6,0.7,0.0
8927,100,0.2,0.2,0.2,0.2,0.3,0.5,0.7,0.0,0.0
2760,50,0.2,0.2,0.3,0.3,0.4,0.5,0.7,0.1,0.0
2049,250,0.5,0.5,0.5,0.5,0.6,0.7,0.8,0.9,0.0
3543,50,0.4,0.4,0.4,0.5,0.6,0.7,0.8,0.9,0.0
8260,50,0.3,0.3,0.3,0.3,0.4,0.5,0.7,0.1,0.0
8357,1600,0.1,0.1,0.2,0.2,0.3,0.4,0.6,0.0,0.0
898,100,0.2,0.2,0.2,0.2,0.3,0.5,0.7,0.0,0.0
8706,850,0.1,0.1,0.1,0.2,0.2,0.3,0.5,0.0,0.0
5684,100,0.2,0.2,0.2,0.2,0.3,0.4,0.6,0.3,0.0
8117,50,0.3,0.3,0.3,0.3,0.4,0.5,0.7,0.8,0.0
7016,1000,0.1,0.1,0.2,0.2,0.3,0.4,0.6,0.0,0.0
9254,50,0.3,0.3,0.3,0.3,0.4,0.6,0.8,0.0,0.0
8730,50,0.2,0.3,0.3,0.3,0.4,0.6,0.8,0.8,0.0
7047,50,0.2,0.2,0.2,0.3,0.3,0.4,0.6,0.8,0.0
4980,100,0.4,0.4,0.4,0.5,0.5,0.7,0.8,0.9,0.0
8157,250,0.2,0.2,0.2,0.2,0.3,0.5,0.7,0.0,0.0
8993,50,0.4,0.4,0.4,0.4,0.5,0.6,0.7,0.8,0.0
472,300,0.2,0.2,0.2,0.3,0.4,0.5,0.7,0.0,0.0
1465,50,0.3,0.3,0.3,0.3,0.4,0.5,0.6,0.8,0.9
838,50,0.2,0.2,0.3,0.3,0.4,0.5,0.7,0.8,0.0
4018,100,0.1,0.1,0.2,0.2,0.2,0.3,0.5,0.0,0.0
3645,150,0.2,0.2,0.3,0.3,0.4,0.6,0.8,0.0,0.0
9604,50,0.4,0.4,0.4,0.4,0.5,0.6,0.7,0.8,0.9
7896,50,0.3,0.3,0.3,0.3,0.4,0.5,0.7,0.8,0.0
9714,100,0.1,0.1,0.1,0.2,0.3,0.5,0.7,0.0,0.0
7526,50,0.5,0.5,0.6,0.6,0.7,0.7,0.8,0.9,0.9
700,100,0.2,0.2,0.2,0.2,0.3,0.4,0.5,0.0,0.0
9694,50,0.6,0.6,0.6,0.6,0.7,0.8,0.8,0.9,0.9
6414,50,0.2,0.2,0.2,0.3,0.3,0.4,0.6,0.8,0.0
5827,50,0.5,0.6,0.6,0.6,0.6,0.7,0.7,0.9,0.9
6339,100,0.1,0.1,0.2,0.2,0.3,0.4,0.6,0.0,0.0
8715,300,0.1,0.1,0.2,0.2,0.3,0.4,0.7,0.0,0.0
1065,100,0.2,0.2,0.2,0.2,0.3,0.4,0.6,0.8,0.0
475,50,0.3,0.3,0.3,0.3,0.4,0.4,0.5,0.6,0.8
9,50,0.2,0.2,0.2,0.2,0.3,0.4,0.5,0.7,0.0
4566,150,0.1,0.1,0.1,0.2,0.2,0.4,0.6,0.0,0.0
582,50,0.3,0.3,0.3,0.3,0.4,0.5,0.6,0.0,0.0
3600,50,0.5,0.5,0.5,0.6,0.6,0.7,0.8,0.9,0.9
5969,150,0.2,0.2,0.2,0.2,0.3,0.5,0.7,0.0,0.0
85,50,0.4,0.4,0.4,0.4,0.6,0.7,0.8,0.9,0.0
585,50,0.3,0.3,0.3,0.4,0.5,0.6,0.8,0.0,0.0
1846,100,0.2,0.3,0.3,0.3,0.4,0.5,0.7,0.1,0.0
6827,50,0.4,0.4,0.4,0.5,0.6,0.8,0.9,1.0,1.0
4455,50,0.2,0.3,0.3,0.3,0.4,0.7,0.9,0.9,0.0
2008,50,0.4,0.4,0.4,0.4,0.5,0.6,0.8,0.9,0.0
9725,150,0.1,0.1,0.2,0.2,0.3,0.7,0.9,0.9,0.9
6616,100,0.1,0.2,0.2,0.2,0.2,0.3,0.4,0.6,0.0
6546,150,0.2,0.2,0.2,0.2,0.2,0.3,0.5,0.7,0.0
5350,800,0.1,0.1,0.2,0.2,0.3,0.4,0.6,0.0,0.0
9833,150,0.2,0.2,0.2,0.2,0.3,0.5,0.6,0.0,0.0
9490,950,0.1,0.1,0.1,0.1,0.2,0.4,0.6,0.0,0.0
325,100,0.5,0.5,0.5,0.5,0.5,0.5,0.6,0.8,0.9
2621,100,0.3,0.3,0.3,0.4,0.5,0.7,0.8,0.0,0.0
8725,100,0.2,0.2,0.2,0.2,0.3,0.5,0.8,0.9,0.0
8011,100,0.2,0.2,0.2,0.2,0.3,0.5,0.7,0.0,0.0
3573,250,0.3,0.3,0.3,0.3,0.4,0.4,0.6,0.7,0.0
9099,150,0.2,0.2,0.2,0.2,0.3,0.3,0.5,0.7,0.0
4081,50,0.3,0.3,0.3,0.3,0.4,0.6,0.8,0.0,0.0
1296,50,0.3,0.3,0.3,0.3,0.4,0.5,0.7,0.8,0.0
8977,300,0.2,0.2,0.2,0.2,0.3,0.4,0.7,0.4,0.0
6549,450,0.1,0.1,0.1,0.1,0.2,0.3,0.5,0.0,0.0
8501,100,0.3,0.4,0.4,0.4,0.4,0.5,0.6,0.8,0.0
38,100,0.4,0.4,0.4,0.4,0.5,0.6,0.7,0.9,0.0
4598,50,0.2,0.2,0.2,0.3,0.3,0.4,0.6,0.8,0.0
2249,50,0.3,0.3,0.3,0.4,0.4,0.5,0.7,0.8,0.1
312,100,0.3,0.3,0.3,0.3,0.3,0.4,0.6,0.8,0.0
5085,50,0.2,0.2,0.2,0.2,0.3,0.5,0.7,0.0,0.0
107,50,0.3,0.3,0.3,0.4,0.4,0.4,0.5,0.6,0.7
22,50,0.3,0.3,0.3,0.3,0.4,0.4,0.5,0.7,0.8
1349,50,0.3,0.3,0.3,0.3,0.4,0.5,0.7,0.8,0.1
2461,50,0.3,0.4,0.4,0.5,0.6,0.8,0.9,0.8,0.0
6617,50,0.4,0.4,0.4,0.4,0.4,0.5,0.6,0.8,0.9
2736,100,0.1,0.1,0.1,0.2,0.2,0.4,0.5,0.0,0.0
724,50,0.3,0.3,0.3,0.3,0.4,0.5,0.7,0.9,0.9
200,100,0.2,0.2,0.2,0.2,0.3,0.4,0.6,0.0,0.0
151,50,0.5,0.5,0.5,0.6,0.7,0.8,0.9,0.9,0.9
7993,300,0.2,0.2,0.2,0.2,0.3,0.4,0.6,0.0,0.0
3920,3600,0.1,0.1,0.1,0.1,0.2,0.4,0.6,0.0,0.0
9558,50,0.3,0.3,0.3,0.4,0.4,0.5,0.7,0.8,0.0
9632,250,0.1,0.1,0.1,0.2,0.2,0.3,0.5,0.3,0.0
9184,50,0.3,0.3,0.3,0.4,0.4,0.5,0.7,0.8,0.0
2730,100,0.2,0.2,0.2,0.2,0.3,0.4,0.6,0.8,0.0
1700,50,0.1,0.2,0.2,0.2,0.3,0.4,0.7,0.0,0.0
2520,50,0.5,0.5,0.5,0.5,0.6,0.7,0.8,0.9,0.9
8442,100,0.1,0.1,0.2,0.2,0.2,0.3,0.5,0.0,0.0
5625,50,0.4,0.5,0.5,0.5,0.6,0.8,0.9,0.9,0.9
5371,50,0.4,0.4,0.4,0.4,0.4,0.5,0.5,0.5,0.6
8800,250,0.1,0.1,0.2,0.2,0.3,0.4,0.6,0.0,0.0
8477,100,0.2,0.2,0.2,0.3,0.3,0.5,0.6,0.0,0.0
5125,50,0.3,0.3,0.3,0.4,0.4,0.5,0.6,0.8,0.0
8298,100,0.1,0.1,0.1,0.2,0.2,0.3,0.5,0.0,0.0
5205,100,0.3,0.3,0.3,0.3,0.4,0.6,0.7,0.8,0.0
198,50,0.5,0.5,0.5,0.5,0.6,0.7,0.8,1.0,1.0
6865,250,0.1,0.1,0.1,0.1,0.2,0.3,0.5,0.0,0.0
9032,100,0.2,0.2,0.2,0.2,0.3,0.4,0.6,0.0,0.0
5403,50,0.4,0.5,0.5,0.6,0.7,0.8,0.9,0.0,0.0
4372,50,0.1,0.2,0.2,0.2,0.2,0.3,0.5,0.7,0.0
4183,50,0.2,0.2,0.2,0.3,0.4,0.5,0.6,0.1,0.0
2014,50,0.1,0.2,0.2,0.2,0.3,0.4,0.6,0.0,0.0
4143,50,0.3,0.3,0.3,0.3,0.4,0.5,0.6,0.8,0.2
9680,400,0.1,0.1,0.1,0.1,0.2,0.4,0.7,0.0,0.0
1709,50,0.4,0.4,0.4,0.4,0.5,0.5,0.7,0.8,0.3
7739,50,0.4,0.4,0.4,0.4,0.5,0.6,0.7,0.9,0.3
9773,100,0.2,0.2,0.2,0.2,0.3,0.4,0.5,0.7,0.0
3309,400,0.2,0.2,0.2,0.2,0.3,0.4,0.6,0.1,0.0
7122,300,0.2,0.2,0.2,0.2,0.3,0.4,0.6,0.0,0.0
7045,250,0.2,0.2,0.2,0.2,0.3,0.4,0.5,0.0,0.0
602,200,0.2,0.2,0.2,0.2,0.3,0.5,0.8,0.0,0.0
6949,100,0.2,0.2,0.2,0.3,0.3,0.4,0.6,0.8,0.0
8212,50,0.3,0.3,0.3,0.3,0.4,0.5,0.7,0.1,0.0
5748,100,0.2,0.2,0.2,0.2,0.3,0.4,0.6,0.0,0.0
8621,50,0.5,0.5,0.5,0.5,0.6,0.6,0.6,0.8,0.8
1150,100,0.2,0.2,0.2,0.2,0.2,0.3,0.4,0.6,0.0
5576,100,0.3,0.3,0.3,0.3,0.4,0.5,0.6,0.4,0.0
3443,50,0.3,0.4,0.4,0.4,0.4,0.5,0.6,0.8,0.8
9329,100,0.3,0.3,0.3,0.3,0.4,0.5,0.6,0.8,0.0
5668,50,0.3,0.4,0.4,0.5,0.6,0.8,0.9,1.0,0.0
3502,50,0.3,0.3,0.3,0.3,0.3,0.4,0.5,0.8,0.9
5523,300,0.1,0.1,0.2,0.2,0.3,0.4,0.6,0.0,0.0
680,100,0.1,0.2,0.2,0.2,0.2,0.4,0.5,0.0,0.0
1077,50,0.2,0.2,0.2,0.2,0.3,0.4,0.6,0.0,0.0
2706,50,0.3,0.3,0.3,0.3,0.4,0.4,0.6,0.7,0.0
8320,200,0.2,0.2,0.2,0.2,0.3,0.4,0.6,0.0,0.0
1980,50,0.2,0.2,0.2,0.3,0.3,0.4,0.6,0.7,0.0
4269,200,0.1,0.2,0.2,0.2,0.2,0.3,0.5,0.8,0.0
6868,100,0.3,0.3,0.3,0.3,0.3,0.4,0.5,0.8,0.2
4920,100,0.2,0.2,0.2,0.2,0.3,0.4,0.6,0.0,0.0
3686,100,0.3,0.3,0.3,0.3,0.4,0.5,0.7,0.0,0.0
9087,300,0.1,0.1,0.2,0.2,0.2,0.3,0.5,0.4,0.0
377,50,0.5,0.5,0.5,0.5,0.7,0.8,0.9,1.0,1.0
6287,100,0.3,0.3,0.3,0.3,0.4,0.5,0.6,0.8,0.0
5950,50,0.2,0.2,0.2,0.2,0.3,0.4,0.5,0.8,0.0
479,100,0.2,0.2,0.3,0.3,0.3,0.4,0.6,0.8,0.0
8956,50,0.2,0.2,0.2,0.2,0.3,0.4,0.5,0.7,0.0
9346,50,0.2,0.2,0.2,0.3,0.4,0.5,0.7,0.9,0.0
5968,50,0.5,0.5,0.5,0.6,0.7,0.7,0.8,0.9,0.2
4384,50,0.2,0.2,0.2,0.3,0.3,0.4,0.6,0.8,0.0
8587,50,0.5,0.5,0.5,0.5,0.6,0.7,0.8,0.9,0.9
929,50,0.3,0.3,0.3,0.3,0.4,0.5,0.6,0.8,0.1
6495,100,0.3,0.3,0.3,0.3,0.3,0.4,0.5,0.8,0.9
7664,50,0.2,0.3,0.3,0.3,0.4,0.6,0.7,0.0,0.0
6364,100,0.2,0.2,0.2,0.2,0.3,0.5,0.8,0.9,0.0
9925,100,0.3,0.3,0.3,0.4,0.5,0.6,0.7,0.0,0.0
2677,50,0.4,0.4,0.4,0.4,0.5,0.7,0.8,0.0,0.0
733,100,0.3,0.3,0.3,0.3,0.4,0.4,0.5,0.7,0.4
3506,100,0.2,0.2,0.2,0.2,0.3,0.4,0.6,0.8,0.0
5639,50,0.4,0.4,0.4,0.4,0.5,0.7,0.8,0.0,0.0
6338,100,0.2,0.2,0.2,0.3,0.3,0.5,0.7,0.8,0.0
7432,50,0.4,0.4,0.4,0.5,0.6,0.7,0.8,0.9,0.2
7419,50,0.3,0.4,0.4,0.4,0.5,0.6,0.7,0.8,0.0
3302,100,0.2,0.2,0.2,0.3,0.3,0.5,0.6,0.0,0.0
3462,800,0.2,0.2,0.2,0.2,0.4,0.5,0.7,0.0,0.0
4987,50,0.2,0.2,0.2,0.2,0.3,0.4,0.6,0.9,0.0
6840,50,0.2,0.2,0.2,0.2,0.3,0.4,0.6,0.0,0.0
6044,50,0.2,0.2,0.3,0.3,0.4,0.6,0.9,0.9,0.9
5028,50,0.3,0.3,0.3,0.3,0.4,0.6,0.8,0.5,0.0
9085,50,0.5,0.5,0.5,0.5,0.6,0.7,0.8,0.9,0.9
6737,150,0.1,0.1,0.1,0.2,0.2,0.4,0.7,0.0,0.0
5876,50,0.2,0.2,0.2,0.3,0.3,0.4,0.6,0.8,0.0
2140,50,0.4,0.4,0.4,0.5,0.6,0.7,0.9,0.9,0.0
418,50,0.3,0.3,0.3,0.4,0.4,0.5,0.6,0.8,0.0
1037,100,0.2,0.2,0.2,0.3,0.4,0.5,0.7,0.0,0.0
5518,50,0.3,0.3,0.3,0.3,0.3,0.4,0.7,0.9,0.9
3679,50,0.2,0.2,0.3,0.3,0.4,0.6,0.8,0.0,0.0
9561,50,0.2,0.2,0.2,0.3,0.3,0.3,0.4,0.6,0.7
3315,50,0.3,0.3,0.3,0.4,0.5,0.7,0.9,0.1,0.0
8573,100,0.1,0.2,0.2,0.2,0.2,0.3,0.4,0.7,0.0
9655,50,0.2,0.2,0.3,0.3,0.4,0.5,0.7,0.9,0.0
3098,50,0.2,0.2,0.2,0.2,0.3,0.3,0.5,0.6,0.0
7230,50,0.3,0.3,0.3,0.3,0.4,0.5,0.7,0.2,0.0
3032,50,0.4,0.4,0.4,0.5,0.6,0.7,0.9,0.9,0.0
2070,100,0.2,0.2,0.2,0.2,0.3,0.5,0.7,0.0,0.0
4919,50,0.5,0.5,0.5,0.5,0.5,0.5,0.6,0.7,0.8
8613,300,0.1,0.1,0.1,0.2,0.3,0.5,0.8,0.0,0.0
4385,50,0.2,0.2,0.2,0.3,0.3,0.5,0.7,0.5,0.0
4327,100,0.2,0.2,0.3,0.3,0.4,0.5,0.7,0.9,0.0
5245,50,0.3,0.3,0.3,0.4,0.5,0.7,0.9,0.0,0.0
1906,250,0.2,0.2,0.2,0.2,0.3,0.4,0.6,0.0,0.0
641,200,0.2,0.2,0.2,0.2,0.2,0.3,0.5,0.5,0.0
5622,1950,0.2,0.2,0.2,0.2,0.3,0.4,0.6,0.0,0.0
5926,50,0.3,0.3,0.3,0.3,0.4,0.5,0.6,0.9,0.1
7065,700,0.1,0.1,0.2,0.2,0.2,0.3,0.6,0.0,0.0
5929,600,0.1,0.2,0.2,0.2,0.3,0.4,0.6,0.0,0.0
286,250,0.1,0.1,0.1,0.1,0.2,0.3,0.5,0.0,0.0
895,500,0.1,0.1,0.1,0.2,0.2,0.4,0.7,0.0,0.0
1565,250,0.1,0.1,0.1,0.2,0.2,0.3,0.5,0.0,0.0
6980,250,0.1,0.1,0.1,0.2,0.2,0.3,0.5,0.0,0.0
1402,50,0.2,0.2,0.2,0.2,0.3,0.4,0.6,0.0,0.0
