query_idx,M,m,RV,ef_true,recall_at_ef_true
1730,1.08915,21.7821,0.12888,4200,1
3464,0.959207,19.1716,0.140521,1600,1
662,0.853046,22.2192,0.16691,800,1
6236,1.0689,36.5248,0.0881912,1300,1
9488,0.880026,19.4356,0.179675,350,1
2113,0.727841,13.0702,0.400801,50,1
457,0.704974,12.2976,0.25551,100,1
2411,0.724973,9.2484,0.251879,50,1
3127,0.376753,17.4377,0.448498,50,1
758,0.924171,15.7012,0.179997,200,1
3863,0.468073,8.82217,0.409485,50,1
7848,1.12434,30.0239,0.161819,1300,1
1537,0.926403,20.659,0.0955225,1800,1
8819,0.322595,6.14887,0.467743,50,1
3537,1.00198,20.9486,0.122964,2250,1
2606,0.742414,20.4867,0.292559,50,1
7810,1.0486,26.5425,0.143416,2200,1
8934,0.384446,5.05936,0.528655,50,1
5896,0.897231,19.7765,0.232079,100,1
6485,0.466239,10.224,0.254208,150,1
2463,0.751984,17.8571,0.253234,150,1
9611,0.411699,16.3555,0.503017,50,1
8876,0.958246,26.2177,0.170105,400,1
4629,1.06651,16.5448,0.124216,850,1
5430,0.692546,10.0129,0.410581,50,1
1327,0.845369,29.1557,0.150827,400,1
3742,0.488622,6.07979,0.47261,50,1
409,0.94516,19.1886,0.123827,5000,0.9
3272,0.334429,6.62429,0.596465,50,1
1207,1.17193,35.3028,0.105626,3450,1
9981,0.424683,4.72843,0.369949,50,1
8017,0.524641,19.6663,0.319186,100,1
6689,0.671987,17.0263,0.303389,150,1
26,0.608965,16.644,0.303992,100,1
9529,0.894429,19.3999,0.158416,2950,1
4768,0.324472,5.2677,0.565706,50,1
7856,0.95207,15.559,0.160154,600,1
3287,0.891294,22.6859,0.137091,2150,1
2192,0.724217,15.0197,0.316218,100,1
7713,0.70235,14.966,0.290774,100,1
7057,0.629541,13.5065,0.266234,250,1
3714,0.730658,16.6258,0.286418,100,1
9552,0.930232,15.1499,0.194362,100,1
1544,0.742727,14.8292,0.285056,50,1
3294,0.839939,16.6855,0.311663,100,1
1193,0.928421,21.1134,0.303803,300,1
4826,0.41095,18.534,0.311633,100,1
2631,1.073,19.7796,0.190084,2600,1
2111,0.419925,6.85002,0.480868,50,1
8093,0.558495,9.98025,0.204423,1650,1
4581,0.605834,12.316,0.273949,350,1
5049,0.642076,11.8929,0.263316,50,1
5446,0.826508,15.5088,0.259208,550,1
8484,0.874069,18.0385,0.344715,50,1
3885,0.591574,10.345,0.344339,50,1
5098,0.143733,3.19203,0.379499,50,1
8008,0.897022,17.8968,0.242747,2650,1
4623,0.433389,8.54914,0.411805,50,1
3733,0.953348,20.3047,0.129995,1300,1
7324,0.877273,20.2108,0.161247,300,1
6711,1.04167,24.4089,0.194649,900,1
2966,0.931627,27.8426,0.226571,2700,1
5217,0.871944,20.4999,0.288969,100,1
3812,0.919127,19.626,0.254171,50,1
2822,0.824993,19.8608,0.226537,200,1
8276,0.663171,18.2001,0.254535,150,1
2987,0.371799,5.18935,0.499114,50,1
3868,0.973716,21.8834,0.110777,2350,1
1926,1.10889,24.9358,0.114308,900,1
1351,0.280923,6.00297,0.468193,50,1
2107,0.929501,20.7572,0.181684,150,1
3453,0.940131,18.8553,0.1737,1200,1
3674,0.618361,11.177,0.303102,50,1
7538,0.637992,13.8746,0.161818,450,1
4350,0.655048,13.4387,0.225335,200,1
8998,0.999125,20.0737,0.122665,1950,1
5097,0.619677,16.1279,0.258651,50,1
2718,0.598526,9.59246,0.384414,50,1
4543,0.394876,16.9804,0.583046,100,1
8877,0.489018,9.60653,0.511801,50,1
2836,0.386267,18.7985,0.507086,50,1
8791,0.706691,15.3057,0.314648,100,1
2782,0.671264,12.7426,0.405729,50,1
1279,0.632311,15.807,0.26402,50,1
6442,0.856467,13.8955,0.31772,50,1
1447,0.842499,23.2192,0.141026,900,1
2872,0.781466,19.6777,0.166436,2200,1
6269,0.908804,15.6793,0.291897,100,1
7302,0.717678,11.2727,0.53236,50,1
9793,0.783571,22.2097,0.286678,300,1
5191,0.695249,14.5002,0.445206,50,1
4608,1.03002,17.9788,0.129127,5000,0.8
1999,0.886863,16.1991,0.168676,650,1
1023,1.04703,29.4093,0.102736,3100,1
9225,0.736419,26.5786,0.259815,950,1
2391,0.786377,18.2798,0.204171,700,1
1874,0.846481,23.4233,0.223042,200,1
9114,0.287067,4.53871,0.51746,50,1
8238,0.674237,14.7742,0.268647,50,1
4265,0.837067,18.2419,0.214846,100,1
9495,0.859606,18.9695,0.153231,300,1
3682,0.489117,8.15678,0.473038,50,1
6974,0.654498,11.083,0.460064,100,1
6453,0.957446,22.8825,0.160718,200,1
8476,0.844664,18.7745,0.106161,900,1
2309,0.609348,8.34982,0.540828,50,1
8263,0.616067,9.80253,0.31197,50,1
6020,0.482092,8.30372,0.469376,50,1
1216,0.461174,9.33761,0.319452,100,1
1012,0.786192,15.56,0.239963,50,1
5012,1.05024,23.0229,0.207994,1650,1
1339,0.622262,16.9984,0.449316,50,1
7181,0.903896,24.9406,0.198654,150,1
4233,0.987345,23.3059,0.119197,300,1
8649,0.790951,10.8661,0.239426,150,1
2926,0.893423,23.6473,0.186148,150,1
5022,0.724909,10.9005,0.134023,4100,1
5286,0.580242,14.0077,0.292227,100,1
9916,0.732293,16.5896,0.201955,100,1
6785,0.449493,9.06872,0.478694,50,1
3300,0.740445,11.594,0.360284,50,1
555,0.588423,15.2901,0.402948,50,1
3444,0.723272,13.1752,0.121926,1450,1
315,0.755359,13.4964,0.462743,250,1
563,0.863531,19.4517,0.251338,200,1
9629,0.824941,15.6877,0.249407,50,1
9523,0.560401,13.2444,0.439398,50,1
6979,0.978095,24.9515,0.135759,200,1
9468,0.610345,8.75942,0.253173,50,1
2544,0.830286,12.8688,0.160212,250,1
5333,0.897756,20.3643,0.296264,100,1
9877,0.711863,12.3495,0.246921,50,1
687,0.348063,9.31182,0.413726,100,1
7068,0.858562,21.6434,0.129791,3050,1
2754,0.989912,22.4895,0.156348,800,1
8126,0.558223,7.26819,0.214949,50,1
8440,0.620001,16.0192,0.362749,150,1
4217,0.860377,19.2728,0.154265,1050,1
1925,0.500285,10.2571,0.374022,50,1
6106,0.817115,16.3261,0.267098,100,1
9166,0.848767,14.4272,0.33236,50,1
4397,0.508832,8.97083,0.550238,50,1
6060,1.11187,19.3178,0.136225,3950,1
8971,0.350596,12.5328,0.525737,50,1
2060,1.04868,21.9851,0.107467,1900,1
2565,0.387459,11.9837,0.728245,50,1
4522,0.620058,27.8303,0.282376,150,1
1573,0.787226,11.8289,0.34013,50,1
9555,0.857908,18.9954,0.274706,100,1
4524,0.3698,6.22036,0.257548,50,1
6186,1.0046,22.6582,0.115022,600,1
1509,0.919232,19.6014,0.165503,1600,1
8049,0.926042,18.9606,0.196249,200,1
6896,0.590368,12.7058,0.447766,100,1
1771,0.932958,17.7415,0.148986,5000,0.9
5379,0.477457,7.27334,0.409201,50,1
3401,0.709085,12.455,0.45932,100,1
1347,0.994257,20.5795,0.219278,1050,1
3745,0.863576,16.2568,0.418303,50,1
2556,0.755492,11.8988,0.339448,50,1
3254,0.420247,6.7432,0.280997,50,1
5042,0.819047,17.8846,0.246011,200,1
4724,0.855927,14.8312,0.268973,150,1
9449,0.494157,6.53908,0.349284,50,1
9115,0.984323,27.3339,0.225777,950,1
938,1.06625,23.2978,0.207494,1750,1
8623,0.533269,8.95605,0.398701,50,1
5933,0.849328,23.1392,0.261883,50,1
2137,1.01955,26.6585,0.116983,550,1
273,0.826258,13.2888,0.207526,50,1
7782,0.732151,19.3306,0.360577,50,1
503,0.507558,6.9761,0.316299,50,1
872,0.513609,19.9176,0.302107,50,1
9059,0.38044,6.3964,0.430857,50,1
4510,0.648411,13.7693,0.246136,200,1
1585,0.645444,10.0038,0.349263,50,1
6542,0.993449,23.6097,0.315119,650,1
3549,0.890615,15.162,0.226944,100,1
9332,0.994544,29.2439,0.266844,150,1
488,1.07704,26.244,0.117083,950,1
7214,0.376166,17.6359,0.397415,50,1
5018,0.493615,6.20417,0.365654,50,1
8314,0.899931,17.6732,0.330818,50,1
9257,1.14755,27.7772,0.112583,2850,1
141,0.625207,12.4086,0.491323,50,1
4595,0.850817,15.0697,0.240897,50,1
5695,1.11845,30.8415,0.118868,1500,1
4579,0.880116,16.0846,0.172277,3200,1
7527,0.595231,10.441,0.178061,50,1
9321,0.42862,18.4585,0.377638,100,1
239,0.886919,15.427,0.129697,650,1
5485,0.860013,14.155,0.24603,150,1
4188,0.580256,13.0457,0.25153,50,1
7689,0.878009,19.6451,0.223314,100,1
1027,0.229736,5.92384,0.498726,50,1
9496,0.414222,6.04755,0.533954,50,1
6090,0.464342,13.6002,0.386954,100,1
4702,0.922799,25.0085,0.145935,300,1
7879,0.787497,23.3331,0.242095,300,1
4760,0.943172,13.8046,0.226816,350,1
1146,1.11285,23.5622,0.134623,5000,0.9
6960,0.505915,9.61001,0.328048,50,1
351,1.00303,32.5563,0.210956,3800,1
1525,1.01019,21.1286,0.116082,2450,1
9753,0.976292,34.5799,0.219404,500,1
9619,0.919623,26.8381,0.174943,550,1
9715,0.912769,25.6227,0.173208,500,1
5717,0.471528,16.8814,0.377454,100,1
2452,0.649388,11.2106,0.273741,50,1
7907,0.881285,18.3877,0.349332,50,1
2356,0.460382,14.8068,0.281217,100,1
9868,0.35952,7.3476,0.650558,50,1
8833,0.606804,15.5481,0.180409,250,1
4525,0.697275,14.8161,0.219751,50,1
4990,0.45786,9.78213,0.520038,50,1
8237,0.42624,11.5272,0.276043,50,1
9067,0.624092,12.2081,0.409402,50,1
8468,0.602957,17.5792,0.318162,50,1
1029,0.93999,28.7326,0.144588,1350,1
251,0.561972,12.6428,0.38953,50,1
4733,0.576621,15.2352,0.340957,50,1
4528,0.583795,15.103,0.208738,400,1
817,1.02046,22.6473,0.1234,1800,1
3074,1.12784,25.498,0.103159,5000,0.9
5494,0.798706,9.73811,0.277131,50,1
102,0.922296,19.4947,0.154808,1500,1
3267,0.529226,10.8799,0.551868,50,1
4610,1.05559,22.74,0.149706,2550,1
4540,0.626001,10.5545,0.297342,50,1
8958,0.816124,18.739,0.147079,300,1
3111,1.14168,28.7972,0.108944,1500,1
2860,1.11957,23.184,0.121406,4350,1
5053,0.597259,14.2738,0.412062,50,1
1616,0.65961,12.0568,0.367555,50,1
6331,0.625189,14.4711,0.179237,50,1
4979,0.732451,11.2979,0.179792,750,1
6202,0.865119,13.4194,0.43519,50,1
4511,1.04293,23.1841,0.120246,400,1
3969,0.915008,17.0126,0.215193,450,1
7737,0.461172,12.4975,0.396264,50,1
6520,0.43762,6.32245,0.533457,50,1
1147,1.04525,22.4038,0.135246,700,1
4533,0.58696,9.4594,0.205776,100,1
2053,0.639624,12.305,0.408041,50,1
6722,0.57862,8.15815,0.296189,50,1
9187,0.375356,7.87695,0.568134,50,1
1853,0.461978,10.1601,0.444534,50,1
236,0.912037,15.9211,0.176617,100,1
1393,0.637056,15.323,0.351821,100,1
56,0.867896,18.5207,0.185807,200,1
1552,0.605746,12.0558,0.145783,150,1
497,0.802451,17.4967,0.239524,50,1
8123,1.11343,24.0667,0.098473,1450,1
3442,0.612369,19.3776,0.3677,50,1
8752,1.0263,20.1083,0.114856,1600,1
2373,0.786097,19.4972,0.398739,50,1
1315,0.745101,9.7997,0.371172,50,1
1311,0.374607,8.1231,0.552074,50,1
9689,1.10881,24.3077,0.105834,5000,0.9
8361,0.972129,20.9185,0.179185,4400,1
1272,0.924557,19.1863,0.221147,450,1
4831,0.785733,18.7423,0.289253,200,1
9131,0.563364,7.09402,0.464315,50,1
9526,0.861109,14.7311,0.213391,5000,0.8
5825,1.12171,25.8329,0.111358,600,1
6981,0.704886,13.9121,0.491955,50,1
4356,1.08812,21.2177,0.146975,850,1
7639,0.899253,18.9256,0.161469,600,1
6069,0.783343,13.8022,0.457937,50,1
9264,0.652125,14.3656,0.32469,100,1
2496,0.637953,9.68574,0.59907,50,1
9123,1.00835,24.0767,0.215637,600,1
1940,0.912308,20.9997,0.235215,300,1
7121,0.844456,15.9744,0.218144,400,1
7809,0.937492,22.0572,0.191208,150,1
868,0.514474,9.27911,0.323777,50,1
9485,0.250175,4.85123,0.410211,50,1
3366,0.940129,19.9505,0.196513,2400,1
3421,0.723252,25.1177,0.209957,450,1
2164,0.365706,5.3329,0.448546,50,1
5111,0.676998,13.3419,0.447045,50,1
5951,0.82545,22.1607,0.33316,50,1
9545,0.52662,8.62496,0.472529,50,1
1952,0.671832,13.7722,0.307299,150,1
5797,0.888178,25.1159,0.171991,300,1
214,0.982108,18.1704,0.19532,450,1
5112,0.549145,9.50283,0.438608,50,1
3317,0.314987,6.24532,0.250166,50,1
9433,1.02463,22.2181,0.111475,3500,1
2868,0.550314,8.89866,0.317584,100,1
719,0.897844,23.4677,0.178628,200,1
5438,0.702096,13.9076,0.199765,700,1
8827,0.870492,19.9541,0.173503,1100,1
4599,1.11814,26.0172,0.136804,1000,1
1364,0.784067,18.2171,0.286903,100,1
2139,0.4225,11.2314,0.35269,50,1
6623,0.987295,20.2302,0.152179,800,1
3712,0.522097,8.91844,0.352984,50,1
5323,0.847018,16.9273,0.211232,600,1
4427,0.946624,30.732,0.175305,700,1
2156,0.915476,19.6607,0.156208,400,1
7532,0.667107,12.5824,0.431193,50,1
7399,0.29429,12.6083,0.551949,50,1
5337,0.882572,19.4941,0.114894,4150,1
4657,1.04949,28.8585,0.199904,2450,1
4498,0.769442,17.0158,0.276007,200,1
1228,0.604214,9.422,0.245797,50,1
7453,0.915226,15.2811,0.181384,450,1
3944,0.30323,6.47366,0.438535,50,1
6457,0.836171,19.8616,0.269603,250,1
3410,0.746281,21.368,0.357659,50,1
1674,0.916313,18.4439,0.192171,250,1
4375,0.871975,18.4477,0.183502,200,1
624,0.97024,18.0339,0.209715,550,1
4683,0.610193,11.2683,0.345017,50,1
4288,0.881985,21.9823,0.203706,250,1
2413,1.02263,21.3361,0.105323,500,1
7135,0.904441,15.518,0.213759,100,1
6654,0.339755,8.39058,0.316296,50,1
2845,0.693327,8.39446,0.279183,50,1
6837,0.782014,17.1414,0.486336,50,1
366,1.00927,20.0914,0.245173,800,1
779,1.08999,22.6606,0.176351,1600,1
6708,0.755293,15.8673,0.180458,1400,1
6604,0.564651,10.42,0.372807,50,1
9999,0.808361,22.9256,0.230727,100,1
165,0.802229,13.1191,0.347814,50,1
5370,1.0653,39.5272,0.264337,4400,1
6767,0.548156,20.5626,0.370727,50,1
1836,0.62707,12.5792,0.583769,50,1
9104,0.911466,15.5022,0.148995,950,1
1409,0.524289,8.67482,0.507125,50,1
5904,0.547138,12.753,0.44567,50,1
1994,0.919486,33.8868,0.24415,200,1
120,0.561286,12.9313,0.447576,50,1
136,0.665503,8.967,0.352316,50,1
892,0.97206,16.7211,0.270637,3200,1
9616,1.07008,30.4489,0.255049,5000,0.9
2073,0.890523,19.9975,0.210843,300,1
7449,0.936576,18.5719,0.112885,3600,1
5048,0.480588,4.36833,0.391085,50,1
9596,0.613171,9.00098,0.320898,50,1
3800,0.401848,13.1525,0.366881,50,1
4162,0.509433,13.5807,0.196587,150,1
6307,0.849281,16.1664,0.328122,250,1
3322,0.844243,16.6911,0.317622,200,1
1250,0.919274,25.5705,0.178846,950,1
8026,0.947169,23.3267,0.176818,200,1
587,0.654556,13.0088,0.311609,100,1
2968,0.132873,4.21724,0.584289,50,1
2547,0.853118,27.6693,0.313676,50,1
3778,0.634723,13.4548,0.343334,50,1
7027,0.47086,7.76878,0.679578,50,1
4235,0.375218,8.65988,0.441989,50,1
2572,0.695182,13.4689,0.329592,100,1
5573,0.894287,27.8549,0.109258,1600,1
4502,1.07544,28.495,0.238866,1000,1
4232,0.770423,18.684,0.32107,50,1
8244,0.578573,6.36154,0.519734,50,1
3848,0.956016,17.7315,0.224054,150,1
4582,0.600229,11.5214,0.308444,50,1
234,0.836172,16.9,0.204869,1050,1
8662,0.414073,5.97341,0.346569,50,1
9669,0.570141,8.44669,0.349071,50,1
7118,0.451507,9.62514,0.471462,50,1
4297,0.749118,15.4167,0.408012,50,1
7042,0.364836,8.54049,0.305244,50,1
3288,1.01102,27.1353,0.205833,1250,1
323,0.537856,10.8788,0.197516,1050,1
1277,0.190913,3.77808,0.410171,50,1
8679,0.787644,15.6569,0.378934,50,1
271,0.835512,19.087,0.225156,850,1
9444,0.318929,5.42931,0.389847,50,1
62,0.992937,26.3793,0.119333,1300,1
7441,0.7962,19.8229,0.137167,800,1
7421,1.029,19.7585,0.127896,2500,1
8438,0.892977,16.7863,0.284007,5000,0.9
3614,0.999266,31.1,0.142053,950,1
7596,1.07215,28.5754,0.140299,1800,1
792,0.622071,9.17889,0.380351,50,1
401,0.411122,8.29715,0.465608,50,1
2343,0.877602,10.7738,0.297542,50,1
5192,0.501352,16.5712,0.40206,100,1
356,0.270725,6.42679,0.542899,50,1
118,0.382128,8.38994,0.591437,50,1
4290,0.95555,24.3138,0.132176,300,1
9642,0.717797,14.2241,0.275415,50,1
9639,0.365944,7.50756,0.490328,50,1
831,1.04233,24.5692,0.13834,4800,1
9756,0.776354,15.9767,0.317373,50,1
7084,1.05091,28.8616,0.152349,1300,1
1507,1.01806,18.3506,0.11192,200,1
3962,0.995838,21.6793,0.157635,800,1
9213,0.957819,26.2709,0.199841,1250,1
3633,0.954107,19.0726,0.169101,1150,1
1802,1.0618,22.2664,0.179356,2050,1
3884,0.679867,8.47383,0.210938,50,1
3280,0.713929,17.8475,0.350484,50,1
8505,0.998952,18.9185,0.273139,200,1
8756,0.990364,29.0037,0.114689,3350,1
2294,1.00102,20.7303,0.154594,1950,1
8849,1.16772,21.7314,0.11515,5000,0.9
6040,0.742501,16.4791,0.348137,50,1
4286,0.560873,9.59667,0.384632,50,1
8234,0.846385,15.533,0.210166,150,1
5912,0.688372,21.8371,0.268144,200,1
9033,1.07773,18.7131,0.113016,5000,0.9
5967,0.648825,8.90483,0.332897,50,1
586,0.420303,10.7034,0.335606,50,1
1048,0.851207,15.1886,0.248713,500,1
1428,0.643831,13.1892,0.307458,50,1
8801,0.859422,19.1288,0.227836,250,1
2771,0.934305,25.0075,0.210452,50,1
197,0.152485,2.91015,0.511817,50,1
7022,0.959228,19.4892,0.215878,400,1
3100,0.780321,20.2102,0.185816,750,1
725,0.793422,13.3935,0.283962,150,1
4355,0.205373,3.95333,0.646145,50,1
3325,0.152114,4.04013,0.621424,50,1
9651,0.883137,16.1608,0.286706,50,1
1499,1.05476,21.2965,0.110362,450,1
8010,0.916211,25.6622,0.181919,350,1
8809,0.913109,32.6707,0.366569,2800,1
2820,0.695957,17.9202,0.209748,250,1
8455,0.352388,5.10228,0.448548,50,1
9823,1.00114,22.1736,0.192474,150,1
6619,0.314111,12.5594,0.739487,50,1
5788,0.679484,9.99136,0.250271,50,1
6677,0.498721,11.574,0.503971,50,1
515,0.477504,12.1989,0.309849,50,1
6718,0.639468,17.4838,0.238197,550,1
5804,0.511378,15.9869,0.309915,100,1
3494,0.819065,25.5578,0.406121,100,1
2023,0.83054,16.4858,0.334682,50,1
1293,0.499153,14.4104,0.140382,1150,1
2162,0.827657,20.7297,0.275174,1500,1
4707,1.00335,30.7041,0.153095,950,1
3559,0.595856,14.1475,0.287059,50,1
7760,0.870708,31.5793,0.257578,50,1
2584,0.698338,11.2122,0.59386,50,1
4418,0.898727,20.6593,0.198811,650,1
375,0.529904,12.1232,0.459211,100,1
3601,0.551614,11.134,0.408026,50,1
7910,0.781433,16.3372,0.395036,100,1
6528,0.976047,20.9154,0.153683,700,1
1528,0.567146,12.0194,0.415446,50,1
8511,0.788813,15.5651,0.330606,100,1
4008,0.91669,28.8673,0.161608,450,1
9255,0.658609,20.246,0.21336,250,1
5987,0.128056,6.51152,0.367409,50,1
8965,0.526192,10.4738,0.577097,50,1
2939,0.520047,11.0964,0.183024,2350,1
6183,0.767136,11.9302,0.186482,400,1
4523,1.04829,23.0886,0.114862,2250,1
5796,0.728379,18.8855,0.422628,150,1
7265,0.970276,17.1295,0.13716,300,1
8240,0.920992,25.8097,0.222719,50,1
1974,0.927033,18.8769,0.142668,650,1
1543,0.662073,6.17646,0.389573,50,1
7964,0.801025,18.5582,0.457634,50,1
8493,0.808275,14.1221,0.153183,250,1
3441,0.766735,22.7571,0.354557,350,1
8177,0.879595,20.0817,0.24017,2400,1
1697,0.301462,7.85481,0.254076,50,1
8378,0.491414,7.90528,0.227911,50,1
4019,0.696571,14.9426,0.548717,50,1
5885,0.730436,16.1369,0.155989,250,1
4802,0.716578,18.7389,0.325065,100,1
1316,0.859474,17.3924,0.203417,200,1
9534,1.05192,20.7932,0.164721,550,1
9582,0.320671,6.1375,0.521151,50,1
7911,0.816115,12.3087,0.236112,50,1
2340,0.62996,11.2877,0.190582,250,1
5418,0.811309,19.8669,0.260405,350,1
5755,0.752458,17.3154,0.212474,50,1
6274,0.87544,17.5359,0.256408,50,1
4416,0.73139,16.5932,0.250633,200,1
636,0.142127,1.89591,0.290335,50,1
8554,0.89704,23.3048,0.243732,1200,1
2611,1.04959,33.1863,0.154012,400,1
7952,0.809,20.2443,0.139076,5000,0.9
617,0.789802,20.1725,0.271424,150,1
3469,0.96249,25.1963,0.172058,1200,1
9432,0.587938,13.3341,0.291047,50,1
9859,0.380421,6.46491,0.401493,50,1
7094,0.970597,26.2525,0.186422,2800,1
4070,0.970679,21.9884,0.144353,1400,1
3911,1.03266,26.5396,0.15332,1300,1
6696,0.689367,9.83082,0.386617,50,1
4994,1.00095,21.5979,0.114689,650,1
3303,0.577648,8.29216,0.41022,50,1
8818,0.982687,23.3279,0.103915,2000,1
6173,0.782856,15.253,0.161105,750,1
6694,0.354495,9.37887,0.403015,50,1
4403,0.929487,25.9065,0.15771,850,1
8227,1.00696,22.254,0.115561,2200,1
8233,0.94801,21.952,0.167341,250,1
2862,0.632404,9.50309,0.337133,50,1
5608,0.970146,27.8914,0.177616,750,1
2198,0.871814,11.2278,0.100479,1550,1
4302,0.648401,14.7218,0.239061,100,1
6870,1.08854,23.0584,0.112648,4600,1
1995,1.0107,30.0137,0.15359,2650,1
8513,0.475858,11.65,0.416963,50,1
8551,0.810856,15.1507,0.282246,200,1
7731,0.183125,5.32209,0.589675,50,1
8105,0.868583,14.0804,0.195484,850,1
2009,0.298546,8.57748,0.442389,50,1
8245,0.476755,7.8094,0.341305,50,1
5478,0.926301,16.323,0.198034,500,1
3887,0.897804,19.4678,0.194509,500,1
9658,0.802191,21.007,0.287568,450,1
5821,0.602603,9.82165,0.37696,50,1
6901,0.692285,26.6782,0.311154,150,1
2713,0.717831,28.0364,0.325478,50,1
8156,0.458931,7.3486,0.517581,50,1
2178,0.851375,19.9277,0.220406,850,1
9819,0.866513,17.0838,0.19516,250,1
4261,0.980113,32.1072,0.140413,750,1
1706,0.864547,13.5898,0.237005,400,1
6505,0.832956,24.4987,0.256418,200,1
8782,0.343139,6.65373,0.311621,50,1
9337,0.317383,5.42418,0.529915,50,1
4295,0.502806,13.2452,0.384962,100,1
9891,0.788266,14.9877,0.247642,100,1
7052,0.516111,8.99403,0.409804,50,1
9053,0.95232,19.9378,0.13711,250,1
3094,0.74947,16.9744,0.361113,50,1
2590,1.16623,26.6704,0.16469,300,1
2305,0.943122,23.9065,0.172241,500,1
4804,0.46503,9.6081,0.559434,50,1
8722,0.694395,19.4885,0.245517,200,1
5520,0.690609,17.2835,0.244252,250,1
4551,0.299841,7.44752,0.444919,50,1
6229,0.92472,17.7773,0.28907,50,1
3789,0.662622,10.5917,0.489094,50,1
8684,0.915462,22.4335,0.165386,1600,1
1457,0.906647,29.1647,0.196753,1800,1
3838,1.05014,28.1079,0.133862,350,1
9195,1.06445,19.7083,0.106192,1500,1
132,0.640456,14.0085,0.210514,100,1
1118,0.612145,9.04242,0.347145,100,1
2235,0.437103,8.44585,0.254169,50,1
4916,1.12721,26.9173,0.138356,1300,1
5995,0.868497,18.5783,0.331497,250,1
1590,0.968733,22.6175,0.201742,900,1
1596,0.795487,23.7383,0.259506,50,1
6548,0.606265,15.0456,0.523688,50,1
3396,0.408275,9.6979,0.537287,50,1
5791,0.426789,8.82678,0.335614,50,1
5574,0.802082,16.5251,0.244366,100,1
5137,1.00305,18.4333,0.12379,3800,1
4967,0.886561,19.4753,0.139894,900,1
1862,1.05547,21.7306,0.0964416,650,1
5487,1.14627,33.675,0.0775128,2100,1
9163,0.53213,8.50643,0.218766,150,1
1097,0.699837,14.8328,0.238914,450,1
9567,0.939065,26.499,0.227617,3300,1
830,0.560867,8.80389,0.303348,50,1
3986,0.324611,7.46374,0.529201,50,1
9771,0.371025,10.9505,0.4049,50,1
6350,0.859443,17.5489,0.188798,650,1
8824,0.446397,7.94632,0.345642,50,1
2286,0.795021,19.2863,0.289442,100,1
3990,0.442685,10.127,0.37548,50,1
1407,0.804621,20.8594,0.271882,100,1
2078,0.909778,24.7961,0.154436,300,1
5237,0.647884,17.1575,0.26645,150,1
9058,0.966728,16.689,0.156761,350,1
4200,0.714324,15.9789,0.132422,1250,1
331,1.00261,25.4957,0.168909,1350,1
6537,1.1376,23.413,0.231538,2200,1
9792,0.663493,16.1776,0.348725,100,1
5557,0.436252,5.87943,0.532022,50,1
5082,0.569915,9.70321,0.397403,50,1
1200,0.690382,13.8977,0.278126,100,1
7343,0.973258,18.0365,0.165403,5000,0.9
5539,1.09177,22.384,0.138718,1350,1
2450,1.044,28.2462,0.174393,1250,1
1797,0.658811,14.3954,0.500715,50,1
3535,0.435592,14.2071,0.351449,50,1
1869,1.10018,30.2113,0.175856,5000,0.9
3609,0.451378,17.9148,0.430877,50,1
5218,0.98753,25.8013,0.256958,3750,1
7155,0.604329,9.82372,0.19791,100,1
3721,0.845529,15.5147,0.296256,150,1
6192,0.978766,23.0259,0.167661,850,1
6034,1.15173,27.9796,0.12697,3600,1
3731,0.948215,19.8406,0.102922,5000,0.9
1921,0.855105,15.2563,0.338545,100,1
2624,0.648798,9.21358,0.427285,50,1
3554,0.484918,13.509,0.370313,50,1
1108,0.593589,9.63247,0.354708,50,1
3228,0.740865,20.0617,0.632691,50,1
2994,0.733535,19.8611,0.290707,50,1
987,1.16352,39.3406,0.106056,5000,0.9
5988,0.703407,11.6944,0.624277,50,1
726,0.548647,7.24084,0.516643,50,1
6559,0.810603,15.9539,0.32755,100,1
1721,0.409302,8.40786,0.359947,50,1
343,0.751161,11.2846,0.277844,300,1
9212,0.94992,29.2102,0.150388,250,1
2088,0.746747,15.7546,0.193829,350,1
3555,0.794964,16.2344,0.226232,250,1
5354,0.839943,21.2335,0.305105,50,1
7060,0.704122,14.7507,0.251596,100,1
1410,0.85266,16.8309,0.123658,2350,1
8926,0.772246,16.4962,0.281842,50,1
8265,0.815434,15.8711,0.2721,100,1
2838,0.934024,27.3847,0.202468,200,1
1443,0.683647,18.5398,0.228478,250,1
6674,0.934239,18.4065,0.178227,1850,1
5776,0.762585,17.3346,0.253829,200,1
5649,0.549888,13.3405,0.499597,50,1
6671,0.372454,17.598,0.43258,50,1
6487,0.489111,13.1458,0.471651,50,1
9102,0.911378,19.6748,0.167084,350,1
7185,0.767157,13.7153,0.285334,50,1
6462,0.491023,5.49962,0.324388,50,1
5314,0.859027,15.9841,0.206527,300,1
8862,0.471761,7.26973,0.46864,50,1
2059,0.493249,5.81815,0.389832,50,1
6093,0.848998,19.4134,0.251097,100,1
6479,1.0215,26.3349,0.156693,1000,1
3805,0.815435,15.3823,0.216171,150,1
4712,0.783369,15.793,0.232348,350,1
1677,0.841458,15.0612,0.308548,100,1
3235,0.545157,16.2614,0.367027,50,1
1627,0.680328,12.7089,0.394312,50,1
3227,0.534475,7.16301,0.348438,50,1
3700,0.791435,10.9928,0.324361,250,1
6262,0.522159,6.02617,0.275532,50,1
6554,1.03684,23.2513,0.169095,5000,0.9
9834,1.14609,28.5755,0.208532,4250,1
7967,0.579964,9.46229,0.332954,200,1
1643,0.82392,23.6346,0.200642,400,1
3276,0.904863,16.0207,0.158814,2850,1
7297,0.480119,8.00761,0.345163,50,1
9944,0.96284,20.1289,0.182043,1800,1
1811,0.964461,15.2173,0.116636,300,1
6721,0.67049,12.3928,0.362874,50,1
2597,1.07907,23.0956,0.13123,2150,1
7806,0.813401,16.0223,0.349372,100,1
4364,0.819578,22.4391,0.286084,500,1
9900,1.0123,22.7543,0.208575,300,1
8356,0.90601,18.7008,0.238906,1100,1
7370,0.889723,23.8288,0.17999,350,1
9155,0.436092,9.63472,0.548602,50,1
6880,1.0658,31.9629,0.100827,800,1
4226,0.979048,17.7802,0.16244,700,1
7321,0.792496,22.2249,0.247944,150,1
7386,0.97227,19.3592,0.159703,400,1
2419,0.669996,15.8475,0.43858,50,1
3811,0.953891,20.668,0.166192,550,1
3058,0.957367,23.853,0.121897,1350,1
9327,0.769746,19.4008,0.311847,100,1
450,0.912141,24.1696,0.137655,5000,0.9
7011,0.95411,27.3504,0.238368,550,1
5100,0.793244,16.3842,0.170567,150,1
4957,0.791138,11.9318,0.120703,1200,1
2918,0.523544,12.7632,0.352842,50,1
4002,0.628524,9.66385,0.271449,50,1
3038,0.824988,14.6713,0.211507,550,1
7778,1.06992,22.0444,0.139255,150,1
8841,0.53656,15.056,0.376773,100,1
8028,0.665724,10.4505,0.298899,50,1
4052,0.0627163,1.98805,0.610442,50,1
2285,0.939181,17.9844,0.271486,1250,1
8209,0.597512,22.2904,0.302618,100,1
2501,0.871883,18.9438,0.219513,100,1
1396,0.641342,17.6642,0.24732,150,1
979,0.65362,17.5154,0.176479,950,1
8575,0.845021,18.5886,0.207966,100,1
6393,0.327716,9.73335,0.375166,50,1
5924,0.633488,15.8307,0.368039,100,1
9955,0.835612,22.9278,0.233605,250,1
168,1.15194,22.5037,0.114822,2650,1
5488,0.946611,18.5186,0.142436,1200,1
9613,0.529986,19.704,0.548329,50,1
9305,0.581979,28.8169,0.265011,250,1
2625,0.874153,18.6525,0.263939,50,1
4236,1.0918,24.9777,0.135993,3150,1
9183,0.447015,11.0586,0.364075,100,1
9650,1.02556,19.1413,0.0940817,3600,1
4076,0.808218,17.4551,0.216842,300,1
9242,0.735617,9.4167,0.244011,300,1
8386,0.602112,18.0958,0.247659,50,1
3999,0.494758,9.87916,0.41393,50,1
9412,0.649968,12.6501,0.268416,50,1
8460,0.764481,17.4822,0.237562,50,1
6219,0.735448,13.8419,0.296021,50,1
1350,0.93456,20.9547,0.106157,1550,1
9381,0.446019,7.63038,0.392765,50,1
3729,0.493983,7.93988,0.381818,50,1
5230,0.46565,10.385,0.583697,50,1
8142,0.829346,19.7119,0.407206,50,1
5536,1.05798,20.3421,0.106171,2450,1
8757,0.684528,13.1243,0.293672,50,1
360,0.885346,20.5902,0.220586,300,1
753,0.74946,14.607,0.227002,50,1
709,0.534384,17.0052,0.15228,400,1
4460,0.763099,14.6459,0.440387,50,1
4198,0.976508,22.7403,0.320217,1800,1
9347,0.751147,15.5952,0.228586,250,1
8048,0.71546,11.2353,0.331329,50,1
5243,0.87052,19.699,0.199422,350,1
5633,0.724668,10.9353,0.202882,150,1
1791,0.970749,22.371,0.120803,900,1
5074,0.621525,12.7216,0.203224,1150,1
8262,0.673113,10.464,0.21922,50,1
244,0.745702,14.461,0.262368,50,1
4101,0.771663,13.4115,0.356564,50,1
5938,0.589159,8.86363,0.423175,50,1
6207,0.928856,23.8127,0.128997,450,1
7466,1.02874,19.1721,0.10849,5000,0.9
3784,0.780197,19.6429,0.184558,200,1
6105,0.631178,13.4454,0.438549,50,1
2707,0.801634,12.7742,0.310985,50,1
3558,0.6632,10.3143,0.37519,100,1
1416,0.957716,26.7833,0.120031,550,1
6796,0.624564,10.7691,0.243318,300,1
2117,0.752418,9.09768,0.261761,50,1
9590,1.12598,42.6979,0.11917,1450,1
4984,0.82696,18.4592,0.22015,600,1
1253,0.43182,16.5322,0.424005,100,1
7564,0.672758,12.4221,0.473924,50,1
577,0.362263,17.4953,0.595962,50,1
9326,0.86814,17.7647,0.281797,200,1
4855,0.642714,13.3176,0.380033,100,1
9987,0.566633,3.9295,0.416263,50,1
4499,0.886215,19.3962,0.210292,450,1
2832,0.694638,9.82574,0.235765,50,1
6514,0.613648,12.797,0.483879,50,1
380,0.420439,4.31635,0.549995,50,1
561,0.594088,10.7741,0.325831,50,1
7316,0.862206,15.8019,0.330771,50,1
8787,0.898289,19.5463,0.262906,100,1
6819,0.770407,12.698,0.309869,50,1
4344,0.440972,5.30232,0.248659,50,1
6749,1.02415,24.0859,0.128266,700,1
839,0.953325,18.0883,0.183457,1900,1
4478,0.908762,13.4323,0.348179,50,1
175,0.854499,20.4065,0.23826,400,1
2362,0.247211,5.41671,0.516469,50,1
1989,0.72291,14.0611,0.393659,50,1
2134,0.880945,19.8037,0.203286,250,1
6799,0.687192,22.4452,0.350476,50,1
5935,0.707822,15.3869,0.23837,50,1
8672,0.787835,16.0343,0.138796,150,1
8795,0.421844,8.11301,0.515229,50,1
7473,1.15616,34.996,0.129212,1500,1
815,1.04912,23.5558,0.133076,2200,1
5999,0.816082,21.9181,0.294854,150,1
4602,0.685539,16.7424,0.343596,50,1
2814,0.691198,10.0422,0.245952,100,1
2473,0.747359,15.6081,0.320091,50,1
7464,1.04157,25.8705,0.128094,1350,1
206,0.801786,16.6196,0.276432,50,1
3713,1.13543,26.957,0.203613,2250,1
8616,0.985156,23.1334,0.156982,900,1
4892,0.76431,17.5559,0.269285,100,1
1367,0.819665,17.6119,0.321105,100,1
8457,0.936445,21.8859,0.14733,1200,1
4541,1.08506,40.9288,0.129319,4800,1
4570,0.396071,4.80215,0.37284,50,1
3753,0.803737,21.9401,0.182576,1000,1
8962,0.445983,17.7955,0.450848,100,1
7450,0.342703,5.12871,0.479387,50,1
8004,0.628863,14.3853,0.235115,100,1
6073,0.882936,22.9024,0.143313,350,1
5219,0.682825,9.39099,0.251752,200,1
1288,0.622259,8.92537,0.368784,50,1
1343,0.847872,18.2393,0.253432,100,1
9817,0.690598,11.1,0.22303,50,1
3717,0.934957,13.927,0.215383,50,1
6890,0.545107,12.2164,0.44222,50,1
7200,0.449182,6.42918,0.432222,50,1
5739,0.658704,11.7576,0.261487,150,1
3620,0.562805,6.36453,0.273415,50,1
7747,0.796139,20.6047,0.248215,100,1
7703,0.888288,16.6346,0.295213,200,1
9818,0.836914,13.7524,0.213109,100,1
7340,1.00756,19.8494,0.128963,4200,1
7270,0.964658,15.6976,0.162104,750,1
948,0.724653,9.81835,0.333375,100,1
1960,0.242706,3.9684,0.533578,50,1
7864,1.05396,21.8359,0.120272,3250,1
9777,0.737217,22.2868,0.419048,50,1
6600,1.05138,21.1271,0.216597,5000,0.9
7926,1.06443,19.781,0.131736,950,1
9835,0.6322,14.5808,0.214589,50,1
7326,0.846399,17.7168,0.207811,2600,1
4538,0.932774,17.5685,0.182669,350,1
2703,1.02588,23.9937,0.142359,600,1
1945,0.616231,11.6489,0.374136,50,1
648,0.894092,19.1003,0.132834,250,1
9330,0.932065,15.6202,0.196723,1250,1
5339,0.847616,20.4198,0.19335,500,1
7099,0.463169,8.40276,0.342527,50,1
7375,0.504143,9.21417,0.212229,100,1
1634,0.635346,9.23061,0.373719,100,1
7828,0.314492,9.68795,0.332405,50,1
2553,0.979162,15.9874,0.140417,3050,1
2464,0.894827,21.5035,0.135667,300,1
4414,1.01279,22.7311,0.21408,5000,0.9
9086,0.582668,12.2959,0.546498,50,1
4037,0.835316,16.8499,0.343117,100,1
7575,0.873166,25.7956,0.287046,5000,0.9
578,1.04853,26.4578,0.122889,5000,0.9
1003,1.15473,29.1199,0.115148,3550,1
9911,1.06365,31.691,0.184806,150,1
9037,0.849128,18.8738,0.120826,1950,1
1508,1.16672,27.4025,0.0925249,2750,1
6139,0.504157,8.71728,0.498623,50,1
4130,0.895773,17.3823,0.24836,150,1
7673,0.30284,6.84548,0.353559,50,1
4472,0.788036,16.4252,0.264332,200,1
5134,0.821513,19.146,0.259779,50,1
1992,1.03957,28.884,0.125117,800,1
9009,1.01263,23.7515,0.157145,250,1
270,0.981393,30.7499,0.158957,350,1
7422,0.88014,19.6412,0.221644,450,1
5667,1.04817,19.6599,0.156731,3100,1
7404,0.803587,15.4295,0.312354,50,1
8690,0.605468,8.29431,0.252088,50,1
3422,1.02492,47.3136,0.346276,350,1
9909,0.836251,17.7912,0.240571,100,1
9313,0.953347,29.186,0.283301,300,1
5540,0.520555,9.99328,0.404284,50,1
4396,0.592693,7.42312,0.184155,50,1
9933,0.899722,15.9035,0.310402,400,1
4909,0.556801,20.1909,0.304238,150,1
5693,0.983708,24.185,0.178119,5000,0.9
8515,0.999262,32.3706,0.18716,3150,1
2815,0.787451,22.9081,0.411139,50,1
6384,0.579658,7.66675,0.312133,50,1
8047,0.800946,16.9301,0.332518,200,1
1935,0.969002,23.5272,0.163032,450,1
2907,0.705226,13.0717,0.449026,50,1
7692,0.349815,3.71869,0.392256,50,1
5431,0.603013,9.99211,0.207829,50,1
8543,0.751114,11.106,0.442625,50,1
4330,0.713121,20.9585,0.188121,150,1
6259,0.798086,15.3229,0.318725,500,1
9478,0.46945,10.9296,0.610762,50,1
2975,0.780324,12.8621,0.402552,50,1
4851,0.731205,15.6705,0.207473,350,1
3819,0.808053,10.8717,0.287717,50,1
476,0.880618,14.8456,0.138454,250,1
8742,1.038,24.5642,0.200215,900,1
7678,0.894358,20.8541,0.276738,50,1
1957,0.647653,13.4651,0.38577,150,1
4561,1.03367,34.3793,0.159571,650,1
4312,0.816026,17.3703,0.235948,100,1
1985,0.671015,10.992,0.350959,100,1
6104,0.780218,12.4975,0.372882,150,1
3249,0.208377,7.39896,0.586015,50,1
2669,0.562819,7.588,0.180275,50,1
3097,0.450862,7.95153,0.55432,50,1
7182,0.637334,14.2779,0.373288,50,1
824,0.885943,22.4808,0.188126,250,1
6975,0.73725,16.1186,0.320499,100,1
9781,0.917238,18.6789,0.187983,1850,1
7802,0.834809,20.8197,0.273807,150,1
8631,1.03342,29.2852,0.139602,1100,1
654,0.265756,7.42377,0.45136,50,1
1612,0.528528,13.8462,0.410309,50,1
3642,0.602741,12.2593,0.356749,50,1
3612,0.743709,16.116,0.376775,100,1
3618,0.944026,20.1362,0.350175,100,1
3533,0.88557,20.6941,0.145351,1050,1
2937,0.919988,20.1275,0.184689,200,1
9612,0.606868,24.633,0.25107,200,1
4664,1.00155,20.7772,0.114888,3550,1
5905,1.01874,22.4393,0.184056,900,1
9483,0.782548,10.6427,0.208416,100,1
2581,0.831517,10.9578,0.337712,50,1
7434,0.549127,8.37675,0.428502,50,1
8003,0.828217,16.6019,0.327602,150,1
1997,0.850124,23.7775,0.163785,250,1
1456,0.591902,15.4766,0.394805,50,1
9232,0.584463,19.9611,0.30309,100,1
7559,1.05062,19.7049,0.134818,5000,0.9
1715,0.861694,19.999,0.142139,1250,1
4644,0.719681,17.5103,0.111288,2500,1
8611,0.947672,23.4871,0.228561,250,1
7834,0.515303,5.72071,0.246365,50,1
3739,0.3492,8.849,0.466377,50,1
2802,0.551229,13.5252,0.433268,50,1
8032,0.666195,16.6356,0.437061,50,1
9914,1.10249,29.4481,0.112668,500,1
6415,1.04616,27.4999,0.209556,3100,1
2412,0.800871,17.3985,0.43572,100,1
5542,0.87952,15.4682,0.114538,2600,1
3192,1.01532,18.4263,0.23808,550,1
9409,0.586947,10.4485,0.501186,50,1
82,1.05658,20.4684,0.102253,1900,1
7146,0.78631,16.6262,0.38325,50,1
3248,0.547293,16.4617,0.364686,50,1
1553,1.11562,22.021,0.170115,5000,0.9
9922,0.98104,16.8991,0.112435,2300,1
4951,0.810647,15.4631,0.260733,250,1
8535,0.956764,23.2504,0.207062,250,1
1600,0.810589,18.3264,0.324627,50,1
7515,0.8221,26.4387,0.265922,300,1
2304,1.07655,28.4882,0.114163,5000,0.9
6860,0.814222,22.2122,0.187543,1000,1
5458,0.881776,16.8771,0.322735,50,1
6597,1.07355,28.3212,0.0829486,1800,1
2969,0.911271,20.9101,0.155123,900,1
3026,0.957046,22.038,0.321094,50,1
7123,1.10077,23.2555,0.10641,2000,1
4969,0.32793,5.83782,0.628706,50,1
4020,0.965053,16.4631,0.206035,100,1
653,0.567622,6.63799,0.241232,50,1
6636,0.538761,12.519,0.35555,250,1
2003,0.444873,7.2422,0.368767,50,1
4221,0.950611,24.5162,0.154475,3400,1
8874,0.885561,24.0762,0.162894,400,1
3803,0.100572,2.98501,0.565335,50,1
1968,0.715912,13.3767,0.218613,200,1
7076,0.853588,26.711,0.381619,100,1
9318,0.663783,10.371,0.182261,450,1
8337,0.603268,8.51009,0.243603,50,1
1007,0.873155,13.6041,0.15937,1250,1
2883,0.988733,17.1169,0.138813,2000,1
8153,0.797298,17.16,0.119625,200,1
7424,1.04279,30.2818,0.133833,300,1
294,0.905811,11.68,0.235286,1100,1
6397,0.342467,6.08175,0.464856,50,1
3183,0.770454,12.4091,0.278091,100,1
8275,0.917419,21.1723,0.158208,950,1
5636,0.583931,14.6327,0.440471,50,1
5895,0.593302,11.9461,0.494757,50,1
2150,1.00595,21.0997,0.158119,1750,1
714,0.680146,15.1679,0.497036,50,1
92,0.990718,17.6523,0.265434,150,1
2577,0.169994,4.39606,0.596554,50,1
4779,0.793332,19.5368,0.182782,150,1
7862,0.653174,13.9169,0.107509,1650,1
9615,0.821682,21.0982,0.276171,100,1
9940,1.10086,26.8071,0.101244,5000,1
5798,0.816698,15.6039,0.249565,250,1
8952,1.0753,20.5394,0.101978,800,1
108,0.45844,4.7884,0.423436,50,1
6951,0.862288,16.0966,0.259127,100,1
1284,0.914478,24.6029,0.170011,1050,1
1971,0.256322,7.39058,0.496085,50,1
4746,0.98357,20.1669,0.137324,2950,1
6080,0.92465,23.8631,0.216019,250,1
8429,1.11977,34.0122,0.168328,5000,0.9
3583,0.829502,19.757,0.291096,50,1
7141,0.805673,12.3343,0.245108,2350,1
965,0.839211,19.4594,0.180313,150,1
6707,0.751685,15.2908,0.344607,150,1
6841,0.531485,13.9798,0.459889,50,1
6133,0.975549,24.7737,0.104869,650,1
3542,1.05243,29.0209,0.157819,2450,1
5039,0.694495,25.4951,0.319399,50,1
5334,0.405839,8.09777,0.562837,50,1
4272,0.879141,15.9553,0.254733,550,1
8135,0.978523,18.9076,0.203672,800,1
1186,1.08993,31.585,0.179977,3600,1
227,0.798624,17.6227,0.341351,150,1
6321,0.749912,17.1008,0.365976,150,1
7799,1.07131,23.1697,0.117047,4700,1
9672,1.04479,17.106,0.165448,1650,1
9525,0.62851,13.8532,0.4736,50,1
6595,0.52178,14.1201,0.440264,50,1
7365,0.707425,16.7064,0.274971,150,1
446,0.937849,20.2552,0.205404,3150,1
8629,0.770905,21.3126,0.258985,100,1
7869,1.08204,24.8525,0.158823,1150,1
5148,0.445599,5.32664,0.336881,50,1
1753,0.692885,14.2124,0.329563,50,1
293,0.936045,20.0331,0.208219,2550,1
2603,0.768542,16.6108,0.339119,50,1
7859,0.954526,21.3116,0.299384,600,1
2723,0.864211,22.6611,0.151317,750,1
3617,0.890289,19.9015,0.24396,1300,1
3043,0.94558,15.346,0.194975,350,1
1399,0.714562,10.3008,0.309032,50,1
7688,1.00893,25.6997,0.169978,3050,1
8660,0.660352,9.1056,0.415687,50,1
1852,0.866396,22.9289,0.337523,750,1
923,0.780463,14.0235,0.152726,150,1
233,0.835687,21.4682,0.287019,150,1
5991,0.995847,30.013,0.212171,600,1
6117,0.925036,18.0721,0.203885,150,1
1550,0.725278,12.1763,0.302546,100,1
9749,0.413458,5.70474,0.304977,50,1
4649,0.607764,13.957,0.445685,50,1
1434,0.845912,16.9069,0.332458,150,1
3278,1.11704,18.7658,0.110569,1550,1
2371,0.695472,12.2637,0.45005,50,1
1103,0.594601,9.4873,0.324574,50,1
8213,0.898183,12.1808,0.236076,50,1
3545,0.771675,13.8726,0.335632,150,1
5327,0.884898,19.2252,0.281941,50,1
2903,0.76585,15.0076,0.248692,2000,1
4562,0.94712,14.7456,0.195604,100,1
9008,1.07712,40.1034,0.146288,1250,1
3869,1.1375,28.6406,0.112815,1250,1
4529,0.495121,8.34121,0.397906,50,1
3493,0.703187,16.6951,0.137414,750,1
8161,0.596066,15.1088,0.314321,50,1
5621,0.747278,14.0465,0.360739,50,1
9228,0.712333,17.1222,0.320806,100,1
6504,0.976322,24.2605,0.118484,2850,1
8019,0.211101,4.0817,0.470151,50,1
4699,0.660855,14.5111,0.271621,50,1
8944,1.00769,25.1095,0.231155,2550,1
9509,0.186857,6.06359,0.375494,50,1
5385,0.552853,8.57117,0.215332,400,1
6477,0.92992,15.1978,0.147955,800,1
9858,0.586299,18.7901,0.397146,100,1
2902,0.582825,7.96524,0.324692,50,1
6667,0.943176,15.9673,0.23787,450,1
7895,0.546952,9.69324,0.470501,100,1
15,0.79444,17.7677,0.438897,100,1
5479,0.206544,3.64889,0.378393,50,1
9132,0.18779,4.54473,0.567184,50,1
6134,0.587894,11.2157,0.22003,150,1
1472,1.04976,18.394,0.0989541,1150,1
3230,0.652895,15.0384,0.474239,50,1
4958,0.56102,13.5707,0.217756,100,1
7775,0.949641,27.6827,0.148101,1700,1
2764,0.831828,21.6161,0.213115,50,1
104,1.11513,30.8848,0.111032,2350,1
4736,0.577731,9.60203,0.525081,50,1
7201,0.585816,12.1589,0.349507,950,1
7863,0.887836,17.7664,0.216496,150,1
2963,0.884129,20.4588,0.230991,200,1
4866,0.638502,7.83296,0.283908,300,1
5535,0.33725,8.39212,0.321663,50,1
8350,0.669249,19.0286,0.239229,200,1
6740,1.01064,21.3666,0.230591,850,1
3186,0.808227,17.0063,0.175973,100,1
8419,0.454338,8.08103,0.502812,50,1
1002,0.593771,20.1386,0.397815,100,1
8682,0.928416,17.3572,0.127647,450,1
5654,0.615334,10.695,0.276442,50,1
266,0.774892,20.5854,0.239347,350,1
8755,0.295932,5.48051,0.487757,50,1
6248,0.934873,18.581,0.134453,1300,1
6385,0.769507,15.7402,0.234906,50,1
1868,0.325029,6.30982,0.440912,50,1
1076,0.660266,25.1742,0.330395,150,1
2403,0.467672,6.45993,0.390716,50,1
6005,0.653768,12.9671,0.425017,50,1
1891,0.980691,20.1951,0.159702,550,1
5132,0.624034,16.6705,0.246622,50,1
6691,0.956549,20.4623,0.129371,1350,1
7741,0.236491,6.65621,0.197318,250,1
4016,0.661332,16.6727,0.149669,550,1
8168,0.642359,18.175,0.342708,100,1
8514,0.620288,12.4875,0.395903,100,1
9369,0.739707,11.6597,0.39361,50,1
6400,0.833086,11.6497,0.33931,50,1
706,0.81457,10.6088,0.321484,100,1
9605,1.09215,35.0906,0.237454,2100,1
8620,1.06771,19.4072,0.0995098,5000,0.9
5953,1.1198,33.6476,0.0903414,5000,0.9
3688,0.354676,7.24085,0.425976,50,1
7253,1.04248,26.6506,0.109777,600,1
6376,0.745648,14.7461,0.340007,50,1
451,0.987478,18.4123,0.120327,5000,0.9
9535,0.523091,9.02941,0.507263,50,1
996,0.814768,13.083,0.189761,450,1
9262,0.696127,11.4781,0.358736,50,1
3179,0.534925,14.7393,0.389302,150,1
1916,1.08608,22.7144,0.187135,3300,1
9622,1.06172,21.3788,0.0921017,2000,1
5900,0.342249,6.12056,0.564142,50,1
9092,0.799412,17.0751,0.397202,50,1
9168,1.10173,26.4136,0.120194,5000,0.9
735,0.769978,14.0063,0.288506,100,1
2185,1.07092,25.3574,0.12814,1350,1
394,0.387554,10.7979,0.65892,50,1
4167,0.578596,7.26547,0.257718,50,1
866,0.691418,16.7644,0.304323,150,1
8678,0.765611,11.1738,0.288096,50,1
9152,0.645478,12.2108,0.134853,1950,1
5321,0.475811,11.4079,0.404051,50,1
9698,0.781524,15.8779,0.182303,300,1
2274,0.711165,11.6882,0.244278,50,1
8269,0.599454,9.86096,0.241465,700,1
8391,0.962496,17.6049,0.139146,850,1
2687,0.89963,22.8661,0.203348,300,1
8523,0.691252,17.9938,0.313016,50,1
2950,1.12909,24.5279,0.110859,4400,1
1924,0.46091,5.80389,0.407695,50,1
2443,0.994036,16.6395,0.174785,5000,0.9
2740,0.837394,16.0568,0.260657,50,1
4931,1.06951,22.5308,0.150671,750,1
8779,0.69018,6.23388,0.409787,50,1
2126,0.789796,12.9507,0.143651,1000,1
53,0.879821,17.62,0.220425,150,1
5489,0.760732,18.0118,0.260611,600,1
8691,0.733409,16.1372,0.365303,100,1
3880,1.21634,33.2356,0.09019,5000,0.9
7991,0.880204,24.6388,0.188036,300,1
7594,1.02562,30.0123,0.134408,1950,1
4110,0.776428,10.381,0.308461,50,1
2540,1.00823,23.6388,0.129418,650,1
4788,0.728787,17.2944,0.427483,50,1
3205,0.716728,14.1475,0.325911,50,1
3932,0.747779,12.3188,0.342331,2400,1
2011,0.493528,5.32946,0.22709,50,1
5342,0.958523,18.5912,0.170564,350,1
9665,0.546464,19.4116,0.26323,150,1
7272,0.770346,18.1439,0.227058,100,1
927,0.820106,24.7928,0.193037,500,1
9355,0.980498,20.4354,0.176218,200,1
9768,1.00971,24.3964,0.150694,3400,1
8812,0.853977,18.5869,0.106695,950,1
4884,0.455549,12.0022,0.379603,50,1
335,1.04759,23.0137,0.122507,750,1
6635,0.995558,16.6625,0.234446,600,1
4883,0.654451,13.8705,0.413502,50,1
1394,1.10046,34.5918,0.11009,5000,0.9
8545,0.40451,11.1088,0.267942,50,1
127,1.05096,23.6724,0.134324,1700,1
3831,0.577156,9.63729,0.456113,50,1
4950,0.286042,7.25168,0.534077,50,1
763,0.278682,3.3187,0.467417,50,1
2457,1.09317,22.2364,0.152526,2000,1
7307,0.582867,13.7903,0.264508,100,1
2758,0.784803,22.9362,0.402187,750,1
324,0.813509,13.0608,0.532497,50,1
7680,0.783156,13.0029,0.287998,200,1
275,0.878515,15.5457,0.286881,100,1
7328,0.717244,23.0328,0.292316,500,1
7044,0.852847,25.9397,0.226096,50,1
7289,0.327686,8.04281,0.368731,50,1
5305,0.869613,19.439,0.296684,200,1
6347,0.738735,15.7671,0.270733,450,1
9447,1.03957,21.1794,0.155555,1500,1
8426,0.956341,17.4703,0.15493,700,1
4860,0.43167,18.4338,0.583859,50,1
7659,0.7073,9.87358,0.313854,50,1
1335,0.523569,6.09334,0.444795,50,1
4069,0.996811,20.3919,0.199437,2250,1
6039,0.709817,14.4728,0.218862,100,1
1714,0.834325,22.0866,0.313503,50,1
7965,0.956916,16.1557,0.145783,1800,1
2642,0.431235,9.35119,0.349043,50,1
1712,0.500451,10.7016,0.437163,50,1
1004,0.503033,9.90496,0.292467,50,1
9971,1.03997,21.8814,0.119212,1050,1
8948,0.585013,9.88226,0.302306,150,1
9647,0.84805,16.3095,0.336711,150,1
1773,0.402751,11.844,0.291108,150,1
1568,0.51017,10.5374,0.597803,50,1
2546,0.684621,14.2192,0.503452,50,1
6123,0.911561,19.9088,0.219689,400,1
8873,0.748939,15.9261,0.295931,100,1
4273,0.968949,21.8637,0.159945,300,1
6751,0.688297,20.1775,0.422,50,1
183,0.766668,16.4803,0.130436,1050,1
8538,0.480453,7.86468,0.489963,50,1
1883,1.03331,20.9515,0.282671,250,1
6875,0.517963,13.1966,0.317012,100,1
7046,0.396196,14.1627,0.402351,50,1
549,0.843664,18.7422,0.260668,250,1
1679,0.693538,18.5769,0.32597,100,1
5357,0.61569,21.482,0.412916,100,1
1511,0.672326,14.6421,0.228188,200,1
8223,0.367073,8.81226,0.52381,50,1
7578,0.877492,26.639,0.193597,700,1
7435,0.993322,19.8467,0.196891,750,1
9276,0.615246,7.28892,0.403988,50,1
3984,0.881357,23.9464,0.16316,250,1
2993,1.02291,22.1492,0.11222,4400,1
3034,0.585946,8.41025,0.382929,50,1
4473,0.879066,19.6741,0.233961,150,1
5516,1.00128,23.4347,0.170288,1600,1
5572,0.541305,7.19696,0.304727,50,1
5530,0.841211,23.2504,0.196553,450,1
7580,0.691668,13.2021,0.30857,50,1
8963,0.828724,13.0715,0.336779,50,1
2234,0.624668,12.4974,0.251095,400,1
2560,0.558698,7.64969,0.334536,50,1
6852,0.488609,11.6217,0.186425,100,1
9973,0.720937,15.2299,0.213668,150,1
6431,0.342941,7.4139,0.433382,50,1
7700,0.753463,16.1261,0.327001,50,1
3879,0.206458,5.66285,0.488901,50,1
8469,0.750861,12.2346,0.343518,100,1
6754,0.53043,14.1988,0.524118,50,1
9583,0.878349,14.7985,0.159999,150,1
9557,0.927257,22.2686,0.163466,400,1
9013,0.597458,14.4579,0.298262,100,1
6555,0.902941,20.5401,0.196443,300,1
8256,0.89989,15.1718,0.140609,5000,0.9
8122,0.909369,20.4139,0.133206,3300,1
6092,0.923368,28.356,0.247691,100,1
7088,0.988841,21.924,0.177107,500,1
4864,0.994918,16.4084,0.145632,1150,1
3743,0.708094,13.4347,0.456657,50,1
8415,0.615485,11.9085,0.27041,50,1
9364,0.474241,11.2479,0.396777,50,1
8674,1.08824,26.9044,0.12699,1450,1
6099,0.607662,12.8511,0.415506,100,1
6790,1.00561,29.0956,0.283689,1050,1
6506,0.807751,8.73695,0.403911,50,1
5822,0.464123,6.02331,0.363144,50,1
4565,0.660823,14.1885,0.301524,150,1
8676,0.691028,12.0881,0.347533,100,1
4185,1.10558,36.2372,0.262931,5000,1
8253,0.727925,19.7854,0.215111,100,1
1295,0.76096,13.6146,0.155557,250,1
4929,0.301079,16.17,0.477612,50,1
3839,0.862037,18.5581,0.281797,200,1
1189,0.624797,18.9844,0.276889,1350,1
2387,0.695388,16.1705,0.240565,500,1
6534,0.684632,10.0453,0.520212,50,1
659,0.812735,14.3613,0.161057,100,1
764,0.945203,18.4265,0.184668,1900,1
5716,0.91663,16.2789,0.202478,300,1
7231,0.626172,15.6085,0.241735,100,1
7533,0.595138,11.6539,0.372183,50,1
4943,1.03126,19.7124,0.156946,1350,1
7257,0.854991,16.813,0.177089,100,1
1045,0.818163,22.9512,0.170708,350,1
232,0.972641,20.5724,0.14619,350,1
5944,0.286758,8.89547,0.664812,50,1
4648,0.550872,10.8218,0.46271,50,1
250,0.813737,15.6678,0.216229,100,1
9068,0.724699,17.1209,0.230298,300,1
1232,0.954364,11.9924,0.149209,300,1
787,0.847914,18.2223,0.371014,50,1
5965,0.274726,8.08183,0.274943,50,1
357,0.93306,19.6033,0.272187,100,1
8215,0.980654,27.5734,0.164796,1800,1
4968,0.581992,7.88672,0.347795,50,1
6768,0.959914,28.7936,0.170004,1400,1
8,0.488028,8.16819,0.287009,50,1
1422,0.78944,20.0696,0.370688,100,1
8210,0.408919,7.14042,0.345401,50,1
1581,0.733281,15.0336,0.274835,50,1
8744,0.951467,19.4551,0.17434,300,1
5547,0.736489,11.4414,0.278055,50,1
545,0.708948,13.52,0.177518,50,1
1962,0.673961,17.4629,0.350113,100,1
1927,1.05174,24.6376,0.0953109,2600,1
7883,0.987255,16.544,0.148012,550,1
1187,0.713297,15.3346,0.168318,200,1
6267,0.849386,16.2491,0.254701,850,1
4820,0.652714,9.96975,0.374588,50,1
2675,0.908874,23.5616,0.241765,100,1
6231,0.709392,14.1268,0.318774,150,1
1237,0.551247,10.6784,0.322835,50,1
8820,0.675513,12.4722,0.233824,100,1
3945,0.897946,25.4268,0.148716,500,1
6466,0.151256,6.09297,0.639527,50,1
2930,0.997875,25.0414,0.200963,1300,1
7358,0.794151,18.3407,0.378085,50,1
4509,0.753748,11.6718,0.380983,100,1
2986,0.559133,8.94773,0.349371,50,1
886,1.03718,28.716,0.162112,4850,1
8288,0.771444,15.5935,0.285766,100,1
7360,0.909883,22.816,0.265237,600,1
9020,1.08823,17.6493,0.114034,3600,1
4394,0.873271,13.5063,0.260764,100,1
2114,0.428413,11.0688,0.267032,50,1
1421,0.857754,20.448,0.120628,2050,1
7558,0.915825,21.4786,0.167885,450,1
7613,0.339437,10.9235,0.43127,50,1
1283,0.691585,11.3111,0.454296,50,1
9201,0.972299,20.8661,0.127335,2050,1
9112,0.560432,15.5389,0.359691,50,1
4976,0.920896,21.1274,0.184727,400,1
3671,0.200104,3.03583,0.500991,50,1
834,0.834573,21.6196,0.312975,400,1
7789,0.917419,17.5499,0.21059,250,1
5638,0.941258,26.2125,0.19136,350,1
5582,0.84642,13.7946,0.256452,100,1
2128,0.845869,21.1344,0.170197,150,1
6909,0.376516,7.66874,0.384579,50,1
4112,0.887197,14.9945,0.212661,550,1
448,0.925009,32.1614,0.16043,1450,1
8925,0.928972,18.9137,0.155633,150,1
8321,0.685614,12.7675,0.369508,50,1
9211,1.08965,22.6697,0.124719,1200,1
1760,0.693165,7.77157,0.32747,50,1
5830,0.966902,22.0683,0.234263,1500,1
4500,0.823359,20.3244,0.229709,100,1
860,0.932813,19.5982,0.137286,5000,0.9
3159,0.305886,5.20334,0.613393,50,1
8037,0.651194,7.38343,0.229273,50,1
781,0.658653,16.5731,0.231848,250,1
9151,1.01235,22.293,0.133489,700,1
268,0.662679,12.0777,0.286368,50,1
823,0.678566,11.5603,0.267714,200,1
3910,0.639587,12.6358,0.267885,350,1
4121,0.443473,4.83276,0.211985,50,1
2250,1.07115,41.3223,0.153255,1000,1
2554,0.317937,5.53428,0.54527,50,1
4256,0.903256,17.053,0.15151,150,1
6640,0.991579,26.5169,0.295164,600,1
552,0.892769,17.565,0.165711,1000,1
3364,0.480484,5.76962,0.303472,50,1
4449,0.731208,18.505,0.432248,50,1
6705,0.789668,16.2708,0.218681,200,1
4398,0.982915,28.8585,0.182437,1650,1
4600,0.560191,15.2093,0.261543,100,1
8894,0.842926,17.7929,0.27449,150,1
7190,0.921321,14.3886,0.213529,150,1
4703,0.702221,8.21973,0.312767,50,1
9484,0.780721,18.6742,0.180412,350,1
7427,0.911363,17.9162,0.17542,2150,1
911,0.548962,14.5229,0.489073,50,1
7314,0.569834,11.8887,0.5961,50,1
3352,0.990828,26.4399,0.178831,450,1
106,0.894282,11.9351,0.258261,100,1
5035,0.945704,18.9673,0.172044,1650,1
2858,1.00175,25.0789,0.165334,200,1
5618,0.581582,10.6937,0.223749,50,1
4353,0.774486,21.5148,0.356041,100,1
8131,0.622667,14.8881,0.316607,50,1
3024,0.928093,15.7213,0.240643,2300,1
4963,0.833734,24.1162,0.24133,250,1
2167,0.915367,16.0913,0.138862,900,1
9246,0.51471,8.25729,0.372935,50,1
3534,0.927931,24.9389,0.241412,1000,1
9274,0.697981,12.4863,0.273179,50,1
3009,0.750849,14.646,0.231729,100,1
387,0.170247,3.50103,0.535514,50,1
8608,0.89368,18.3795,0.244447,2250,1
6325,0.815259,16.9767,0.261405,250,1
8411,1.08365,25.146,0.243775,3450,1
4965,0.497424,7.49062,0.397135,50,1
4983,0.469781,7.98154,0.507383,50,1
5706,0.856287,22.5536,0.136235,1900,1
1204,0.518929,9.67426,0.320969,50,1
3048,0.706151,11.4009,0.432292,50,1
6270,0.379819,9.73134,0.489618,50,1
1110,0.522982,9.33429,0.351099,100,1
45,0.710997,19.6102,0.347626,50,1
957,0.661134,9.1908,0.45991,50,1
752,0.555679,24.1842,0.378771,100,1
8574,1.09643,27.2126,0.104402,5000,0.9
3415,0.36318,8.34579,0.562338,50,1
6189,0.807212,15.2993,0.339586,50,1
7412,0.816008,12.9471,0.27639,150,1
1920,0.51598,8.35959,0.337217,100,1
4783,0.836841,18.2405,0.233275,100,1
6233,1.12262,21.2164,0.168773,1150,1
6490,0.567299,7.76883,0.413791,50,1
2147,0.940093,22.1314,0.207384,200,1
7423,0.601887,22.7539,0.302747,250,1
8141,0.582207,15.1046,0.400744,50,1
1107,0.568434,9.16679,0.455732,50,1
7179,0.55454,12.9202,0.309789,50,1
964,0.810316,15.4879,0.316895,100,1
6230,0.462626,10.4763,0.203587,200,1
8635,0.897586,20.089,0.2504,100,1
2734,0.584468,12.0472,0.256937,50,1
5578,0.536693,8.39502,0.455244,50,1
6999,0.437931,11.6717,0.438941,50,1
3110,0.49174,7.81601,0.348398,50,1
4925,0.726986,14.3279,0.314868,50,1
7771,0.783219,19.9834,0.386546,100,1
5184,0.477455,8.42647,0.48327,50,1
2947,0.635503,11.1908,0.688495,50,1
931,1.12186,27.5553,0.0856957,1050,1
1809,0.672592,19.4482,0.265154,800,1
3580,1.10685,20.9489,0.128659,5000,0.9
6502,0.284222,4.95854,0.609734,50,1
7481,0.458167,8.54769,0.609873,50,1
4531,0.649812,11.7079,0.425417,50,1
970,1.17261,25.3343,0.12272,1800,1
1812,0.89045,14.6713,0.276761,2450,1
4902,0.669116,12.0965,0.348186,50,1
4655,0.708739,11.4024,0.379132,100,1
6786,0.672516,12.4917,0.257689,100,1
8628,0.629969,10.8635,0.581811,50,1
9892,0.63387,11.3208,0.393908,50,1
5840,0.920697,22.9895,0.168123,500,1
8144,0.890379,18.2314,0.205776,1300,1
7701,0.549235,9.49233,0.220968,50,1
8279,0.448792,10.0389,0.475025,50,1
2270,1.03445,23.725,0.195545,1300,1
1294,0.401783,9.2416,0.3556,50,1
8857,0.761355,11.3106,0.329836,1100,1
9788,0.743464,14.1933,0.321076,50,1
9219,0.772271,17.5903,0.393624,100,1
8731,0.271763,3.64218,0.406062,50,1
9239,0.92723,17.9135,0.210793,650,1
9180,0.36349,9.34538,0.539434,50,1
7142,0.485219,7.7051,0.377864,50,1
7369,0.934895,18.95,0.11966,350,1
8964,1.07825,28.7268,0.113261,2500,1
8907,0.920694,16.877,0.15739,3800,1
3105,1.09892,27.1494,0.132262,5000,0.9
7320,1.06765,25.2994,0.212229,500,1
4248,1.03755,36.0159,0.354089,450,1
575,1.10203,28.1781,0.132547,2850,1
8542,0.605213,14.4233,0.441754,50,1
4140,1.11152,31.9383,0.142406,1000,1
153,0.635498,7.57927,0.290456,50,1
4063,0.950133,17.3474,0.130876,300,1
2243,0.928735,17.9158,0.272185,250,1
9380,0.554844,14.6527,0.356519,50,1
8847,0.755576,13.7531,0.203475,200,1
5356,0.701686,12.5625,0.319367,50,1
5000,1.10179,24.4378,0.160417,900,1
8530,0.238283,4.52064,0.609171,50,1
5838,0.906831,19.7595,0.190119,1300,1
7661,0.496198,7.7994,0.479252,50,1
5679,0.821371,13.9609,0.15556,2400,1
9890,0.685589,14.2748,0.21422,300,1
1460,1.12597,28.743,0.123696,900,1
2431,1.00586,20.3444,0.37671,1050,1
2132,0.989692,18.9398,0.139694,4600,1
6633,0.74923,11.9189,0.31256,50,1
1095,0.288467,9.3246,0.307063,50,1
216,0.473816,9.16821,0.189637,50,1
8056,0.881977,19.6189,0.172471,500,1
117,0.965438,21.938,0.2285,350,1
6561,1.11702,25.0913,0.115807,3150,1
4899,0.80741,18.0633,0.230321,100,1
9729,0.494166,7.4091,0.422149,50,1
8231,0.719041,16.4183,0.405051,50,1
6419,0.569368,11.3337,0.422128,50,1
5579,0.857098,13.1958,0.275313,100,1
7835,0.966214,31.8836,0.190236,5000,0.9
78,1.00893,21.0323,0.168063,200,1
3532,0.967916,23.2343,0.261569,400,1
7467,0.681134,10.4122,0.31758,100,1
1858,0.454414,4.52484,0.418014,50,1
4617,1.1217,33.7074,0.161551,1850,1
5158,1.07414,23.687,0.212455,3350,1
9519,0.612778,8.45272,0.441546,50,1
9147,0.950417,18.4278,0.213644,150,1
9976,0.719811,8.94047,0.384989,50,1
2886,0.44875,10.087,0.333394,50,1
4084,0.827759,21.4143,0.242128,150,1
4901,0.75219,14.8317,0.311336,4050,1
4029,1.10076,21.4079,0.164432,2800,1
6939,0.673676,17.5374,0.404543,50,1
6714,0.874947,28.7149,0.308567,200,1
8704,0.950711,24.3596,0.205782,350,1
213,0.519162,20.4001,0.349083,50,1
6007,1.01548,24.0732,0.144587,1050,1
9855,0.81283,15.4251,0.391035,900,1
4869,0.809213,22.5877,0.137253,600,1
6152,0.471131,8.12637,0.411145,50,1
9328,1.02872,26.4613,0.138799,550,1
4912,1.00111,23.5726,0.227954,350,1
4309,0.959817,25.2279,0.127865,900,1
6836,0.958803,25.8976,0.222739,450,1
9862,0.761415,16.7781,0.366406,50,1
9129,1.11924,28.0922,0.14626,5000,0.9
4100,0.85866,24.557,0.211247,2100,1
3202,0.360783,7.2073,0.282688,2700,1
6950,1.04709,20.4771,0.182295,3550,1
6288,0.738255,10.8998,0.200588,100,1
7556,1.12634,25.8859,0.118111,5000,0.9
7116,0.862124,23.2449,0.213967,250,1
9736,0.614995,12.4082,0.279427,50,1
4811,0.591167,10.2301,0.220348,150,1
3409,0.551183,8.82272,0.403436,50,1
7488,0.791797,19.222,0.368021,50,1
6607,1.07869,22.2626,0.136069,5000,0.9
1719,0.609116,11.0769,0.306209,100,1
1381,0.99849,21.4675,0.150242,300,1
920,0.976709,17.3375,0.125938,950,1
2828,0.447722,5.62168,0.502439,50,1
7614,0.85487,15.2544,0.202899,150,1
4085,0.217858,3.92194,0.51899,50,1
6067,0.937264,19.2721,0.168309,300,1
611,0.928945,21.5412,0.196214,100,1
9574,0.197213,3.13951,0.563529,50,1
8119,0.774679,15.9049,0.146607,4400,1
6403,0.738754,15.0604,0.380347,50,1
7496,0.908621,23.3546,0.250397,200,1
9838,0.568327,9.84897,0.436784,50,1
3665,1.05423,24.5112,0.0921535,3950,1
7368,0.68419,14.9281,0.345299,100,1
5731,1.09979,23.0031,0.124331,2600,1
4745,0.634523,9.6805,0.482225,50,1
783,0.914095,17.3772,0.228722,700,1
5326,0.891505,23.0231,0.173673,200,1
9568,0.401023,6.84715,0.37029,50,1
4117,0.303382,5.8515,0.661971,50,1
4087,0.841113,15.4662,0.229711,300,1
7037,0.54529,9.09419,0.372812,50,1
3973,0.846797,16.0585,0.236546,200,1
7073,0.785006,19.9882,0.349293,100,1
3627,0.83854,16.2296,0.197236,950,1
6050,0.688554,16.1594,0.167329,1800,1
2727,0.881845,18.6449,0.198915,100,1
1598,0.967095,24.9254,0.17354,1650,1
6119,0.871089,20.5168,0.173538,400,1
6825,1.01001,19.6154,0.117714,1350,1
2454,0.700085,11.1589,0.341584,50,1
2012,0.472841,8.91991,0.400362,100,1
9224,0.6687,14.3533,0.412628,50,1
6954,0.997312,17.0244,0.172441,750,1
7604,0.426523,9.04554,0.33126,50,1
1383,0.693472,13.6279,0.198141,50,1
2001,0.871309,21.5157,0.200572,250,1
5190,0.748596,22.5167,0.234915,200,1
9343,0.919776,26.7473,0.21844,150,1
3229,1.12115,30.6064,0.314865,550,1
4850,0.466986,8.1717,0.438219,50,1
5947,0.898471,17.8818,0.230429,650,1
436,0.822639,14.7997,0.21385,150,1
8559,0.306553,9.79654,0.639026,50,1
1280,0.819726,25.8024,0.201954,300,1
6539,0.660581,11.7761,0.18616,300,1
5463,0.355589,6.82001,0.504726,50,1
8896,0.865589,22.6717,0.19429,1300,1
678,0.685443,8.94003,0.337263,50,1
5597,0.908001,16.7739,0.427809,200,1
5113,0.603535,14.3626,0.314885,50,1
7096,1.04087,20.0401,0.119374,2650,1
466,1.06181,20.5731,0.0995101,800,1
1106,0.988451,21.7544,0.228059,600,1
7794,0.673565,13.0405,0.275147,100,1
1282,0.752761,21.4477,0.199642,200,1
8104,0.930654,23.4604,0.212634,150,1
7248,0.785275,19.1452,0.268131,100,1
9182,0.493892,7.5934,0.333644,50,1
8624,0.636677,10.13,0.345878,50,1
7669,0.606128,11.1424,0.359691,50,1
253,1.16332,32.2887,0.0988123,2050,1
9040,0.410347,9.05427,0.296627,50,1
6118,0.669635,15.1839,0.247023,150,1
9798,1.06105,28.6497,0.20976,3100,1
5620,0.956496,26.2054,0.222209,450,1
7774,0.649877,12.3433,0.403787,50,1
3553,1.02701,24.7222,0.150108,300,1
5247,0.78874,13.215,0.277964,100,1
7090,0.806903,11.6098,0.218848,150,1
2958,0.871083,15.9266,0.175167,400,1
8590,0.74092,17.0791,0.281221,150,1
8728,0.160574,8.14917,0.527686,50,1
837,0.56678,8.70728,0.419738,100,1
4292,0.724906,15.6792,0.354212,50,1
593,0.493944,10.9624,0.260016,50,1
3550,1.09168,24.8421,0.12942,2600,1
5194,0.340294,10.3482,0.522342,50,1
501,0.718284,14.2225,0.448262,100,1
6249,0.80686,13.4361,0.251653,50,1
7753,0.729384,11.7521,0.195337,350,1
3005,0.859147,22.181,0.221862,550,1
1928,0.429851,4.01134,0.41787,50,1
5090,0.615128,9.07724,0.491534,50,1
670,0.870873,16.455,0.118921,1300,1
4853,0.36182,5.13266,0.411039,50,1
4099,0.359656,10.3159,0.645975,50,1
3075,0.645257,15.2066,0.305284,100,1
4807,1.04138,36.355,0.225098,1450,1
9413,0.346033,6.18714,0.476316,50,1
5948,0.725107,15.4031,0.476997,50,1
6299,0.761694,13.8123,0.407107,100,1
8196,0.672017,10.4621,0.413633,50,1
5185,0.863334,24.4768,0.161353,250,1
3252,0.46648,7.37007,0.558244,50,1
1122,0.792829,22.4045,0.27312,100,1
4424,0.700874,14.7419,0.277416,100,1
9089,1.04627,21.7576,0.149313,250,1
1520,0.607326,13.7799,0.341562,50,1
8786,0.174012,9.56355,0.226361,400,1
5355,0.481059,11.1294,0.307245,50,1
5309,0.276339,3.15776,0.501017,50,1
8930,0.564131,8.71708,0.390417,50,1
9481,0.987404,33.8428,0.222502,400,1
9800,0.429758,8.05169,0.216923,50,1
7925,0.893912,17.1846,0.322915,150,1
6433,0.712677,12.7098,0.28527,50,1
1633,0.972984,15.267,0.147004,3800,1
1300,0.948116,22.0442,0.166564,900,1
9931,0.412361,7.71215,0.334753,50,1
5754,0.784077,13.4573,0.15439,400,1
2418,0.255808,6.01674,0.610511,50,1
7787,1.07652,23.8171,0.108539,2550,1
7312,1.05199,18.4478,0.112531,1350,1
604,0.541439,13.3264,0.295916,50,1
2344,1.08053,18.7185,0.117503,5000,0.9
5934,0.749069,15.8277,0.167887,2550,1
8830,0.642396,8.60287,0.441514,50,1
3548,0.795055,13.5391,0.200609,200,1
9066,0.706086,9.48184,0.41048,50,1
5434,0.60769,11.6887,0.245306,350,1
7783,0.911832,18.4732,0.23294,350,1
5328,0.306336,7.4787,0.192611,100,1
1875,0.639202,10.3127,0.393992,100,1
3530,0.77154,14.1133,0.372931,150,1
1333,1.05652,22.1839,0.150248,300,1
289,0.191572,4.68484,0.556549,50,1
5777,0.437211,11.026,0.583692,50,1
2770,0.61857,9.58131,0.404554,50,1
8661,0.940893,16.4061,0.185659,100,1
403,0.867648,22.9104,0.209618,100,1
6210,0.917792,14.7077,0.204383,100,1
5860,0.748847,29.1091,0.274346,550,1
5958,0.855516,22.3923,0.216564,450,1
4067,0.784097,13.7415,0.320698,100,1
2328,0.882965,24.3529,0.139118,4750,1
2593,0.921402,21.8562,0.171575,250,1
103,0.879968,21.1716,0.254004,100,1
4650,0.617337,12.5905,0.233185,250,1
9986,0.679464,22.7316,0.301758,100,1
9311,0.366175,7.81747,0.351055,50,1
715,0.852154,18.3109,0.24853,400,1
1398,0.971519,26.8107,0.217838,500,1
6116,0.884843,9.42814,0.156829,650,1
9745,0.989227,24.5598,0.127967,1150,1
9960,0.756893,13.2495,0.373411,50,1
1726,1.10417,23.9548,0.0869076,2000,1
7416,0.446388,11.1928,0.22544,200,1
1605,0.935408,21.733,0.180891,300,1
3217,0.629797,14.0281,0.429361,50,1
1604,0.739461,13.2471,0.200447,100,1
3307,0.852078,15.8075,0.333397,50,1
8564,0.559686,9.94979,0.254095,50,1
6618,0.384205,10.1859,0.476508,50,1
7056,0.528343,10.9575,0.366347,100,1
7970,0.38478,7.61471,0.214278,150,1
3835,0.895645,19.2405,0.187,250,1
9935,0.455515,9.70974,0.514708,50,1
5180,0.738685,11.3599,0.38025,50,1
4812,0.702285,11.0869,0.159619,300,1
8936,0.773791,17.759,0.332837,50,1
6748,0.733565,11.5681,0.265507,50,1
7282,0.383746,6.70759,0.53457,50,1
7083,0.664516,7.78106,0.417421,50,1
599,0.443168,9.04633,0.394792,50,1
8018,0.939145,19.406,0.166238,100,1
6611,0.817889,18.398,0.355746,50,1
7028,0.934044,20.73,0.247394,50,1
7717,1.10037,21.2919,0.122252,1450,1
8325,0.802875,11.3613,0.320927,50,1
3837,0.64368,14.1367,0.352662,50,1
8102,0.864281,16.2926,0.203722,200,1
5415,0.981208,16.5195,0.275241,50,1
6031,0.808906,13.3928,0.190579,1450,1
906,0.65893,21.9931,0.345566,100,1
4710,1.05318,27.5701,0.319293,1000,1
8308,0.286484,7.30933,0.227621,200,1
5131,1.14126,32.9732,0.142841,4400,1
2510,0.422218,9.43499,0.308375,50,1
6486,0.579661,16.3246,0.262469,450,1
7931,0.789433,14.9803,0.389261,150,1
6429,0.850449,15.5943,0.219969,150,1
1060,0.883814,21.7341,0.191363,300,1
6834,0.980997,17.5736,0.122555,5000,0.9
1603,0.509536,6.65809,0.497399,50,1
2568,1.15483,27.3998,0.141524,5000,0.9
5374,0.960479,22.3526,0.213345,700,1
1391,0.352352,6.08818,0.330895,50,1
7306,0.848318,19.8531,0.171368,400,1
4147,0.829586,22.3136,0.167878,150,1
3076,0.959739,21.6098,0.205242,750,1
8255,0.798262,13.0363,0.186568,500,1
2563,0.785411,13.8233,0.252911,300,1
4454,1.07902,24.5629,0.119405,5000,0.9
5395,0.773508,25.8222,0.253866,150,1
9603,0.745628,14.6261,0.144726,2650,1
3149,0.667062,9.95181,0.266701,50,1
7413,0.735565,15.8174,0.388524,50,1
1112,0.389683,9.87235,0.559163,50,1
1286,0.441105,18.6705,0.352677,50,1
54,0.693232,16.2571,0.279056,100,1
3970,0.875549,14.619,0.236028,850,1
1426,0.857931,17.5802,0.276691,100,1
2917,0.460958,15.2669,0.30006,150,1
4573,0.624171,12.9694,0.332496,150,1
319,1.02762,29.5765,0.115581,1150,1
589,0.562127,6.01202,0.408062,50,1
3283,0.52851,10.6079,0.479136,50,1
6235,0.784525,14.4225,0.223847,200,1
6180,1.08065,25.8917,0.129992,5000,0.8
5,1.07104,19.7654,0.188549,200,1
1820,1.05938,28.8699,0.122607,2350,1
6335,0.934683,26.8442,0.274782,550,1
7759,0.69563,15.406,0.448644,50,1
5462,0.518979,8.23455,0.266563,50,1
4408,0.386688,19.5976,0.532949,50,1
2016,0.645075,9.22412,0.223284,50,1
775,1.02473,24.2439,0.201054,2550,1
3621,0.879664,19.6849,0.182975,250,1
8637,0.642543,12.0041,0.410898,50,1
2898,0.960121,33.9051,0.271883,550,1
1322,0.776695,13.2569,0.351089,50,1
3180,0.705587,17.6259,0.267356,100,1
5928,0.604184,12.4204,0.525927,50,1
2420,0.972946,31.2835,0.184805,2000,1
5890,0.450732,5.86954,0.378392,50,1
5937,0.579515,11.0143,0.483941,100,1
5844,1.03829,25.6771,0.20073,650,1
399,0.122394,2.60834,0.691105,50,1
2843,0.767741,15.8731,0.380781,100,1
5026,0.917247,18.5806,0.17413,50,1
316,0.507706,14.0405,0.265759,50,1
9702,0.697469,9.50711,0.266317,100,1
5886,0.856993,16.2005,0.31406,250,1
801,0.242031,3.72165,0.573969,50,1
9046,0.511303,9.58661,0.399845,50,1
4913,0.107649,6.26435,0.329318,50,1
5114,0.761598,23.1522,0.237334,50,1
6282,0.762161,9.58141,0.234098,50,1
530,0.654289,11.7494,0.316931,50,1
6994,0.937978,28.479,0.336419,150,1
8290,0.501526,9.73592,0.286671,50,1
5661,0.664545,16.2951,0.17853,500,1
2341,1.14921,43.8122,0.146431,300,1
7049,0.825381,21.4497,0.205534,250,1
8705,0.780557,16.1513,0.351605,50,1
720,0.58765,11.37,0.444781,50,1
5906,0.394887,7.47805,0.428972,50,1
7199,0.674055,16.5322,0.314612,150,1
1672,0.723947,16.9854,0.185516,650,1
7378,1.14021,28.0774,0.127478,4350,1
1837,0.482042,8.69491,0.505379,50,1
370,0.522323,9.43474,0.403802,50,1
4092,0.659126,8.64774,0.218528,100,1
1057,0.932098,19.2139,0.169773,400,1
16,0.324797,4.53658,0.754823,50,1
7714,1.06556,36.7867,0.0945901,3350,1
566,0.610157,14.8433,0.219222,200,1
9757,0.692115,13.7398,0.256414,350,1
7029,0.571224,13.1383,0.399807,50,1
7333,0.707984,17.3809,0.285487,50,1
5484,1.11268,28.7951,0.112232,2200,1
6222,0.880113,20.8986,0.338414,700,1
666,0.581804,5.2157,0.320209,50,1
5718,0.687283,10.4495,0.436996,50,1
3515,0.461769,9.09591,0.559234,50,1
5362,0.494832,7.3201,0.496363,50,1
9871,0.548319,8.63529,0.356879,50,1
7080,0.962738,24.7647,0.191344,200,1
6670,0.596506,7.906,0.460607,50,1
3468,0.724702,15.469,0.213842,800,1
8615,0.871994,20.1757,0.154027,550,1
3659,0.75487,20.5216,0.244397,200,1
20,0.879978,18.6674,0.211056,2300,1
6302,0.440836,9.78124,0.325111,50,1
7681,0.698584,22.4943,0.333299,100,1
7943,0.825248,13.353,0.235528,100,1
428,0.853944,28.7182,0.312707,450,1
3429,0.386097,8.67346,0.611648,50,1
3046,0.844968,18.9332,0.136764,1700,1
8182,0.733154,17.8866,0.266485,50,1
4125,0.972726,21.611,0.160431,200,1
6026,0.694212,14.5006,0.391878,50,1
623,0.404494,6.55252,0.576335,50,1
2195,0.68202,15.7476,0.307464,50,1
8913,0.759413,12.2151,0.13253,5000,0.9
3131,0.951414,18.4913,0.124703,2000,1
3607,0.765117,15.2758,0.153166,50,1
3589,0.528637,8.67014,0.457548,100,1
8148,1.05487,22.1556,0.122498,1800,1
3465,0.9238,17.7125,0.169948,1550,1
201,0.945981,17.2232,0.168731,400,1
2068,0.929265,19.9534,0.150321,450,1
3697,0.971657,25.989,0.123994,3450,1
5178,0.683702,21.7915,0.325046,50,1
5881,0.462957,9.52428,0.404583,50,1
2480,0.884901,13.199,0.166936,1100,1
9320,0.526343,10.5916,0.364494,100,1
4155,0.424714,16.6774,0.416441,50,1
5875,0.397716,10.6777,0.579108,50,1
7744,0.994842,17.4409,0.182698,1200,1
7904,0.543117,14.0542,0.384641,50,1
2940,0.828679,12.0774,0.154835,100,1
5834,0.359973,5.57224,0.38284,50,1
6377,0.812661,23.0944,0.261972,50,1
9034,0.588815,19.3264,0.302372,100,1
8099,0.503319,8.96099,0.351779,50,1
2194,0.79309,9.17616,0.315971,50,1
4653,0.731979,8.61801,0.390118,50,1
3974,0.537668,11.2466,0.235482,100,1
8648,0.42152,8.84915,0.432664,50,1
440,0.32453,5.43827,0.473488,50,1
8097,0.866137,18.0827,0.188824,200,1
1611,0.299924,9.1021,0.473216,50,1
3496,1.05512,24.1017,0.174497,650,1
1639,0.827959,19.0944,0.163088,1350,1
7,1.07679,22.9703,0.135868,350,1
8920,0.99735,25.6158,0.151669,250,1
7366,0.900993,16.2839,0.226375,900,1
4854,0.893507,20.3728,0.262907,350,1
3049,0.538992,16.1366,0.410617,150,1
5209,0.408055,8.58052,0.315137,50,1
9802,0.941308,17.4457,0.168579,2750,1
5156,0.855989,14.2193,0.368955,150,1
519,0.677897,16.2448,0.412735,50,1
1488,0.677552,19.1864,0.178335,400,1
9105,0.884065,24.3499,0.155403,150,1
6857,0.580391,7.71616,0.369079,50,1
7350,0.476781,9.66478,0.302694,50,1
2769,0.705902,13.763,0.190126,100,1
5396,0.733293,18.7022,0.411148,50,1
5276,0.52752,11.1274,0.473737,50,1
6209,0.871854,20.8194,0.141519,350,1
416,0.850804,15.437,0.355828,50,1
3277,0.221443,3.3164,0.557785,50,1
6124,0.830628,16.3148,0.162561,600,1
6291,0.920729,20.4634,0.0946105,3250,1
5691,0.459997,8.74938,0.32456,50,1
3975,0.618472,13.0842,0.330115,50,1
5861,0.986683,19.085,0.111838,4500,1
798,0.67327,9.86885,0.423248,50,1
6053,0.347768,9.24806,0.196723,100,1
1071,0.724941,14.0545,0.194709,100,1
3258,0.739438,16.4216,0.223457,100,1
9024,0.564621,13.254,0.493782,50,1
8927,0.614964,17.1403,0.346683,50,1
2760,0.72433,15.8321,0.445504,50,1
2049,0.843648,19.917,0.205956,750,1
3543,0.491277,10.7089,0.280437,50,1
8260,0.68132,20.8654,0.299388,100,1
8357,0.773636,12.5117,0.422235,50,1
898,0.443268,7.68923,0.510501,50,1
8706,0.395929,12.669,0.35679,100,1
5684,0.905047,22.8341,0.237703,250,1
8117,0.78227,14.3611,0.23465,550,1
7016,1.02788,25.3733,0.241631,3500,1
9254,0.631232,10.7163,0.328025,50,1
8730,0.52929,20.5295,0.270759,100,1
7047,0.860674,19.782,0.192602,150,1
4980,0.924816,17.3345,0.232274,550,1
8157,0.730316,9.41775,0.226154,100,1
8993,1.02144,17.4809,0.147618,1650,1
472,1.00924,21.3185,0.156145,3650,1
1465,0.78494,19.8584,0.182207,250,1
838,0.35253,10.7112,0.51741,50,1
4018,0.9318,21.4487,0.25077,250,1
3645,0.861919,20.6742,0.156975,750,1
9604,0.372785,10.9787,0.529936,50,1
7896,0.6582,10.5781,0.341438,50,1
9714,0.523848,6.19462,0.471487,50,1
7526,0.692368,15.4893,0.367296,50,1
700,0.816854,25.1614,0.225167,1000,1
9694,0.299925,5.17063,0.395216,50,1
6414,1.07681,25.2202,0.122447,1950,1
5827,0.765416,15.8764,0.393702,50,1
6339,0.992344,24.2233,0.132635,500,1
8715,0.980616,20.3235,0.173549,5000,0.9
1065,0.408314,12.4315,0.408721,50,1
475,0.922723,12.471,0.168612,450,1
9,0.957203,19.684,0.184852,1250,1
4566,0.922769,17.263,0.258339,650,1
582,0.739718,11.7856,0.455087,50,1
3600,0.869738,22.0822,0.213591,600,1
5969,0.273097,5.4595,0.535066,50,1
85,0.53941,9.85381,0.418137,50,1
585,0.576478,22.3625,0.270038,50,1
1846,0.888154,15.9394,0.151655,650,1
6827,0.88497,14.2327,0.359749,100,1
4455,0.877017,21.1135,0.105651,2850,1
2008,0.407457,11.4873,0.539116,50,1
9725,0.997004,22.8877,0.128347,2050,1
6616,1.07477,25.7309,0.117601,1300,1
6546,0.610779,10.5867,0.443272,50,1
5350,0.371313,6.45528,0.531004,50,1
9833,0.546063,7.4996,0.315944,50,1
9490,0.418454,7.08164,0.261074,50,1
325,1.06919,26.1398,0.134733,5000,0.9
2621,0.838712,15.2238,0.32012,100,1
8725,0.820079,17.0773,0.184207,150,1
8011,0.158115,11.1106,0.509084,50,1
3573,0.424668,9.50126,0.347222,50,1
9099,0.700985,18.1539,0.228185,100,1
4081,0.667501,13.6215,0.610421,50,1
1296,0.836308,14.2979,0.260599,200,1
8977,0.861551,23.9444,0.268342,450,1
6549,0.90412,21.9061,0.203317,1050,1
8501,0.978011,19.8755,0.155523,300,1
38,0.804949,14.8076,0.321136,50,1
4598,0.474741,10.1894,0.424568,50,1
2249,1.00985,21.2574,0.12647,5000,0.9
312,0.875721,16.7448,0.185385,1450,1
5085,0.477598,9.49634,0.483624,50,1
107,0.615559,12.1417,0.295459,50,1
22,1.05175,22.6119,0.131231,1700,1
1349,0.601106,9.51283,0.339849,50,1
2461,0.579912,6.40626,0.355326,50,1
6617,0.720514,18.5533,0.278089,100,1
2736,0.418315,3.5172,0.366001,50,1
724,0.860939,18.2159,0.195243,500,1
200,1.01766,22.6163,0.141436,450,1
151,0.810242,18.1325,0.340005,250,1
7993,0.419828,8.36225,0.598512,50,1
3920,0.984846,25.6085,0.258011,900,1
9558,0.68662,14.4593,0.374035,50,1
9632,0.871184,19.2095,0.252988,250,1
9184,0.859771,13.2731,0.288513,50,1
2730,0.802636,14.6693,0.49423,50,1
1700,0.964374,21.0985,0.204827,1250,1
2520,0.529372,9.89451,0.373322,50,1
8442,0.675945,23.9062,0.341702,100,1
5625,0.178131,4.1806,0.593739,50,1
5371,0.550334,9.38564,0.329231,100,1
8800,0.876465,16.8032,0.233278,250,1
8477,0.87347,16.6083,0.262121,50,1
5125,0.963455,17.7971,0.10255,2100,1
8298,0.865727,16.6014,0.193706,200,1
5205,0.664819,16.7189,0.299626,50,1
198,1.1111,31.8449,0.103021,1400,1
6865,0.968085,25.0786,0.119023,1000,1
9032,0.748185,11.3814,0.381228,300,1
5403,0.462956,5.96858,0.494912,50,1
4372,1.07328,27.4754,0.10184,750,1
4183,0.634304,14.8881,0.334693,50,1
2014,0.0843655,1.52414,0.505424,50,1
4143,1.07971,25.6342,0.159044,450,1
9680,0.618714,12.6663,0.347365,50,1
1709,0.4923,9.65835,0.29053,50,1
7739,0.566132,5.19713,0.361181,50,1
9773,0.510847,11.2881,0.321814,100,1
3309,0.876518,13.8317,0.232199,200,1
7122,0.45406,6.2534,0.523881,50,1
7045,0.921876,21.2555,0.272439,600,1
602,0.802714,15.4714,0.276992,50,1
6949,0.932765,27.8986,0.229842,200,1
8212,0.908139,20.0069,0.354417,100,1
5748,0.798443,15.6308,0.22477,150,1
8621,0.127428,6.00073,0.68728,50,1
1150,0.432794,6.98495,0.512793,50,1
5576,0.347572,4.75197,0.587429,50,1
3443,0.850151,17.7611,0.294703,100,1
9329,0.552914,13.0667,0.138969,300,1
5668,0.525974,11.7884,0.472619,50,1
3502,0.757251,11.894,0.234751,2300,1
5523,0.474609,4.29828,0.410671,50,1
680,1.0673,21.2061,0.158741,1200,1
1077,0.588627,13.5113,0.351441,50,1
2706,0.422217,17.956,0.411503,100,1
8320,0.593528,10.5032,0.135473,750,1
1980,0.960872,16.8989,0.244296,250,1
4269,0.644139,9.16021,0.38001,50,1
6868,0.892476,16.3615,0.2101,550,1
4920,0.437127,9.29717,0.254424,100,1
3686,0.363452,6.15618,0.354646,50,1
9087,0.515507,9.85701,0.509121,50,1
377,0.788725,12.459,0.206801,300,1
6287,0.727479,18.7239,0.284077,150,1
5950,0.12905,8.55492,0.385096,50,1
479,0.994836,22.8705,0.109127,2350,1
8956,0.930958,22.6707,0.237113,100,1
9346,0.90331,19.8692,0.173517,700,1
5968,1.06323,37.1888,0.144052,850,1
4384,0.649118,11.4401,0.303373,50,1
8587,0.753562,22.7209,0.258564,50,1
929,0.912231,27.4399,0.164284,2750,1
6495,0.898054,22.9647,0.222026,100,1
7664,0.753066,16.8663,0.191778,1000,1
6364,0.868271,18.2856,0.184774,1800,1
9925,0.54014,8.82207,0.382105,50,1
2677,0.316642,5.32118,0.450358,50,1
733,0.648464,15.6703,0.153591,300,1
3506,1.12595,30.4543,0.132593,3150,1
5639,0.965032,24.5603,0.159385,1000,1
6338,0.786845,13.432,0.21411,3150,1
7432,0.597376,11.9373,0.321629,100,1
7419,0.47038,12.0679,0.183037,1250,1
3302,0.486886,10.9809,0.535054,50,1
3462,0.761844,18.2542,0.145712,600,1
4987,0.764547,13.9206,0.29494,100,1
6840,0.811797,14.5864,0.184828,50,1
6044,0.898435,24.9918,0.291889,200,1
5028,0.764078,17.4745,0.128863,1850,1
9085,0.558242,9.22963,0.299822,100,1
6737,0.493788,4.81707,0.349185,50,1
5876,0.418244,11.5218,0.231879,100,1
2140,0.978599,20.8716,0.145878,700,1
418,0.384892,9.17424,0.4173,50,1
1037,0.356908,12.2998,0.511481,50,1
5518,0.814628,14.7548,0.222478,700,1
3679,0.872831,20.1839,0.196404,50,1
9561,0.865516,24.0957,0.304418,100,1
3315,0.43866,9.89513,0.421501,50,1
8573,1.15497,21.7801,0.103511,3600,1
9655,1.11287,34.7871,0.186682,1650,1
3098,1.04579,27.2816,0.131715,2100,1
7230,0.686142,13.8912,0.366619,50,1
3032,1.08296,27.8233,0.0995469,4350,1
2070,0.919222,16.0322,0.132585,550,1
4919,0.637905,11.0958,0.277344,50,1
8613,0.688316,13.909,0.310883,50,1
4385,0.696564,14.1723,0.381704,50,1
4327,0.875265,22.3376,0.178536,1400,1
5245,0.585516,10.24,0.310308,50,1
1906,1.07443,25.2877,0.125176,3500,1
641,0.519456,15.9921,0.424373,100,1
5622,0.713008,12.3998,0.336867,50,1
5926,0.738818,13.393,0.425405,50,1
7065,0.964218,20.6698,0.213785,350,1
5929,0.88656,22.6554,0.137949,250,1
286,0.854549,25.4733,0.153265,700,1
895,0.849433,19.6658,0.281494,100,1
1565,1.15947,31.001,0.106343,2400,1
6980,0.804936,18.3639,0.203199,200,1
1402,0.458907,9.20525,0.203267,50,1
