query_idx,ef_true,RV_gauss,RV_hub_05,RV_hub_10,RV_hub_20
1730,4200,0.140969,0.132909,0.124563,0.108456
3464,1600,0.151728,0.129099,0.110962,0.0860628
662,800,0.178305,0.164715,0.152446,0.131082
6236,1300,0.0964845,0.0826184,0.0728286,0.061786
9488,350,0.191509,0.17418,0.15946,0.135666
2113,50,0.42268,0.416651,0.407729,0.385205
457,100,0.274755,0.261631,0.248794,0.224417
2411,50,0.272772,0.25788,0.241378,0.208735
3127,50,0.45973,0.440516,0.42058,0.375674
758,200,0.19692,0.189365,0.180019,0.159741
3863,50,0.432649,0.418764,0.402995,0.365889
7848,1300,0.173473,0.155891,0.141477,0.119843
1537,1800,0.103965,0.0949736,0.0866669,0.0725102
8819,50,0.511018,0.504517,0.497709,0.484345
3537,2250,0.13283,0.117938,0.10591,0.0891917
2606,50,0.310614,0.295969,0.280865,0.252569
7810,2200,0.152406,0.133518,0.118074,0.0980225
8934,50,0.568413,0.562847,0.556031,0.539549
5896,100,0.246227,0.236498,0.226611,0.207266
6485,150,0.274467,0.258431,0.244301,0.222738
2463,150,0.267047,0.237771,0.214053,0.181699
9611,50,0.523366,0.517775,0.50842,0.477965
8876,400,0.182224,0.157883,0.138261,0.111372
4629,850,0.135866,0.129932,0.122515,0.10645
5430,50,0.438754,0.438232,0.434882,0.422912
1327,400,0.159897,0.151344,0.141501,0.120129
3742,50,0.500641,0.492327,0.48314,0.463182
409,5000,0.135285,0.126802,0.117397,0.0975839
3272,50,0.625015,0.624888,0.622098,0.610072
1207,3450,0.116067,0.109006,0.103361,0.0939784
9981,50,0.409766,0.401438,0.392254,0.375398
8017,100,0.331668,0.313092,0.295191,0.260822
6689,150,0.320686,0.302024,0.284895,0.257133
26,100,0.319531,0.311524,0.303579,0.287347
9529,2950,0.172066,0.159474,0.147998,0.129045
4768,50,0.601665,0.599653,0.596877,0.589899
7856,600,0.173197,0.164247,0.155635,0.139712
3287,2150,0.145755,0.130278,0.115822,0.0921441
2192,100,0.334592,0.307296,0.281804,0.23924
7713,100,0.309188,0.295255,0.280768,0.253194
7057,250,0.283943,0.282041,0.275646,0.255319
3714,100,0.302218,0.286253,0.269714,0.237971
9552,100,0.210013,0.187033,0.166318,0.132299
1544,50,0.304676,0.300006,0.294072,0.279806
3294,100,0.329044,0.309033,0.289114,0.251941
1193,300,0.325884,0.319446,0.309732,0.284323
4826,100,0.320353,0.300583,0.28161,0.244508
2631,2600,0.202823,0.197572,0.191622,0.178955
2111,50,0.511274,0.504195,0.495981,0.477515
8093,1650,0.222825,0.222631,0.221398,0.217341
4581,350,0.297249,0.293357,0.289185,0.281443
5049,50,0.280149,0.261824,0.245057,0.216503
5446,550,0.277576,0.26482,0.251974,0.227849
8484,50,0.367413,0.377272,0.384427,0.393658
3885,50,0.366409,0.355688,0.344747,0.323057
5098,50,0.421745,0.418366,0.413418,0.403104
8008,2650,0.257875,0.236811,0.218084,0.187553
4623,50,0.447403,0.440605,0.432606,0.41446
3733,1300,0.139873,0.123982,0.11056,0.0899909
7324,300,0.175228,0.174189,0.171725,0.164108
6711,900,0.209594,0.202831,0.194892,0.178238
2966,2700,0.239775,0.233083,0.225404,0.209136
5217,100,0.30636,0.293033,0.280399,0.259453
3812,50,0.274274,0.264792,0.254762,0.235521
2822,200,0.24023,0.224019,0.208293,0.181057
8276,150,0.272266,0.264638,0.255874,0.237505
2987,50,0.531599,0.521134,0.509794,0.486626
3868,2350,0.120231,0.112715,0.106087,0.0954924
1926,900,0.124389,0.117151,0.111526,0.103237
1351,50,0.502445,0.489169,0.476002,0.451172
2107,150,0.193793,0.18112,0.169635,0.15074
3453,1200,0.184951,0.16822,0.152451,0.125761
3674,50,0.325513,0.314924,0.302902,0.277541
7538,450,0.176064,0.171031,0.164705,0.149175
4350,200,0.24089,0.224243,0.209675,0.186066
8998,1950,0.131711,0.11287,0.0979369,0.0777482
5097,50,0.279941,0.25856,0.23946,0.207687
2718,50,0.416029,0.412354,0.409024,0.404019
4543,100,0.596422,0.587039,0.570952,0.507093
8877,50,0.546178,0.537393,0.527982,0.508034
2836,50,0.522716,0.503755,0.478683,0.405957
8791,100,0.334594,0.31634,0.297326,0.260711
2782,50,0.427018,0.403399,0.381533,0.344508
1279,50,0.280371,0.262746,0.24699,0.222539
6442,50,0.342459,0.334185,0.323726,0.298464
1447,900,0.152706,0.141732,0.131919,0.114582
2872,2200,0.176216,0.158927,0.144259,0.12317
6269,100,0.313232,0.30432,0.294859,0.276183
7302,50,0.556855,0.550484,0.542141,0.522489
9793,300,0.297698,0.275866,0.254148,0.210953
5191,50,0.467133,0.451212,0.433788,0.398067
4608,5000,0.13985,0.133213,0.125542,0.109497
1999,650,0.179793,0.146347,0.119054,0.0838141
1023,3100,0.110943,0.0913463,0.0776559,0.0627782
9225,950,0.269444,0.258316,0.245834,0.21571
2391,700,0.217777,0.200591,0.184495,0.157103
1874,200,0.236449,0.217813,0.201667,0.177496
9114,50,0.548441,0.558681,0.565026,0.56782
8238,50,0.286062,0.26798,0.249528,0.217309
4265,100,0.230343,0.211839,0.196564,0.174789
9495,300,0.165521,0.147012,0.12911,0.0995823
3682,50,0.503841,0.492201,0.478236,0.446332
6974,100,0.48774,0.480351,0.470502,0.44637
6453,200,0.171862,0.154337,0.138748,0.11451
8476,900,0.114891,0.09251,0.0768487,0.0598527
2309,50,0.576302,0.567062,0.556214,0.531813
8263,50,0.334928,0.329467,0.324076,0.31108
6020,50,0.5038,0.498676,0.492459,0.477392
1216,100,0.346449,0.342023,0.337915,0.329465
1012,50,0.259681,0.252582,0.2434,0.222811
5012,1650,0.218313,0.213544,0.20749,0.193796
1339,50,0.47242,0.462632,0.450247,0.42026
7181,150,0.212456,0.189361,0.17006,0.1427
4233,300,0.127908,0.119667,0.110522,0.0926161
8649,150,0.260012,0.239534,0.221438,0.193165
2926,150,0.197695,0.170905,0.149942,0.122251
5022,4100,0.150671,0.158017,0.16416,0.17098
5286,100,0.3076,0.29394,0.280418,0.254726
9916,100,0.216104,0.200369,0.185835,0.162127
6785,50,0.503832,0.494382,0.484918,0.465955
3300,50,0.380561,0.373075,0.36433,0.344048
555,50,0.431504,0.418713,0.404935,0.377192
3444,1450,0.136842,0.139683,0.140562,0.137655
315,250,0.486909,0.487137,0.481766,0.460876
563,200,0.266974,0.250619,0.234761,0.206984
9629,50,0.263123,0.239179,0.218531,0.187058
9523,50,0.46523,0.455851,0.442594,0.403889
6979,200,0.145474,0.127517,0.114516,0.0989718
9468,50,0.278604,0.277047,0.272507,0.257703
2544,250,0.173849,0.161786,0.150961,0.132673
5333,100,0.313864,0.297493,0.278197,0.238223
9877,50,0.267001,0.2499,0.234551,0.209184
687,100,0.438479,0.431691,0.424712,0.410744
7068,3050,0.140293,0.131929,0.123564,0.108628
2754,800,0.167505,0.153231,0.140346,0.119997
8126,50,0.240161,0.232221,0.224522,0.209985
8440,150,0.377924,0.36496,0.349481,0.314093
4217,1050,0.166766,0.152965,0.141198,0.121665
1925,50,0.398827,0.377744,0.35686,0.319271
6106,100,0.286892,0.264042,0.245284,0.217053
9166,50,0.355187,0.357961,0.356813,0.346172
4397,50,0.574579,0.568051,0.560181,0.542476
6060,3950,0.14672,0.145914,0.142643,0.1306
8971,50,0.538618,0.521606,0.504012,0.462058
2060,1900,0.117604,0.105808,0.0950502,0.0769074
2565,50,0.753518,0.754599,0.753864,0.749519
4522,150,0.293222,0.273618,0.254437,0.215208
1573,50,0.363217,0.350345,0.336862,0.309482
9555,100,0.290337,0.273537,0.257434,0.228867
4524,50,0.294411,0.296334,0.297152,0.295557
6186,600,0.124417,0.11497,0.106484,0.0914879
1509,1600,0.177366,0.170035,0.162512,0.146568
8049,200,0.208954,0.189208,0.17161,0.144573
6896,100,0.472497,0.456423,0.438959,0.404446
1771,5000,0.160404,0.148619,0.136957,0.116015
5379,50,0.436239,0.426631,0.41722,0.398881
3401,100,0.483905,0.471609,0.455847,0.419419
1347,1050,0.231829,0.219169,0.205795,0.179958
3745,50,0.444375,0.439204,0.43064,0.40664
2556,50,0.367683,0.35521,0.340257,0.305936
3254,50,0.306055,0.301382,0.295282,0.281125
5042,200,0.261013,0.243112,0.227101,0.200458
4724,150,0.288095,0.27692,0.265312,0.242546
9449,50,0.384814,0.378755,0.36753,0.335365
9115,950,0.239724,0.222557,0.205816,0.175737
938,1750,0.225243,0.213998,0.204936,0.193278
8623,50,0.429322,0.428631,0.425867,0.415505
5933,50,0.279631,0.266608,0.255637,0.237689
2137,550,0.126085,0.110609,0.0974647,0.0788259
273,50,0.221813,0.202137,0.185316,0.159213
7782,50,0.380316,0.367509,0.352937,0.321061
503,50,0.362672,0.380408,0.389975,0.390756
872,50,0.310765,0.295873,0.280102,0.244531
9059,50,0.461581,0.449669,0.437084,0.412337
4510,200,0.262505,0.251385,0.240102,0.218288
1585,50,0.37394,0.368452,0.361773,0.346159
6542,650,0.335694,0.324052,0.310737,0.282336
3549,100,0.244976,0.238071,0.22974,0.209894
9332,150,0.279908,0.268052,0.257087,0.23874
488,950,0.126842,0.108795,0.0951016,0.0773977
7214,50,0.409516,0.393301,0.378216,0.350733
5018,50,0.395136,0.394303,0.391875,0.381735
8314,50,0.35417,0.329456,0.307994,0.273791
9257,2850,0.120655,0.107733,0.0984568,0.0875996
141,50,0.516273,0.508388,0.498885,0.476396
4595,50,0.256044,0.236545,0.21783,0.185397
5695,1500,0.127753,0.111173,0.0987309,0.0828224
4579,3200,0.186692,0.166171,0.149457,0.125803
7527,50,0.192275,0.181653,0.17151,0.154083
9321,100,0.392445,0.370351,0.349943,0.316111
239,650,0.140675,0.130515,0.122723,0.11153
5485,150,0.265262,0.249765,0.232835,0.199728
4188,50,0.268124,0.235675,0.208028,0.168755
7689,100,0.23704,0.221614,0.206346,0.178342
1027,50,0.527344,0.520508,0.514881,0.507388
9496,50,0.563612,0.555681,0.54801,0.534184
6090,100,0.398745,0.384675,0.369559,0.333805
4702,300,0.154345,0.133808,0.117527,0.095636
7879,300,0.254205,0.234461,0.216164,0.183785
4760,350,0.245333,0.230999,0.218468,0.195987
1146,5000,0.145734,0.134618,0.123712,0.104612
6960,50,0.349675,0.342374,0.337934,0.340808
351,3800,0.224509,0.219873,0.214002,0.199372
1525,2450,0.125865,0.116223,0.108096,0.0977554
9753,500,0.228829,0.213116,0.197496,0.167324
9619,550,0.186631,0.170037,0.156237,0.136147
9715,500,0.183961,0.161129,0.142306,0.113175
5717,100,0.390835,0.378757,0.366024,0.336511
2452,50,0.288847,0.274016,0.260113,0.236131
7907,50,0.370354,0.352971,0.337455,0.312709
2356,100,0.292001,0.274385,0.257479,0.223906
9868,50,0.67688,0.672745,0.667249,0.65274
8833,250,0.191556,0.171357,0.155088,0.133092
4525,50,0.236158,0.21816,0.202539,0.180307
4990,50,0.549152,0.54315,0.538834,0.535671
8237,50,0.296287,0.273513,0.251288,0.213155
9067,50,0.432713,0.408882,0.385111,0.34108
8468,50,0.334996,0.318059,0.301105,0.269193
1029,1350,0.154772,0.133062,0.115826,0.0925437
251,50,0.413311,0.399253,0.383898,0.351323
4733,50,0.358306,0.343302,0.326005,0.283122
4528,400,0.224706,0.205549,0.190282,0.170027
817,1800,0.131341,0.119587,0.108932,0.0910013
3074,5000,0.111579,0.107223,0.103551,0.100359
5494,50,0.300905,0.299911,0.295366,0.280136
102,1500,0.166803,0.150915,0.138523,0.12211
3267,50,0.578462,0.576406,0.571006,0.554184
4610,2550,0.15954,0.14548,0.13226,0.109834
4540,50,0.32119,0.294667,0.270866,0.231737
8958,300,0.158669,0.14536,0.13488,0.120154
3111,1500,0.117495,0.108708,0.101375,0.0898215
2860,4350,0.130674,0.123066,0.115138,0.0997991
5053,50,0.430498,0.417567,0.403399,0.372137
1616,50,0.390849,0.370817,0.351459,0.316516
6331,50,0.192679,0.183628,0.17724,0.169875
4979,750,0.196774,0.193173,0.188837,0.175525
6202,50,0.469356,0.475892,0.474735,0.457409
4511,400,0.133379,0.125732,0.118981,0.10541
3969,450,0.228883,0.215483,0.201482,0.174759
7737,50,0.420158,0.408771,0.39459,0.358735
6520,50,0.566598,0.562995,0.556768,0.540734
1147,700,0.147897,0.12967,0.115884,0.0969064
4533,100,0.225805,0.217346,0.206557,0.181607
2053,50,0.430793,0.41469,0.398109,0.36638
6722,50,0.314134,0.305823,0.295988,0.271133
9187,50,0.596085,0.59597,0.593351,0.580417
1853,50,0.466325,0.455926,0.446503,0.428719
236,100,0.189673,0.17341,0.158338,0.134342
1393,100,0.373466,0.369557,0.364281,0.351147
56,200,0.197543,0.172645,0.153644,0.128471
1552,150,0.158249,0.148354,0.139117,0.123598
497,50,0.256308,0.242557,0.22918,0.204522
8123,1450,0.109881,0.103455,0.0960744,0.0802655
3442,50,0.384241,0.38272,0.37915,0.36564
8752,1600,0.125728,0.112571,0.101754,0.0867848
2373,50,0.416542,0.39283,0.369699,0.328809
1315,50,0.401598,0.380724,0.361272,0.32459
1311,50,0.581563,0.576985,0.571919,0.560589
9689,5000,0.116771,0.113281,0.108154,0.0955581
8361,4400,0.190979,0.178596,0.167943,0.152391
1272,450,0.237252,0.220593,0.205703,0.182625
4831,200,0.305099,0.285902,0.269204,0.244198
9131,50,0.497786,0.493484,0.488551,0.47701
9526,5000,0.232277,0.234369,0.233116,0.224498
5825,600,0.119859,0.104482,0.091185,0.0706879
6981,50,0.514163,0.502889,0.490186,0.461994
4356,850,0.159178,0.150012,0.141083,0.125306
7639,600,0.172267,0.142535,0.120408,0.0938887
6069,50,0.488256,0.497669,0.503731,0.508133
9264,100,0.345895,0.330933,0.316286,0.28883
2496,50,0.629793,0.636707,0.637901,0.62871
9123,600,0.227955,0.210141,0.195017,0.171038
1940,300,0.250255,0.246186,0.242212,0.235016
7121,400,0.233425,0.224436,0.215222,0.197623
7809,150,0.203713,0.176379,0.152806,0.117834
868,50,0.360153,0.351101,0.341014,0.319721
9485,50,0.436515,0.43051,0.422214,0.401336
3366,2400,0.206981,0.191827,0.178273,0.157405
3421,450,0.219892,0.197106,0.17773,0.147929
2164,50,0.494793,0.484888,0.47461,0.453848
5111,50,0.464648,0.451298,0.437481,0.410019
5951,50,0.349322,0.333451,0.318305,0.291206
9545,50,0.502242,0.491382,0.479271,0.453591
1952,150,0.325551,0.306666,0.288485,0.256957
5797,300,0.183591,0.165265,0.148932,0.122211
214,450,0.21137,0.209585,0.205221,0.191039
5112,50,0.471399,0.462055,0.451006,0.426639
3317,50,0.273266,0.241976,0.21684,0.180496
9433,3500,0.120851,0.106063,0.0929112,0.0714563
2868,100,0.348282,0.338643,0.327371,0.301923
719,200,0.189498,0.167532,0.149811,0.125656
5438,700,0.215699,0.204148,0.191578,0.165984
8827,1100,0.185853,0.167667,0.153603,0.134352
4599,1000,0.146739,0.143045,0.138897,0.129346
1364,100,0.30365,0.28032,0.259594,0.228295
2139,50,0.378184,0.367586,0.356583,0.333565
6623,800,0.166158,0.161568,0.156832,0.147207
3712,50,0.384852,0.376602,0.366778,0.34467
5323,600,0.227718,0.213169,0.199042,0.173407
4427,700,0.187926,0.1681,0.152797,0.134656
2156,400,0.168108,0.156652,0.146456,0.130317
7532,50,0.452915,0.440838,0.427149,0.397824
7399,50,0.570333,0.566693,0.561686,0.547748
5337,4150,0.124355,0.110001,0.097914,0.0806748
4657,2450,0.209987,0.204194,0.196435,0.176941
4498,200,0.291723,0.272876,0.256101,0.228465
1228,50,0.266405,0.253528,0.241237,0.219887
7453,450,0.194218,0.177321,0.16413,0.145217
3944,50,0.476055,0.47396,0.470295,0.459393
6457,250,0.284265,0.272934,0.262305,0.244349
3410,50,0.382139,0.363713,0.345884,0.3175
1674,250,0.2073,0.194612,0.182139,0.158572
4375,200,0.196709,0.182048,0.16899,0.14943
624,550,0.228027,0.219613,0.208524,0.182689
4683,50,0.370102,0.358542,0.345362,0.317242
4288,250,0.2159,0.197043,0.181133,0.157483
2413,500,0.115532,0.104958,0.0957728,0.0814094
7135,100,0.230084,0.218061,0.206866,0.187689
6654,50,0.34724,0.328538,0.311219,0.282762
2845,50,0.305611,0.289016,0.272871,0.244351
6837,50,0.504598,0.498417,0.489913,0.469193
366,800,0.262301,0.270019,0.273338,0.270734
779,1600,0.190857,0.193108,0.19148,0.180118
6708,1400,0.196646,0.184174,0.172714,0.152789
6604,50,0.401255,0.401237,0.399066,0.389923
9999,100,0.241995,0.220299,0.201514,0.171975
165,50,0.38079,0.372228,0.361072,0.334765
5370,4400,0.278487,0.269414,0.259159,0.236752
6767,50,0.381795,0.36589,0.349285,0.311708
1836,50,0.604817,0.598421,0.590798,0.572249
9104,950,0.161235,0.143285,0.127938,0.104558
1409,50,0.541455,0.528994,0.514109,0.47943
5904,50,0.469746,0.463154,0.456362,0.44255
1994,200,0.258374,0.245797,0.233477,0.210827
120,50,0.469509,0.45617,0.44405,0.424075
136,50,0.385042,0.377126,0.368004,0.346961
892,3200,0.289843,0.288988,0.283721,0.264912
9616,5000,0.269737,0.260434,0.251706,0.237414
2073,300,0.22431,0.201664,0.181974,0.151786
7449,3600,0.123988,0.111891,0.10196,0.08634
5048,50,0.429997,0.425366,0.417518,0.38905
9596,50,0.34476,0.338416,0.331097,0.315877
3800,50,0.380419,0.364859,0.347833,0.306414
4162,150,0.219755,0.197249,0.179001,0.149475
6307,250,0.347071,0.339866,0.332649,0.318124
3322,200,0.33501,0.32768,0.317435,0.292013
1250,950,0.19088,0.180156,0.16993,0.152197
8026,200,0.188363,0.168148,0.151906,0.130021
587,100,0.331189,0.314316,0.29703,0.261919
2968,50,0.615788,0.611435,0.603111,0.577928
2547,50,0.332917,0.320966,0.306841,0.276525
3778,50,0.361249,0.351715,0.342226,0.321481
7027,50,0.708693,0.710721,0.711331,0.709894
4235,50,0.462952,0.455331,0.446552,0.423422
2572,100,0.348386,0.327778,0.307727,0.272043
5573,1600,0.118794,0.0985298,0.0831863,0.0638508
4502,1000,0.254994,0.236202,0.218705,0.189005
4232,50,0.343275,0.335847,0.32822,0.312635
8244,50,0.568046,0.56617,0.561956,0.547446
3848,150,0.23998,0.224913,0.210369,0.183476
4582,50,0.331866,0.337536,0.342076,0.349847
234,1050,0.218326,0.200253,0.184673,0.160322
8662,50,0.38646,0.387141,0.386192,0.381826
9669,50,0.377764,0.378965,0.377162,0.366455
7118,50,0.503726,0.497445,0.49132,0.483246
4297,50,0.429819,0.409511,0.389664,0.352698
7042,50,0.32711,0.29982,0.27631,0.241819
3288,1250,0.218977,0.208706,0.1972,0.153714
323,1050,0.212284,0.198605,0.185714,0.163996
1277,50,0.460646,0.46118,0.458972,0.447167
8679,50,0.398626,0.388219,0.376029,0.348612
271,850,0.239331,0.217232,0.197554,0.165876
9444,50,0.423918,0.420138,0.412251,0.389889
62,1300,0.130432,0.114843,0.102956,0.087646
7441,800,0.147338,0.13573,0.126262,0.111911
7421,2500,0.136895,0.113559,0.0949546,0.0699544
8438,5000,0.302648,0.301166,0.29606,0.280225
3614,950,0.152541,0.130609,0.115779,0.10039
7596,1800,0.150048,0.134306,0.121816,0.105323
792,50,0.406721,0.399211,0.390896,0.37293
401,50,0.488233,0.483041,0.477029,0.462817
2343,50,0.325266,0.328092,0.326421,0.313766
5192,100,0.415323,0.401744,0.388475,0.360683
356,50,0.570056,0.563599,0.554304,0.527155
118,50,0.616787,0.611467,0.605249,0.59049
4290,300,0.141083,0.122933,0.108738,0.0900185
9642,50,0.294248,0.28101,0.26637,0.236021
9639,50,0.53371,0.528789,0.521659,0.503608
831,4800,0.148216,0.138563,0.128375,0.108609
9756,50,0.336727,0.310363,0.287589,0.253965
7084,1300,0.162693,0.147888,0.137019,0.123155
1507,200,0.121644,0.10881,0.0979987,0.0825181
3962,800,0.169392,0.161187,0.152838,0.136252
9213,1250,0.211947,0.205483,0.197569,0.178443
3633,1150,0.180573,0.161982,0.145208,0.118697
1802,2050,0.19028,0.182707,0.174951,0.160359
3884,50,0.238289,0.231072,0.22387,0.205995
3280,50,0.36596,0.358675,0.349716,0.327258
8505,200,0.293751,0.284488,0.275457,0.259113
8756,3350,0.123656,0.102096,0.0845425,0.0606572
2294,1950,0.16614,0.152556,0.139503,0.11738
8849,5000,0.126259,0.116925,0.108659,0.0945768
6040,50,0.369666,0.346769,0.323669,0.281651
4286,50,0.411658,0.398091,0.384995,0.360456
8234,150,0.226388,0.205017,0.185612,0.155206
5912,200,0.281617,0.26347,0.249002,0.227561
9033,5000,0.123589,0.117687,0.110264,0.0938796
5967,50,0.363403,0.371274,0.373154,0.36483
586,50,0.361017,0.363907,0.362063,0.347863
1048,500,0.267446,0.251424,0.235072,0.203178
1428,50,0.324541,0.300898,0.278212,0.240553
8801,250,0.242758,0.224307,0.208111,0.181321
2771,50,0.222342,0.207558,0.192235,0.161158
197,50,0.552805,0.557701,0.561265,0.563838
7022,400,0.232405,0.22544,0.217526,0.201097
3100,750,0.200576,0.187338,0.174973,0.153172
725,150,0.306766,0.290147,0.274305,0.245502
4355,50,0.68447,0.682082,0.678744,0.669856
3325,50,0.653837,0.653036,0.650548,0.641767
9651,50,0.302728,0.291316,0.280268,0.259955
1499,450,0.121344,0.111077,0.102885,0.0911122
8010,350,0.193544,0.175853,0.161473,0.140106
8809,2800,0.387764,0.388139,0.387187,0.384684
2820,250,0.222651,0.206039,0.191014,0.165442
8455,50,0.484602,0.479482,0.473371,0.459682
9823,150,0.205017,0.193314,0.181859,0.160033
6619,50,0.765381,0.765613,0.762968,0.752507
5788,50,0.270127,0.238413,0.209605,0.162893
6677,50,0.531015,0.520932,0.50971,0.48507
515,50,0.325853,0.310675,0.295709,0.269149
6718,550,0.252233,0.228789,0.208267,0.174511
5804,100,0.320394,0.303952,0.288038,0.256938
3494,100,0.424843,0.409388,0.393702,0.363846
2023,50,0.356975,0.351106,0.342335,0.319163
1293,1150,0.154404,0.144683,0.136141,0.121189
2162,1500,0.291799,0.28405,0.275485,0.254874
4707,950,0.164309,0.153473,0.144113,0.130196
3559,50,0.313343,0.310154,0.303126,0.281444
7760,50,0.270174,0.256736,0.243727,0.219086
2584,50,0.62559,0.624712,0.621517,0.610324
4418,650,0.211532,0.194553,0.180277,0.160094
375,100,0.483791,0.472348,0.461407,0.441188
3601,50,0.430285,0.424711,0.418205,0.403514
7910,100,0.420021,0.413851,0.406856,0.393053
6528,700,0.16493,0.155818,0.147531,0.13342
1528,50,0.438235,0.437805,0.43752,0.43719
8511,100,0.353841,0.344419,0.334828,0.317538
4008,450,0.171371,0.154949,0.141159,0.120577
9255,250,0.223633,0.205513,0.188773,0.15742
5987,50,0.39001,0.373464,0.355277,0.317191
8965,50,0.596835,0.588956,0.579817,0.559691
2939,2350,0.202983,0.203952,0.202517,0.193463
6183,400,0.204252,0.201242,0.196534,0.184528
4523,2250,0.124604,0.108419,0.0950178,0.075019
5796,150,0.447913,0.435921,0.423509,0.398902
7265,300,0.148095,0.134841,0.123783,0.107284
8240,50,0.235021,0.202881,0.176278,0.138839
1974,650,0.1541,0.141023,0.128992,0.108453
1543,50,0.432024,0.433777,0.430227,0.409407
7964,50,0.491011,0.498004,0.499198,0.491773
8493,250,0.164718,0.145448,0.129596,0.107093
3441,350,0.37304,0.359896,0.346808,0.322285
8177,2400,0.255374,0.242245,0.228053,0.199738
1697,50,0.289965,0.281654,0.271506,0.247639
8378,50,0.251118,0.239045,0.225488,0.198303
4019,50,0.577778,0.568884,0.558255,0.533368
5885,250,0.166146,0.145648,0.128358,0.10411
4802,100,0.346075,0.340712,0.332598,0.311034
1316,200,0.219709,0.213465,0.206316,0.189672
9534,550,0.17733,0.165807,0.154346,0.132919
9582,50,0.545891,0.543643,0.539994,0.529032
7911,50,0.255327,0.2454,0.234329,0.210924
2340,250,0.204073,0.196325,0.188522,0.17371
5418,350,0.273598,0.252623,0.233412,0.201314
5755,50,0.226157,0.203891,0.184386,0.152772
6274,50,0.275069,0.267435,0.259273,0.242805
4416,200,0.266523,0.260754,0.254212,0.238543
636,50,0.336474,0.351307,0.365511,0.389584
8554,1200,0.259621,0.255744,0.24977,0.234475
2611,400,0.16384,0.144997,0.127817,0.100826
7952,5000,0.148567,0.13722,0.127584,0.113366
617,150,0.287073,0.277988,0.26934,0.253167
3469,1200,0.18535,0.182478,0.178263,0.167684
9432,50,0.306532,0.285718,0.266288,0.230747
9859,50,0.424633,0.403089,0.380619,0.331595
7094,2800,0.20064,0.193926,0.186532,0.17194
4070,1400,0.154332,0.145849,0.136648,0.118256
3911,1300,0.164126,0.142286,0.124686,0.100643
6696,50,0.412102,0.40233,0.391849,0.370029
4994,650,0.124223,0.117034,0.110165,0.097302
3303,50,0.438028,0.429253,0.419898,0.399916
8818,2000,0.114625,0.105849,0.0993042,0.0889657
6173,750,0.176084,0.172269,0.167094,0.154233
6694,50,0.417372,0.410627,0.403597,0.389315
4403,850,0.168232,0.143709,0.123905,0.0966259
8227,2200,0.126814,0.121013,0.115549,0.106037
8233,250,0.175909,0.163391,0.153635,0.142277
2862,50,0.359394,0.362922,0.362635,0.35291
5608,750,0.189533,0.174908,0.163111,0.146724
2198,1550,0.115258,0.109204,0.103703,0.094605
4302,100,0.252234,0.242954,0.231987,0.204948
6870,4600,0.122538,0.111594,0.102232,0.0869923
1995,2650,0.164376,0.147646,0.133118,0.112309
8513,50,0.441926,0.426461,0.410629,0.379055
8551,200,0.304474,0.284354,0.266967,0.239191
7731,50,0.617352,0.61483,0.610972,0.599839
8105,850,0.210521,0.198674,0.186207,0.162406
2009,50,0.46824,0.459811,0.451894,0.437769
8245,50,0.367919,0.36418,0.358587,0.343844
5478,500,0.21307,0.206662,0.199176,0.183219
3887,500,0.208565,0.209231,0.207104,0.197343
9658,450,0.301165,0.28169,0.264114,0.235497
5821,50,0.403859,0.389126,0.373473,0.342549
6901,150,0.324218,0.304527,0.284762,0.243914
2713,50,0.33617,0.314401,0.290571,0.22993
8156,50,0.541934,0.530649,0.518382,0.493536
2178,850,0.233784,0.222897,0.211744,0.189584
9819,250,0.209851,0.192124,0.175525,0.148342
4261,750,0.150869,0.138286,0.127479,0.110851
1706,400,0.251697,0.240431,0.229859,0.209432
6505,200,0.273924,0.263323,0.25202,0.229395
8782,50,0.336554,0.317608,0.29886,0.263366
9337,50,0.572101,0.575014,0.576774,0.576843
4295,100,0.398908,0.384887,0.370774,0.34123
9891,100,0.265386,0.252841,0.239683,0.214891
7052,50,0.441358,0.439854,0.434751,0.417869
9053,250,0.147556,0.132371,0.119379,0.0993765
3094,50,0.379694,0.36066,0.342038,0.307448
2590,300,0.17674,0.175656,0.17297,0.164033
2305,500,0.184674,0.173513,0.163156,0.145695
4804,50,0.588218,0.585561,0.58188,0.57495
8722,200,0.263054,0.246517,0.232609,0.211417
5520,250,0.257532,0.243915,0.229992,0.202575
4551,50,0.471511,0.462607,0.454275,0.439662
6229,50,0.309253,0.296874,0.283092,0.254625
3789,50,0.516401,0.504006,0.490072,0.460945
8684,1600,0.176489,0.161685,0.148601,0.128287
1457,1800,0.209597,0.177671,0.151289,0.115896
3838,350,0.144557,0.125305,0.109191,0.0852745
9195,1500,0.117507,0.115282,0.113321,0.109938
132,100,0.230981,0.21083,0.191808,0.160082
1118,100,0.373239,0.369813,0.3658,0.357756
2235,50,0.270237,0.262607,0.254685,0.238651
4916,1300,0.148076,0.134585,0.122918,0.10538
5995,250,0.348616,0.341466,0.333278,0.315294
1590,900,0.214157,0.201817,0.189386,0.166681
1596,50,0.271682,0.250628,0.231791,0.201693
6548,50,0.546711,0.542334,0.536966,0.524655
3396,50,0.559926,0.548129,0.534543,0.503556
5791,50,0.354846,0.333058,0.313946,0.283636
5574,100,0.263671,0.256311,0.247362,0.227629
5137,3800,0.135135,0.116742,0.102633,0.084588
4967,900,0.15019,0.138327,0.127942,0.110566
1862,650,0.104097,0.0917656,0.0810943,0.064762
5487,2100,0.0849042,0.0775615,0.0722352,0.0645453
9163,150,0.240227,0.220542,0.202649,0.173452
1097,450,0.253309,0.239725,0.225801,0.20092
9567,3300,0.242035,0.231036,0.217627,0.188672
830,50,0.330225,0.317638,0.303705,0.276433
3986,50,0.557434,0.550014,0.540868,0.51819
9771,50,0.420088,0.405721,0.389445,0.349764
6350,650,0.200571,0.181909,0.1659,0.141381
8824,50,0.380346,0.370387,0.360471,0.343829
2286,100,0.306768,0.292534,0.278344,0.251088
3990,50,0.388025,0.374808,0.361753,0.336221
1407,100,0.28631,0.269835,0.254998,0.230687
2078,300,0.164131,0.143923,0.128009,0.104747
5237,150,0.281337,0.245701,0.216839,0.176043
9058,350,0.169446,0.15899,0.148156,0.127209
4200,1250,0.141761,0.125343,0.111613,0.0911065
331,1350,0.180363,0.170703,0.161019,0.140843
6537,2200,0.243272,0.229319,0.214672,0.187147
9792,100,0.366617,0.358273,0.348365,0.324782
5557,50,0.562893,0.565973,0.566348,0.561017
5082,50,0.425665,0.420983,0.414811,0.399078
1200,100,0.296593,0.275605,0.255593,0.221815
7343,5000,0.179955,0.171713,0.16254,0.143739
5539,1350,0.149096,0.137874,0.128783,0.11333
2450,1250,0.187221,0.164522,0.146409,0.120615
1797,50,0.52202,0.513119,0.503989,0.485454
3535,50,0.36373,0.342033,0.320191,0.274295
1869,5000,0.188231,0.176973,0.16498,0.141677
3609,50,0.444272,0.434057,0.422956,0.394632
5218,3750,0.27072,0.265323,0.258404,0.240106
7155,100,0.218308,0.213624,0.206661,0.188417
3721,150,0.318877,0.306637,0.293478,0.266437
6192,850,0.180189,0.172571,0.164634,0.149832
6034,3600,0.137589,0.133875,0.128648,0.116985
3731,5000,0.112316,0.10307,0.0947651,0.0814986
1921,100,0.360333,0.345283,0.328777,0.29539
2624,50,0.454712,0.447797,0.438789,0.417387
3554,50,0.383243,0.362859,0.3405,0.263807
1108,50,0.377503,0.352441,0.329315,0.292228
3228,50,0.653635,0.653863,0.650159,0.635428
2994,50,0.309028,0.287886,0.268082,0.234895
987,5000,0.115487,0.107018,0.0990054,0.08548
5988,50,0.655372,0.666102,0.671452,0.671867
726,50,0.542314,0.534516,0.524608,0.501016
6559,100,0.34839,0.333404,0.318903,0.291429
1721,50,0.382647,0.372781,0.362129,0.339943
343,300,0.301616,0.293018,0.282292,0.25726
9212,250,0.159804,0.139153,0.1222,0.0974571
2088,350,0.20905,0.195427,0.182943,0.159604
3555,250,0.242875,0.213183,0.188164,0.152394
5354,50,0.322528,0.305536,0.289134,0.261189
7060,100,0.266277,0.247233,0.228918,0.197394
1410,2350,0.134509,0.12548,0.116538,0.0999041
8926,50,0.299881,0.272204,0.247505,0.208995
8265,100,0.292007,0.280593,0.266673,0.236211
2838,200,0.214213,0.193881,0.177977,0.159848
1443,250,0.244721,0.232302,0.220649,0.20037
6674,1850,0.192296,0.177468,0.16298,0.137924
5776,200,0.270579,0.249459,0.230424,0.199475
5649,50,0.518379,0.499653,0.482303,0.451766
6671,50,0.443033,0.426011,0.408601,0.368176
6487,50,0.49579,0.484304,0.473804,0.455128
9102,350,0.177976,0.164231,0.152941,0.135836
7185,50,0.305778,0.294032,0.280502,0.250896
6462,50,0.354038,0.334114,0.316279,0.285369
5314,300,0.222513,0.213773,0.204385,0.184678
8862,50,0.501395,0.498562,0.494312,0.483636
2059,50,0.425026,0.41785,0.408273,0.38586
6093,100,0.26484,0.24793,0.232497,0.206531
6479,1000,0.166948,0.151076,0.137651,0.116504
3805,150,0.236949,0.240406,0.240532,0.233356
4712,350,0.247909,0.217737,0.193337,0.158628
1677,100,0.326685,0.311843,0.296789,0.267685
3235,50,0.380325,0.365108,0.348551,0.310857
1627,50,0.417362,0.411533,0.403168,0.38172
3227,50,0.377692,0.376772,0.373165,0.360416
3700,250,0.348648,0.334116,0.318805,0.287429
6262,50,0.306169,0.310066,0.311343,0.306603
6554,5000,0.180913,0.167267,0.154375,0.132544
9834,4250,0.223164,0.21142,0.200809,0.182852
7967,200,0.360988,0.334868,0.31117,0.270779
1643,400,0.212452,0.20069,0.188924,0.168057
3276,2850,0.173616,0.166316,0.157766,0.139282
7297,50,0.375356,0.370286,0.363699,0.346867
9944,1800,0.196866,0.188894,0.180979,0.16516
1811,300,0.127605,0.116013,0.107418,0.0957541
6721,50,0.386798,0.375959,0.363795,0.338608
2597,2150,0.142969,0.117946,0.09925,0.0751199
7806,100,0.371931,0.360189,0.347189,0.32012
4364,500,0.299424,0.281815,0.266203,0.240839
9900,300,0.223589,0.201349,0.181957,0.15119
8356,1100,0.254777,0.250214,0.24337,0.224836
7370,350,0.192248,0.165673,0.145479,0.120376
9155,50,0.576752,0.571333,0.564787,0.549464
6880,800,0.109198,0.0970248,0.0873631,0.0752565
4226,700,0.177121,0.160116,0.146742,0.126675
7321,150,0.261137,0.248788,0.236365,0.210944
7386,400,0.177346,0.171569,0.1648,0.149522
2419,50,0.458481,0.44722,0.436243,0.415696
3811,550,0.177526,0.164819,0.154725,0.139082
3058,1350,0.130912,0.119818,0.1107,0.0975307
9327,100,0.329726,0.324514,0.320398,0.318373
450,5000,0.149557,0.14193,0.13399,0.117977
7011,550,0.254562,0.245036,0.23452,0.212284
5100,150,0.181688,0.172417,0.164235,0.14928
4957,1200,0.132157,0.125292,0.118193,0.104482
2918,50,0.377493,0.371149,0.363936,0.346821
4002,50,0.298512,0.285763,0.273379,0.250588
3038,550,0.231068,0.228491,0.224112,0.212003
7778,150,0.150932,0.141383,0.132571,0.117309
8841,100,0.401791,0.395398,0.386022,0.358748
8028,50,0.322627,0.301377,0.281388,0.250516
4052,50,0.640531,0.643674,0.645213,0.643448
2285,1250,0.28786,0.269417,0.252905,0.225295
8209,100,0.313672,0.299458,0.284368,0.250216
2501,100,0.23274,0.213594,0.196946,0.171893
1396,150,0.264153,0.250162,0.235453,0.208665
979,950,0.189235,0.173137,0.158789,0.136473
8575,100,0.223629,0.203441,0.187582,0.167406
6393,50,0.398684,0.389812,0.378061,0.347353
5924,100,0.38723,0.375877,0.364753,0.343523
9955,250,0.24844,0.222098,0.200581,0.170692
168,2650,0.1259,0.116854,0.109081,0.0970869
5488,1200,0.153581,0.134412,0.117723,0.0920143
9613,50,0.567466,0.558623,0.547892,0.522771
9305,250,0.27398,0.258619,0.242682,0.205406
2625,50,0.282389,0.276065,0.268752,0.251556
4236,3150,0.145737,0.128772,0.115165,0.0965551
9183,100,0.393299,0.388729,0.383083,0.369218
9650,3600,0.102302,0.0839416,0.0713303,0.0573472
4076,300,0.229643,0.213166,0.198605,0.175088
9242,300,0.272132,0.268475,0.261254,0.238812
8386,50,0.260752,0.25178,0.243501,0.228786
3999,50,0.439884,0.440815,0.439287,0.430987
9412,50,0.28536,0.276564,0.266674,0.246583
8460,50,0.255368,0.240889,0.226999,0.203238
6219,50,0.316601,0.301674,0.289051,0.270157
1350,1550,0.116288,0.103882,0.0932377,0.0772755
9381,50,0.42396,0.403075,0.382715,0.346766
3729,50,0.417778,0.414873,0.409178,0.391378
5230,50,0.612304,0.613986,0.61166,0.596943
8142,50,0.428723,0.41641,0.402961,0.374989
5536,2450,0.116311,0.10821,0.099551,0.0833664
8757,50,0.313222,0.313111,0.310386,0.299621
360,300,0.233977,0.224947,0.215321,0.196917
753,50,0.246298,0.236533,0.224545,0.198118
709,400,0.164778,0.159294,0.154537,0.147833
4460,50,0.468404,0.469336,0.468038,0.461817
4198,1800,0.340693,0.322333,0.303907,0.269277
9347,250,0.245219,0.237351,0.227251,0.205629
8048,50,0.358478,0.358351,0.35452,0.339635
5243,350,0.212481,0.196466,0.182024,0.158198
5633,150,0.217698,0.200324,0.184745,0.160149
1791,900,0.132546,0.119207,0.108673,0.0940134
5074,1150,0.218045,0.206185,0.19626,0.179707
8262,50,0.236462,0.232805,0.228163,0.216839
244,50,0.280341,0.260975,0.24371,0.215327
4101,50,0.37763,0.37081,0.362751,0.344258
5938,50,0.452184,0.442826,0.431726,0.405831
6207,450,0.137456,0.124058,0.112456,0.0940587
7466,5000,0.119524,0.114444,0.109039,0.0981272
3784,200,0.194569,0.186046,0.178422,0.165018
6105,50,0.467664,0.467634,0.465741,0.457858
2707,50,0.33556,0.321783,0.309697,0.289802
3558,100,0.401628,0.393285,0.384632,0.367799
1416,550,0.128893,0.114219,0.102847,0.0872576
6796,300,0.261601,0.248295,0.236059,0.21478
2117,50,0.284192,0.277646,0.269532,0.247982
9590,1450,0.128132,0.119904,0.111939,0.0980246
4984,600,0.232533,0.219851,0.208774,0.191624
1253,100,0.436389,0.412225,0.388181,0.33835
7564,50,0.495342,0.480661,0.465729,0.437476
577,50,0.613286,0.600082,0.580818,0.487902
9326,200,0.299548,0.284056,0.266655,0.231962
4855,100,0.399312,0.383202,0.368667,0.343689
9987,50,0.451967,0.453835,0.452059,0.441838
4499,450,0.222871,0.212206,0.203227,0.191765
2832,50,0.259427,0.260628,0.258007,0.245763
6514,50,0.508652,0.498008,0.485464,0.45731
380,50,0.595149,0.598267,0.599552,0.598057
561,50,0.35017,0.340678,0.330366,0.309123
7316,50,0.34992,0.334127,0.317849,0.286288
8787,100,0.281218,0.270595,0.258361,0.232924
6819,50,0.330346,0.310327,0.290405,0.252537
4344,50,0.269415,0.255501,0.242885,0.221412
6749,700,0.138156,0.125225,0.114806,0.100268
839,1900,0.199196,0.189659,0.178122,0.15381
4478,50,0.366937,0.357183,0.345561,0.320726
175,400,0.253847,0.238632,0.224751,0.20201
2362,50,0.556064,0.55527,0.552688,0.543284
1989,50,0.420974,0.413189,0.404535,0.386082
2134,250,0.215215,0.190449,0.169006,0.137167
6799,50,0.367706,0.34332,0.321876,0.285235
5935,50,0.252976,0.237559,0.223317,0.199237
8672,150,0.149512,0.136961,0.126122,0.110191
8795,50,0.545879,0.539991,0.533417,0.518394
7473,1500,0.138126,0.120101,0.10602,0.0872871
815,2200,0.144729,0.133658,0.123205,0.106178
5999,150,0.31113,0.298163,0.283803,0.253479
4602,50,0.362345,0.348005,0.333229,0.304547
2814,100,0.265327,0.25314,0.240704,0.218059
2473,50,0.344096,0.316568,0.293528,0.261161
7464,1350,0.139234,0.127675,0.117677,0.104354
206,50,0.297986,0.279833,0.261281,0.22455
3713,2250,0.215277,0.209332,0.201343,0.183545
8616,900,0.167516,0.149979,0.135173,0.113829
4892,100,0.283524,0.270492,0.257504,0.231868
1367,100,0.349947,0.346121,0.339698,0.321919
8457,1200,0.157409,0.136114,0.118727,0.0936029
4541,4800,0.138593,0.127804,0.118883,0.106091
4570,50,0.428707,0.428241,0.424779,0.412545
3753,1000,0.19488,0.174634,0.157879,0.140999
8962,100,0.46424,0.451217,0.4381,0.409238
7450,50,0.514581,0.503716,0.491744,0.464951
8004,100,0.249747,0.233525,0.218727,0.193451
6073,350,0.153435,0.136296,0.12103,0.096533
5219,200,0.283129,0.281622,0.277988,0.26693
1288,50,0.396459,0.393135,0.38807,0.37493
1343,100,0.266939,0.246768,0.228723,0.199718
9817,50,0.241233,0.219285,0.19827,0.162711
3717,50,0.231143,0.224606,0.217464,0.202172
6890,50,0.461655,0.45155,0.440726,0.418866
7200,50,0.466723,0.461858,0.456674,0.446452
5739,150,0.283724,0.273048,0.260081,0.231723
3620,50,0.31431,0.310977,0.304527,0.284897
7747,100,0.263334,0.247573,0.232184,0.20289
7703,200,0.314731,0.303175,0.289039,0.259115
9818,100,0.230698,0.219333,0.209037,0.190517
7340,4200,0.139556,0.129896,0.121011,0.106395
7270,750,0.177559,0.179401,0.17889,0.17277
948,100,0.363271,0.359023,0.351673,0.330343
1960,50,0.561776,0.559415,0.556873,0.552966
7864,3250,0.129718,0.113569,0.100364,0.080012
9777,50,0.441574,0.425965,0.409279,0.375786
6600,5000,0.231747,0.220803,0.208764,0.183699
7926,950,0.142343,0.122171,0.104846,0.0796333
9835,50,0.229496,0.212027,0.19546,0.166438
7326,2600,0.226099,0.222982,0.218382,0.206988
4538,350,0.195967,0.180693,0.166058,0.141396
2703,600,0.151897,0.142633,0.133521,0.117368
1945,50,0.395648,0.38479,0.372932,0.348908
648,250,0.142119,0.121477,0.105152,0.0836871
9330,1250,0.213597,0.206963,0.197952,0.176828
5339,500,0.206128,0.187221,0.1712,0.146115
7099,50,0.364996,0.359514,0.352994,0.340073
7375,100,0.231685,0.208324,0.187563,0.154996
1634,100,0.404606,0.388138,0.372712,0.346329
7828,50,0.354127,0.338624,0.322477,0.287139
2553,3050,0.154199,0.143444,0.132903,0.112675
2464,300,0.145941,0.130856,0.118781,0.101306
4414,5000,0.227564,0.228933,0.226242,0.211836
9086,50,0.575346,0.583019,0.585428,0.580015
4037,100,0.362343,0.347942,0.333799,0.307195
7575,5000,0.301918,0.2943,0.288205,0.279685
578,5000,0.132363,0.12713,0.121665,0.110573
1003,3550,0.124449,0.109436,0.0976036,0.0818679
9911,150,0.196691,0.175222,0.156953,0.129853
9037,1950,0.13182,0.122664,0.114572,0.101926
1508,2750,0.101626,0.0962967,0.090291,0.0780249
6139,50,0.529658,0.521269,0.511475,0.491271
4130,150,0.262202,0.254914,0.246581,0.227891
7673,50,0.388283,0.384591,0.378753,0.362244
4472,200,0.279395,0.261591,0.245157,0.219395
5134,50,0.277967,0.272863,0.265806,0.247036
1992,800,0.136215,0.124959,0.115056,0.0987351
9009,250,0.170983,0.15908,0.148355,0.13039
270,350,0.169422,0.149109,0.131768,0.106707
7422,450,0.23818,0.227032,0.21593,0.194663
5667,3100,0.166885,0.158218,0.150071,0.137111
7404,50,0.329635,0.312057,0.294955,0.264038
8690,50,0.279247,0.276623,0.270446,0.250435
3422,350,0.361675,0.367572,0.369272,0.363262
9909,100,0.255095,0.230853,0.209464,0.176294
9313,300,0.301706,0.293514,0.284744,0.263864
5540,50,0.433663,0.419147,0.405173,0.38015
4396,50,0.207013,0.178017,0.15426,0.121748
9933,400,0.332195,0.321284,0.312105,0.295675
4909,150,0.315848,0.297452,0.279123,0.235378
5693,5000,0.190831,0.175732,0.162356,0.141892
8515,3150,0.200192,0.185565,0.172767,0.15002
2815,50,0.437131,0.421565,0.403791,0.365253
6384,50,0.34146,0.338135,0.331707,0.314094
8047,200,0.352899,0.340963,0.328937,0.304957
1935,450,0.175365,0.162014,0.149892,0.129245
2907,50,0.471269,0.457484,0.444212,0.421407
7692,50,0.441323,0.437991,0.430805,0.409946
5431,50,0.223833,0.188557,0.158506,0.116173
8543,50,0.473968,0.466616,0.456317,0.430828
4330,150,0.196114,0.184397,0.174163,0.157219
6259,500,0.338841,0.331274,0.322506,0.302553
9478,50,0.635553,0.630579,0.624281,0.607757
2975,50,0.432271,0.41733,0.400202,0.363241
4851,350,0.220696,0.212546,0.204711,0.190344
3819,50,0.310799,0.309487,0.304405,0.286187
476,250,0.151479,0.139032,0.129406,0.116122
8742,900,0.212528,0.189516,0.170351,0.142592
7678,50,0.297605,0.289575,0.279564,0.256383
1957,150,0.407351,0.396622,0.385023,0.360373
4561,650,0.171888,0.159309,0.148934,0.132174
4312,100,0.253114,0.234754,0.217518,0.187405
1985,100,0.372314,0.368578,0.362687,0.3474
6104,150,0.391042,0.380912,0.369382,0.344273
3249,50,0.605996,0.603086,0.599842,0.59353
2669,50,0.208383,0.2068,0.201354,0.181949
3097,50,0.586303,0.58373,0.579673,0.567473
7182,50,0.390249,0.372152,0.354254,0.321917
824,250,0.201715,0.192095,0.182285,0.164571
6975,100,0.337976,0.321951,0.306755,0.277685
9781,1850,0.200317,0.190268,0.180883,0.165256
7802,150,0.289106,0.268039,0.248246,0.214734
8631,1100,0.151542,0.140172,0.132091,0.125327
654,50,0.474921,0.471023,0.466593,0.45633
1612,50,0.433091,0.427442,0.419859,0.401055
3642,50,0.376909,0.358693,0.340581,0.307427
3612,100,0.395961,0.3814,0.365525,0.332692
3618,100,0.369591,0.358459,0.346582,0.321916
3533,1050,0.154124,0.135616,0.120882,0.101663
2937,200,0.196635,0.190769,0.185132,0.174164
9612,200,0.260202,0.236151,0.21496,0.180022
4664,3550,0.127693,0.126282,0.124343,0.118121
5905,900,0.196591,0.190297,0.182842,0.166912
9483,100,0.22612,0.213329,0.202756,0.186613
2581,50,0.362728,0.353695,0.342967,0.319633
7434,50,0.456413,0.455287,0.451987,0.439224
8003,150,0.346906,0.337721,0.32741,0.304409
1997,250,0.173745,0.166256,0.159728,0.148327
1456,50,0.413316,0.402033,0.387962,0.355543
9232,100,0.314226,0.303297,0.291848,0.267088
7559,5000,0.146548,0.131015,0.118719,0.102237
1715,1250,0.154095,0.14482,0.136301,0.121856
4644,2500,0.122213,0.106817,0.0936836,0.0727854
8611,250,0.243856,0.234855,0.227834,0.219641
7834,50,0.275991,0.276328,0.273262,0.258366
3739,50,0.497955,0.493765,0.489179,0.47911
2802,50,0.457991,0.449213,0.439692,0.420949
8032,50,0.457214,0.44363,0.430163,0.404483
9914,500,0.121968,0.112438,0.103623,0.0884696
6415,3100,0.221854,0.20797,0.196443,0.181721
2412,100,0.454413,0.454279,0.45299,0.452962
5542,2600,0.124654,0.107484,0.0976741,0.0932328
3192,550,0.253594,0.244743,0.236472,0.221232
9409,50,0.530631,0.518522,0.505621,0.478777
82,1900,0.110884,0.101614,0.0939268,0.0821656
7146,50,0.405258,0.39443,0.381663,0.356146
3248,50,0.380603,0.357856,0.338142,0.304459
1553,5000,0.183514,0.18184,0.177104,0.161385
9922,2300,0.12272,0.103034,0.0878532,0.0689434
4951,250,0.283567,0.280994,0.274397,0.253286
8535,250,0.2208,0.213628,0.205164,0.185094
1600,50,0.341668,0.312402,0.284108,0.235645
7515,300,0.280697,0.266688,0.252045,0.224167
2304,5000,0.123669,0.112441,0.102391,0.0856437
6860,1000,0.199418,0.174208,0.153148,0.123486
5458,50,0.344475,0.323939,0.303104,0.263782
6597,1800,0.089934,0.0800993,0.0724503,0.0621437
2969,900,0.166533,0.154233,0.142796,0.123993
3026,50,0.342119,0.329927,0.316939,0.290406
7123,2000,0.114729,0.0986919,0.0844809,0.063167
4969,50,0.655336,0.653816,0.651239,0.643541
4020,100,0.222528,0.211224,0.200907,0.183059
653,50,0.265689,0.261192,0.257245,0.2496
6636,250,0.374888,0.36192,0.348056,0.31956
2003,50,0.392637,0.374548,0.357794,0.326375
4221,3400,0.165987,0.148536,0.132685,0.107451
8874,400,0.175634,0.152705,0.13702,0.121287
3803,50,0.598711,0.595261,0.591633,0.581151
1968,200,0.2361,0.2142,0.194772,0.164027
7076,100,0.396351,0.386013,0.374803,0.35114
9318,450,0.199213,0.19264,0.185302,0.171622
8337,50,0.269663,0.261155,0.252813,0.236159
1007,1250,0.173001,0.161593,0.150324,0.130576
2883,2000,0.150723,0.134369,0.122813,0.108349
8153,200,0.131663,0.12711,0.121796,0.109406
7424,300,0.145401,0.132492,0.121654,0.105134
294,1100,0.254422,0.259621,0.260167,0.250645
6397,50,0.490834,0.487116,0.48247,0.471632
3183,100,0.296431,0.291517,0.28476,0.268167
8275,950,0.168989,0.159695,0.152552,0.143448
5636,50,0.461401,0.453214,0.443965,0.423975
5895,50,0.517759,0.509997,0.501874,0.485564
2150,1750,0.168606,0.156602,0.145448,0.126897
714,50,0.521255,0.52275,0.520447,0.508435
92,150,0.281833,0.270819,0.258848,0.235215
2577,50,0.634405,0.636503,0.637172,0.633543
4779,150,0.194275,0.17425,0.157888,0.134236
7862,1650,0.119274,0.104479,0.0945635,0.0838924
9615,100,0.292011,0.268583,0.248536,0.220538
9940,5000,0.111444,0.101474,0.0938227,0.0826421
5798,250,0.270617,0.268674,0.26464,0.252364
8952,800,0.111587,0.0976952,0.0875323,0.0751766
108,50,0.46281,0.455181,0.445019,0.420147
6951,100,0.275786,0.260229,0.243732,0.211186
1284,1050,0.180828,0.163925,0.148502,0.122738
1971,50,0.52158,0.518167,0.512848,0.498746
4746,2950,0.149457,0.141227,0.13416,0.122593
6080,250,0.228006,0.214548,0.202663,0.184223
8429,5000,0.178479,0.175979,0.172171,0.161885
3583,50,0.308284,0.29057,0.274243,0.247607
7141,2350,0.267219,0.26686,0.26292,0.247982
965,150,0.191324,0.168854,0.150218,0.125626
6707,150,0.360586,0.336538,0.313337,0.272941
6841,50,0.47864,0.465892,0.450999,0.413456
6133,650,0.113071,0.101409,0.0922789,0.0794692
3542,2450,0.170048,0.160619,0.151361,0.134484
5039,50,0.330121,0.309535,0.290781,0.256013
5334,50,0.583024,0.574428,0.56518,0.545049
4272,550,0.27571,0.270115,0.261588,0.239167
8135,800,0.217991,0.208169,0.198176,0.180061
1186,3600,0.192007,0.181681,0.172471,0.157459
227,150,0.361009,0.345279,0.329192,0.298537
6321,150,0.385625,0.363295,0.341538,0.302742
7799,4700,0.127187,0.121386,0.11439,0.099312
9672,1650,0.178735,0.167093,0.156401,0.137896
9525,50,0.49432,0.482344,0.471012,0.449308
6595,50,0.463327,0.452177,0.440582,0.418526
7365,150,0.291975,0.272383,0.255521,0.231231
446,3150,0.218657,0.202589,0.189136,0.168886
8629,100,0.273943,0.247655,0.225148,0.192568
7869,1150,0.170802,0.165238,0.160547,0.154964
5148,50,0.400526,0.40089,0.396851,0.380874
1753,50,0.356674,0.357662,0.353654,0.33644
293,2550,0.223042,0.216888,0.211566,0.20327
2603,50,0.370978,0.370272,0.367091,0.353494
7859,600,0.315899,0.309222,0.299417,0.269491
2723,750,0.159829,0.143469,0.12966,0.108366
3617,1300,0.259444,0.248537,0.236362,0.211841
3043,350,0.211117,0.196833,0.183867,0.162045
1399,50,0.333185,0.318719,0.304844,0.279673
7688,3050,0.182724,0.165374,0.150598,0.129862
8660,50,0.446755,0.440003,0.429444,0.402165
1852,750,0.353314,0.348132,0.341623,0.32721
923,150,0.17255,0.170612,0.166556,0.154063
233,150,0.301312,0.272677,0.245758,0.200846
5991,600,0.225286,0.210691,0.19731,0.17361
6117,150,0.223097,0.216003,0.207635,0.189356
1550,100,0.321629,0.313763,0.304862,0.285267
9749,50,0.338477,0.326483,0.313241,0.286861
4649,50,0.468804,0.460651,0.448269,0.41232
1434,150,0.351432,0.348553,0.343481,0.329726
3278,1550,0.120825,0.115389,0.108561,0.0932912
2371,50,0.477353,0.471106,0.466208,0.463348
1103,50,0.347019,0.318948,0.294444,0.255414
8213,50,0.252903,0.244471,0.234044,0.21105
3545,150,0.358734,0.347126,0.335079,0.312045
5327,50,0.302176,0.28861,0.275423,0.250832
2903,2000,0.265533,0.247098,0.229515,0.199448
4562,100,0.210006,0.195951,0.183224,0.163075
9008,1250,0.155022,0.14506,0.135876,0.120025
3869,1250,0.122434,0.111782,0.102569,0.0886148
4529,50,0.422202,0.411895,0.400951,0.378768
3493,750,0.150398,0.133279,0.118029,0.0946295
8161,50,0.330283,0.305196,0.283362,0.250298
5621,50,0.385213,0.376856,0.366371,0.341952
9228,100,0.337782,0.32449,0.311514,0.288374
6504,2850,0.128305,0.115952,0.104692,0.0864512
8019,50,0.507211,0.497854,0.486592,0.459683
4699,50,0.29154,0.281349,0.271636,0.253357
8944,2550,0.243514,0.237037,0.228677,0.209384
9509,50,0.419453,0.406689,0.391296,0.356722
5385,400,0.242305,0.243579,0.241581,0.230724
6477,800,0.160823,0.152553,0.145217,0.132989
9858,100,0.42014,0.417666,0.412615,0.389714
2902,50,0.35014,0.345578,0.340662,0.33035
6667,450,0.256219,0.255325,0.251722,0.239714
7895,100,0.495809,0.489509,0.481354,0.46097
15,100,0.457306,0.446218,0.433959,0.40753
5479,50,0.417316,0.414858,0.410101,0.397162
9132,50,0.594594,0.595025,0.594296,0.590029
6134,150,0.246723,0.250606,0.249413,0.236051
1472,1150,0.109382,0.100609,0.0929356,0.0808119
3230,50,0.501512,0.507327,0.51374,0.526803
4958,100,0.233306,0.221042,0.21017,0.191876
7775,1700,0.157407,0.144783,0.134194,0.117628
2764,50,0.227677,0.215492,0.202692,0.177326
104,2350,0.12009,0.10775,0.0969741,0.0803854
4736,50,0.554362,0.553779,0.551821,0.545239
7201,950,0.378385,0.371158,0.361628,0.338052
7863,150,0.234179,0.229276,0.222626,0.20698
2963,200,0.246406,0.238268,0.22929,0.210791
4866,300,0.307588,0.300289,0.291362,0.272241
5535,50,0.357891,0.35066,0.342139,0.322438
8350,200,0.255031,0.227893,0.2042,0.169718
6740,850,0.245769,0.232187,0.219202,0.178787
3186,100,0.187574,0.178859,0.169352,0.148971
8419,50,0.537782,0.532729,0.527692,0.520319
1002,100,0.419488,0.40971,0.396982,0.364497
8682,450,0.137282,0.124156,0.115765,0.108749
5654,50,0.295784,0.271261,0.248391,0.212137
266,350,0.256538,0.241769,0.227992,0.204688
8755,50,0.521503,0.517338,0.511739,0.497836
6248,1300,0.144128,0.114998,0.0912877,0.0608268
6385,50,0.251964,0.237699,0.223866,0.198416
1868,50,0.477876,0.470103,0.460998,0.441499
1076,150,0.340671,0.319324,0.298045,0.248909
2403,50,0.418448,0.416557,0.413415,0.403157
6005,50,0.448124,0.440355,0.430385,0.406184
1891,550,0.171935,0.172242,0.170777,0.163695
5132,50,0.256746,0.234364,0.214683,0.182128
6691,1350,0.140528,0.129966,0.120268,0.10369
7741,250,0.235262,0.229666,0.220006,0.193389
4016,550,0.166762,0.162603,0.156378,0.14087
8168,100,0.359587,0.338269,0.317182,0.278481
8514,100,0.415429,0.403676,0.39067,0.362635
9369,50,0.419537,0.408259,0.395581,0.366923
6400,50,0.367465,0.363321,0.357279,0.342399
706,100,0.347514,0.345075,0.338349,0.318042
9605,2100,0.250595,0.242278,0.232465,0.212389
8620,5000,0.109258,0.102115,0.0961121,0.086341
5953,5000,0.0990319,0.0914067,0.0851879,0.075518
3688,50,0.452301,0.443535,0.434819,0.418715
7253,600,0.120229,0.114596,0.109434,0.0999162
6376,50,0.357938,0.342804,0.326812,0.295749
451,5000,0.131926,0.118908,0.107429,0.0898215
9535,50,0.530102,0.523142,0.515127,0.496645
996,450,0.206075,0.196695,0.186208,0.164725
9262,50,0.386952,0.378027,0.367056,0.342291
3179,150,0.40971,0.395273,0.38043,0.351841
1916,3300,0.198706,0.198584,0.197243,0.188597
9622,2000,0.100956,0.0908382,0.0831195,0.0734799
5900,50,0.599618,0.591849,0.583045,0.562883
9092,50,0.418517,0.399355,0.379745,0.342391
9168,5000,0.130264,0.118254,0.10909,0.0972854
735,100,0.30953,0.299989,0.288767,0.264
2185,1350,0.138424,0.125801,0.115099,0.0993016
394,50,0.683117,0.68095,0.677274,0.667763
4167,50,0.284329,0.298748,0.307727,0.313059
866,150,0.321239,0.307157,0.294111,0.270719
8678,50,0.313828,0.313351,0.311206,0.302696
9152,1950,0.155901,0.159752,0.160356,0.153601
5321,50,0.433136,0.412352,0.393388,0.363497
9698,300,0.195567,0.178518,0.165346,0.148087
2274,50,0.263348,0.256806,0.248134,0.227047
8269,700,0.258526,0.245434,0.233953,0.215494
8391,850,0.149686,0.129086,0.112213,0.0884919
2687,300,0.21625,0.197471,0.181478,0.156544
8523,50,0.329144,0.314132,0.301355,0.282128
2950,4400,0.121314,0.113563,0.10643,0.0939041
1924,50,0.441019,0.433021,0.42557,0.412231
2443,5000,0.193803,0.202316,0.207307,0.20897
2740,50,0.276469,0.260765,0.246637,0.22276
4931,750,0.160406,0.14733,0.136269,0.119193
8779,50,0.451504,0.466443,0.476778,0.486956
2126,1000,0.158498,0.154403,0.149762,0.139478
53,150,0.233044,0.218197,0.204376,0.18081
5489,600,0.273582,0.251506,0.232623,0.204726
8691,100,0.385307,0.365596,0.348212,0.321636
3880,5000,0.0986707,0.0909929,0.0841829,0.0738687
7991,300,0.199169,0.180319,0.166107,0.148201
7594,1950,0.146701,0.12599,0.10959,0.0867073
4110,50,0.336336,0.332572,0.325616,0.306249
2540,650,0.137735,0.122223,0.109211,0.0895922
4788,50,0.450815,0.431332,0.412332,0.380109
3205,50,0.346486,0.334359,0.321979,0.298682
3932,2400,0.373103,0.375162,0.375457,0.371797
2011,50,0.253283,0.253843,0.254282,0.253819
5342,350,0.182818,0.167802,0.154722,0.135403
9665,150,0.272061,0.253027,0.235644,0.205168
7272,100,0.2392,0.219778,0.203452,0.18252
927,500,0.201872,0.187029,0.173281,0.148712
9355,200,0.190717,0.1811,0.171166,0.151863
9768,3400,0.162411,0.155388,0.148096,0.134098
8812,950,0.116974,0.107503,0.0992786,0.0858219
4884,50,0.395052,0.377763,0.359806,0.320648
335,750,0.132065,0.116007,0.103196,0.0853921
6635,600,0.250029,0.249262,0.24702,0.239484
4883,50,0.432966,0.423442,0.410286,0.374159
1394,5000,0.118727,0.114515,0.109866,0.10046
8545,50,0.288175,0.271387,0.25401,0.219121
127,1700,0.146956,0.137479,0.128355,0.112502
3831,50,0.487269,0.482974,0.477939,0.466945
4950,50,0.562445,0.552668,0.54231,0.522332
763,50,0.517372,0.507213,0.496913,0.475714
2457,2000,0.16369,0.143354,0.125233,0.0957796
7307,100,0.286466,0.278177,0.267719,0.243681
2758,750,0.425003,0.42338,0.419934,0.411536
324,50,0.56782,0.577462,0.580604,0.572624
7680,200,0.304224,0.276187,0.251913,0.215421
275,100,0.310116,0.311196,0.310281,0.303801
7328,500,0.307518,0.296649,0.285302,0.262966
7044,50,0.239994,0.221541,0.20512,0.178983
7289,50,0.407939,0.423177,0.432354,0.439134
5305,200,0.313848,0.296279,0.281669,0.260398
6347,450,0.289161,0.265847,0.244383,0.208942
9447,1500,0.166799,0.158426,0.150186,0.134816
8426,700,0.168219,0.16083,0.153385,0.140498
4860,50,0.600747,0.589275,0.573135,0.48638
7659,50,0.346936,0.339925,0.331286,0.311371
1335,50,0.472671,0.468755,0.464182,0.455426
4069,2250,0.212846,0.204414,0.19627,0.181852
6039,100,0.237382,0.220779,0.205964,0.181161
1714,50,0.329326,0.316618,0.303798,0.278319
7965,1800,0.157543,0.149015,0.14146,0.12775
2642,50,0.368367,0.361522,0.35493,0.341984
1712,50,0.46251,0.457249,0.451454,0.439057
1004,50,0.31662,0.29167,0.269598,0.235528
9971,1050,0.12865,0.11262,0.0997027,0.0816764
8948,150,0.319759,0.308167,0.297356,0.279409
9647,150,0.358277,0.349082,0.337236,0.31015
1773,150,0.309656,0.298844,0.288822,0.273991
1568,50,0.618194,0.616522,0.613076,0.602762
2546,50,0.527597,0.524945,0.520739,0.508369
6123,400,0.234958,0.218088,0.202659,0.179422
8873,100,0.315618,0.284157,0.256534,0.213376
4273,300,0.171075,0.151355,0.134697,0.111254
6751,50,0.442133,0.430413,0.417727,0.390489
183,1050,0.142566,0.129954,0.118834,0.100229
8538,50,0.520722,0.515782,0.509457,0.494797
1883,250,0.300139,0.307776,0.312217,0.312681
6875,100,0.337005,0.318464,0.301257,0.271875
7046,50,0.41483,0.396577,0.377781,0.335793
549,250,0.275119,0.250084,0.228593,0.195895
1679,100,0.342424,0.3282,0.313774,0.285105
5357,100,0.426251,0.407527,0.387398,0.340016
1511,200,0.246447,0.233403,0.220367,0.194216
8223,50,0.544377,0.533968,0.522758,0.502039
7578,700,0.205846,0.194987,0.183197,0.155208
7435,750,0.211022,0.20071,0.190421,0.171987
9276,50,0.432672,0.430215,0.426051,0.416116
3984,250,0.174599,0.156853,0.141472,0.117939
2993,4400,0.123126,0.102952,0.0869846,0.0657303
3034,50,0.406285,0.395681,0.3861,0.369962
4473,150,0.246806,0.239628,0.231467,0.21235
5516,1600,0.183872,0.178422,0.173197,0.163924
5572,50,0.333241,0.317116,0.302168,0.275163
5530,450,0.208651,0.1875,0.171288,0.149095
7580,50,0.337949,0.333312,0.32653,0.309536
8963,50,0.361221,0.351801,0.341985,0.322024
2234,400,0.272386,0.269104,0.263958,0.250491
2560,50,0.364388,0.367946,0.369009,0.36313
6852,100,0.212804,0.206126,0.197366,0.177222
9973,150,0.225403,0.215083,0.205702,0.187885
6431,50,0.459295,0.448845,0.437932,0.415464
7700,50,0.344788,0.331067,0.315849,0.284556
3879,50,0.526211,0.513659,0.502163,0.482965
8469,100,0.361928,0.341196,0.321254,0.285316
6754,50,0.548015,0.536923,0.524103,0.49709
9583,150,0.17303,0.16111,0.150297,0.132081
9557,400,0.174657,0.163338,0.152499,0.133735
9013,100,0.312875,0.292363,0.274348,0.246851
6555,300,0.209816,0.195117,0.181094,0.156781
8256,5000,0.153615,0.14182,0.130265,0.10966
8122,3300,0.143159,0.119285,0.100445,0.0771824
6092,100,0.262347,0.240107,0.220125,0.186698
7088,500,0.19094,0.174547,0.160588,0.14064
4864,1150,0.158129,0.153648,0.149286,0.141222
3743,50,0.483571,0.487122,0.486027,0.474906
8415,50,0.295472,0.284306,0.272057,0.246155
9364,50,0.411327,0.396127,0.380176,0.344841
8674,1450,0.136982,0.117921,0.101982,0.0790839
6099,100,0.439358,0.434189,0.428857,0.417661
6790,1050,0.301176,0.299817,0.293902,0.268402
6506,50,0.435041,0.436359,0.435807,0.429782
5822,50,0.395555,0.388375,0.380023,0.362134
4565,150,0.316821,0.297216,0.279092,0.248719
8676,100,0.369662,0.356345,0.34318,0.318003
4185,5000,0.277314,0.270497,0.261172,0.235233
8253,100,0.229301,0.209305,0.193316,0.171063
1295,250,0.170566,0.162034,0.153578,0.137872
4929,50,0.489361,0.47529,0.460592,0.428951
3839,200,0.300817,0.287909,0.276026,0.257127
1189,1350,0.293803,0.281773,0.270698,0.250299
2387,500,0.252868,0.239324,0.226315,0.202222
6534,50,0.549332,0.544575,0.537106,0.515794
659,100,0.174979,0.164159,0.154952,0.140696
764,1900,0.199437,0.184475,0.170555,0.147281
5716,300,0.216166,0.196766,0.179535,0.152272
7231,100,0.256285,0.248361,0.240269,0.219611
7533,50,0.396357,0.390025,0.382763,0.366861
4943,1350,0.16935,0.166335,0.160838,0.14633
7257,100,0.189443,0.171088,0.154921,0.130242
1045,350,0.183823,0.162297,0.143758,0.116954
232,350,0.156447,0.1398,0.125915,0.104561
5944,50,0.684997,0.683108,0.677927,0.660093
4648,50,0.481905,0.463989,0.445981,0.411138
250,100,0.231073,0.222869,0.214853,0.201713
9068,300,0.249247,0.238155,0.227671,0.208621
1232,300,0.164762,0.162657,0.159399,0.149778
787,50,0.389885,0.382747,0.374907,0.357519
5965,50,0.303813,0.303061,0.299302,0.284619
357,100,0.289261,0.27928,0.268678,0.248408
8215,1800,0.177036,0.156707,0.140661,0.11933
4968,50,0.387142,0.393489,0.395432,0.388498
6768,1400,0.182366,0.159675,0.141323,0.11541
8,50,0.32464,0.317265,0.306705,0.279879
1422,100,0.394583,0.380818,0.365582,0.332338
8210,50,0.367772,0.362714,0.358442,0.350561
1581,50,0.294294,0.277186,0.261389,0.234183
8744,300,0.185083,0.16445,0.14582,0.117356
5547,50,0.29714,0.272676,0.247147,0.199724
545,50,0.193771,0.185246,0.175963,0.156138
1962,100,0.369892,0.351386,0.332505,0.297101
1927,2600,0.104341,0.0931682,0.0843738,0.071425
7883,550,0.159374,0.138322,0.120692,0.0954672
1187,200,0.182103,0.165867,0.153053,0.135468
6267,850,0.273622,0.284077,0.289203,0.286918
4820,50,0.400078,0.391347,0.380615,0.35607
2675,100,0.258197,0.235044,0.214208,0.181128
6231,150,0.340701,0.326978,0.313566,0.288601
1237,50,0.342848,0.322946,0.30418,0.269039
8820,100,0.248049,0.232853,0.218432,0.192989
3945,500,0.159518,0.145271,0.133913,0.117281
6466,50,0.659767,0.660375,0.660441,0.658483
2930,1300,0.214423,0.203593,0.193437,0.175707
7358,50,0.398615,0.385595,0.371803,0.344602
4509,100,0.406809,0.39454,0.380945,0.352373
2986,50,0.376042,0.367531,0.356705,0.328572
886,4850,0.171525,0.153877,0.138374,0.114452
8288,100,0.305356,0.282886,0.259996,0.218624
7360,600,0.279672,0.268861,0.256558,0.230358
9020,3600,0.125589,0.127058,0.126191,0.120151
4394,100,0.283079,0.269973,0.258436,0.236074
2114,50,0.282412,0.273287,0.265063,0.249836
1421,2050,0.130907,0.128272,0.123489,0.104956
7558,450,0.180276,0.167118,0.154872,0.133732
7613,50,0.443453,0.43297,0.42018,0.384256
1283,50,0.481489,0.475767,0.470899,0.464362
9201,2050,0.137551,0.119954,0.105542,0.085665
9112,50,0.379729,0.378419,0.374685,0.360825
4976,400,0.19667,0.175104,0.158005,0.135273
3671,50,0.559347,0.554708,0.548835,0.535723
834,400,0.331193,0.320288,0.308459,0.285171
7789,250,0.227259,0.212658,0.197335,0.16582
5638,350,0.203109,0.191943,0.180369,0.157697
5582,100,0.273179,0.252903,0.235212,0.206161
2128,150,0.182303,0.16643,0.15239,0.130354
6909,50,0.416771,0.406771,0.392475,0.356906
4112,550,0.231594,0.227197,0.220133,0.201524
448,1450,0.171422,0.156786,0.145164,0.129874
8925,150,0.169153,0.163035,0.15597,0.140061
8321,50,0.393663,0.382042,0.369065,0.341381
9211,1200,0.134988,0.126939,0.118615,0.102121
1760,50,0.358979,0.362759,0.363141,0.354145
5830,1500,0.25273,0.248476,0.242135,0.225784
4500,100,0.242422,0.226752,0.211586,0.185443
860,5000,0.148684,0.144428,0.138764,0.125503
3159,50,0.647065,0.651329,0.651882,0.644001
8037,50,0.251883,0.241286,0.230049,0.207627
781,250,0.24602,0.228221,0.211116,0.180225
9151,700,0.144259,0.137476,0.130681,0.117374
268,50,0.306779,0.294584,0.282654,0.260353
823,200,0.292371,0.277703,0.263592,0.238327
3910,350,0.290588,0.278354,0.267107,0.248412
4121,50,0.24019,0.236955,0.231474,0.217641
2250,1000,0.165738,0.158452,0.150824,0.135019
2554,50,0.569059,0.559577,0.551009,0.534829
4256,150,0.161975,0.141597,0.126456,0.106391
6640,600,0.312045,0.296556,0.281728,0.25322
552,1000,0.17773,0.172105,0.166733,0.156478
3364,50,0.340555,0.328676,0.317605,0.298947
4449,50,0.454739,0.44355,0.431592,0.407705
6705,200,0.232576,0.218146,0.204478,0.181063
4398,1650,0.193895,0.165797,0.143753,0.114326
4600,100,0.277119,0.260767,0.243995,0.212504
8894,150,0.292109,0.277022,0.262533,0.236458
7190,150,0.23168,0.2296,0.227388,0.222785
4703,50,0.344548,0.356346,0.361659,0.357073
9484,350,0.193215,0.175308,0.159423,0.133324
7427,2150,0.188753,0.172429,0.158113,0.136889
911,50,0.513345,0.506977,0.501177,0.491676
7314,50,0.631297,0.638132,0.641928,0.641455
3352,450,0.189458,0.177237,0.164706,0.141311
106,100,0.276467,0.27237,0.271102,0.271983
5035,1650,0.186403,0.177029,0.168956,0.155058
2858,200,0.179753,0.1735,0.166841,0.153293
5618,50,0.248332,0.244083,0.24032,0.233247
4353,100,0.373035,0.354015,0.335371,0.301405
8131,50,0.332513,0.318035,0.303642,0.279124
3024,2300,0.256319,0.251536,0.244848,0.229049
4963,250,0.251805,0.23237,0.213821,0.181959
2167,900,0.151115,0.142813,0.135082,0.119895
9246,50,0.412977,0.407733,0.400551,0.382022
3534,1000,0.255619,0.234535,0.215404,0.184775
9274,50,0.297023,0.289097,0.280033,0.259852
3009,100,0.244974,0.223238,0.204686,0.175584
387,50,0.583675,0.587074,0.587187,0.580708
8608,2250,0.260772,0.246538,0.233199,0.210188
6325,250,0.277865,0.258946,0.242115,0.215415
8411,3450,0.258211,0.250778,0.241745,0.222677
4965,50,0.435486,0.428429,0.41912,0.39706
4983,50,0.528605,0.527544,0.52582,0.52071
5706,1900,0.147372,0.130372,0.116643,0.0952159
1204,50,0.345508,0.331746,0.318644,0.295607
3048,50,0.463032,0.458143,0.450238,0.428898
6270,50,0.519114,0.514209,0.508564,0.495648
1110,100,0.379863,0.361744,0.342726,0.304537
45,50,0.365738,0.357864,0.349497,0.329776
957,50,0.488713,0.479345,0.469965,0.452288
752,100,0.392571,0.381206,0.369298,0.344261
8574,5000,0.114849,0.0988965,0.0873425,0.0746421
3415,50,0.583641,0.57892,0.573752,0.562788
6189,50,0.357636,0.341633,0.32637,0.298566
7412,150,0.29696,0.29075,0.281153,0.255569
1920,100,0.359718,0.340824,0.322565,0.290802
4783,100,0.246927,0.230605,0.215771,0.191293
6233,1150,0.182078,0.177701,0.172015,0.158243
6490,50,0.444146,0.443759,0.441029,0.429129
2147,200,0.218312,0.186986,0.162459,0.132891
7423,250,0.312821,0.301469,0.289395,0.260161
8141,50,0.422147,0.41605,0.408404,0.391171
1107,50,0.488549,0.483697,0.477124,0.460066
7179,50,0.325562,0.304789,0.285176,0.248175
964,100,0.334818,0.318008,0.300798,0.268298
6230,200,0.223176,0.209664,0.195153,0.166876
8635,100,0.26554,0.246414,0.228651,0.19856
2734,50,0.269729,0.257289,0.245234,0.222081
5578,50,0.480688,0.470821,0.459784,0.435777
6999,50,0.464127,0.45772,0.452316,0.444286
3110,50,0.375728,0.369348,0.360915,0.340385
4925,50,0.333524,0.330469,0.325629,0.309273
7771,100,0.410875,0.39767,0.384014,0.355839
5184,50,0.51417,0.499785,0.486333,0.461048
2947,50,0.727104,0.744018,0.755203,0.765446
931,1050,0.0933864,0.0765507,0.0642043,0.0494785
1809,800,0.279768,0.264899,0.251393,0.230004
3580,5000,0.138317,0.129065,0.120749,0.107108
6502,50,0.646923,0.644799,0.642022,0.634838
7481,50,0.647709,0.654692,0.657372,0.653498
4531,50,0.446853,0.436625,0.426496,0.407781
970,1800,0.132338,0.1255,0.117971,0.102636
1812,2450,0.298549,0.307921,0.312632,0.311691
4902,50,0.37428,0.357573,0.34121,0.310872
4655,100,0.409917,0.403428,0.395906,0.379064
6786,100,0.276634,0.268899,0.261122,0.245826
8628,50,0.611969,0.617801,0.618763,0.611718
9892,50,0.413465,0.398353,0.383128,0.353961
5840,500,0.17809,0.164934,0.153307,0.135483
8144,1300,0.221042,0.201907,0.183018,0.151155
7701,50,0.237444,0.223789,0.210286,0.186157
8279,50,0.50391,0.487856,0.469818,0.43081
2270,1300,0.210277,0.200496,0.189707,0.16805
1294,50,0.378676,0.369573,0.358619,0.333494
8857,1100,0.357909,0.358486,0.353602,0.333448
9788,50,0.347104,0.343082,0.337655,0.32602
9219,100,0.411945,0.397571,0.383283,0.356296
8731,50,0.449292,0.453371,0.451523,0.435544
9239,650,0.224974,0.210504,0.197388,0.17533
9180,50,0.566506,0.557849,0.548788,0.52975
7142,50,0.409099,0.397947,0.385233,0.357583
7369,350,0.129361,0.121189,0.113359,0.099574
8964,2500,0.123127,0.114742,0.107119,0.094521
8907,3800,0.170299,0.167611,0.163614,0.153372
3105,5000,0.143026,0.137874,0.132201,0.119771
7320,500,0.226853,0.221801,0.215144,0.198842
4248,450,0.370011,0.373378,0.373715,0.365265
575,2850,0.142334,0.130275,0.121214,0.112276
8542,50,0.471737,0.463123,0.452024,0.425196
4140,1000,0.152229,0.142938,0.134793,0.123001
153,50,0.324078,0.327009,0.323755,0.304432
4063,300,0.141527,0.127512,0.115364,0.0961189
2243,250,0.293803,0.280655,0.266334,0.238043
9380,50,0.370569,0.352523,0.334277,0.295856
8847,200,0.220402,0.199079,0.17989,0.152354
5356,50,0.345161,0.340716,0.33395,0.31699
5000,900,0.174248,0.163216,0.152562,0.133347
8530,50,0.644818,0.646173,0.644087,0.633099
5838,1300,0.203147,0.180245,0.161809,0.136174
7661,50,0.507973,0.496206,0.485018,0.463301
5679,2400,0.172684,0.164658,0.157005,0.143305
9890,300,0.230218,0.210741,0.193637,0.165419
1460,900,0.133542,0.122944,0.113103,0.0967058
2431,1050,0.400454,0.413522,0.420074,0.419104
2132,4600,0.150623,0.128827,0.111042,0.0871138
6633,50,0.334995,0.328458,0.320123,0.300537
1095,50,0.329864,0.317128,0.301683,0.263376
216,50,0.210215,0.20707,0.203715,0.194988
8056,500,0.184836,0.170651,0.159174,0.142388
117,350,0.24444,0.236385,0.227143,0.207532
6561,3150,0.127811,0.122405,0.117754,0.110521
4899,100,0.246268,0.236361,0.226023,0.205346
9729,50,0.449834,0.435782,0.421163,0.393037
8231,50,0.428454,0.413232,0.39729,0.367158
6419,50,0.442242,0.431977,0.420359,0.39604
5579,100,0.300753,0.277531,0.257323,0.224191
7835,5000,0.20341,0.187924,0.174356,0.153899
78,200,0.180801,0.168404,0.157908,0.140861
3532,400,0.273457,0.258801,0.24571,0.224591
7467,100,0.340944,0.322352,0.303493,0.269232
1858,50,0.464924,0.46985,0.471537,0.467847
4617,1850,0.172987,0.16331,0.153222,0.133019
5158,3350,0.226734,0.218666,0.210783,0.195731
9519,50,0.47296,0.46937,0.463964,0.448244
9147,150,0.227984,0.203547,0.181886,0.147211
9976,50,0.42071,0.42361,0.418625,0.393939
2886,50,0.364406,0.349425,0.335302,0.310564
4084,150,0.256801,0.235522,0.214801,0.176902
4901,4050,0.33441,0.314264,0.294555,0.25836
4029,2800,0.177286,0.167227,0.156945,0.137644
6939,50,0.422737,0.404674,0.386205,0.349811
6714,200,0.324682,0.305155,0.286787,0.254868
8704,350,0.221555,0.21125,0.202421,0.187847
213,50,0.361036,0.343535,0.326806,0.295702
6007,1050,0.155941,0.129634,0.109597,0.0841094
9855,900,0.418068,0.414503,0.408217,0.389952
4869,600,0.146167,0.128972,0.115267,0.0971046
6152,50,0.436258,0.430951,0.424612,0.410614
9328,550,0.149887,0.132495,0.118387,0.0980952
4912,350,0.243448,0.235121,0.224822,0.201429
4309,900,0.138871,0.131848,0.125329,0.115338
6836,450,0.236687,0.219733,0.203213,0.174181
9862,50,0.392345,0.389621,0.383866,0.367608
9129,5000,0.156857,0.142932,0.130709,0.111722
4100,2100,0.22278,0.188782,0.161941,0.127001
3202,2700,0.311595,0.31619,0.317867,0.3146
6950,3550,0.1946,0.184564,0.174962,0.157761
6288,100,0.216064,0.201605,0.18997,0.173916
7556,5000,0.127712,0.115594,0.104552,0.0869224
7116,250,0.228098,0.216061,0.20581,0.189632
9736,50,0.299846,0.285542,0.271449,0.248722
4811,150,0.250709,0.245212,0.238509,0.221963
3409,50,0.434687,0.429037,0.421941,0.404625
7488,50,0.388211,0.370347,0.353412,0.323769
6607,5000,0.149934,0.151275,0.150215,0.142871
1719,100,0.330166,0.320702,0.310379,0.289066
1381,300,0.163758,0.160536,0.155156,0.140441
920,950,0.137532,0.135268,0.132928,0.128451
2828,50,0.531254,0.529361,0.524558,0.511472
7614,150,0.220386,0.209808,0.197899,0.173362
4085,50,0.561412,0.568964,0.574071,0.578728
6067,300,0.181559,0.167584,0.154832,0.132813
611,100,0.210001,0.198996,0.187921,0.166888
9574,50,0.613803,0.616613,0.616195,0.606746
8119,4400,0.164719,0.172968,0.180854,0.195504
6403,50,0.40223,0.388476,0.374435,0.348523
7496,200,0.263337,0.260837,0.257989,0.251226
9838,50,0.465388,0.462105,0.456387,0.438581
3665,3950,0.100048,0.0881578,0.0786804,0.0671936
7368,100,0.366797,0.358219,0.348525,0.327951
5731,2600,0.132951,0.123082,0.114968,0.103734
4745,50,0.509167,0.491035,0.470806,0.428995
783,700,0.246195,0.252132,0.253851,0.24774
5326,200,0.183978,0.164402,0.147981,0.123937
9568,50,0.405278,0.398328,0.389474,0.368373
4117,50,0.68512,0.682914,0.678995,0.666554
4087,300,0.24899,0.241002,0.23144,0.210389
7037,50,0.397749,0.397578,0.395976,0.389794
3973,200,0.251787,0.229719,0.210049,0.179443
7073,100,0.366829,0.35152,0.336352,0.308798
3627,950,0.210735,0.191333,0.176237,0.156374
6050,1800,0.185107,0.183166,0.180375,0.172611
2727,100,0.212354,0.187454,0.166122,0.135368
1598,1650,0.183917,0.168668,0.155052,0.13333
6119,400,0.186645,0.165951,0.150567,0.132365
6825,1350,0.126883,0.114194,0.102824,0.08524
2454,50,0.366384,0.364534,0.362259,0.356697
2012,100,0.432049,0.411339,0.390938,0.353404
9224,50,0.437258,0.418303,0.39838,0.358702
6954,750,0.185332,0.172788,0.160955,0.138886
7604,50,0.371915,0.36206,0.350467,0.32455
1383,50,0.214206,0.205751,0.197798,0.182558
2001,250,0.2127,0.191533,0.173174,0.145948
5190,200,0.247583,0.221102,0.198394,0.16306
9343,150,0.233492,0.217898,0.20243,0.174946
3229,550,0.331137,0.324714,0.315913,0.294307
4850,50,0.468986,0.461262,0.452283,0.431372
5947,650,0.244893,0.235214,0.225286,0.20614
436,150,0.228438,0.215112,0.202576,0.179816
8559,50,0.661992,0.660308,0.657416,0.64817
1280,300,0.214407,0.193782,0.175645,0.147718
6539,300,0.204052,0.19947,0.193006,0.176749
5463,50,0.535134,0.541344,0.54962,0.571036
8896,1300,0.205053,0.201546,0.198642,0.194481
678,50,0.365334,0.374082,0.380966,0.390565
5597,200,0.447507,0.444032,0.438754,0.425569
5113,50,0.337129,0.329825,0.322199,0.306703
7096,2650,0.129403,0.121236,0.11288,0.0967243
466,800,0.108863,0.0947966,0.0830874,0.0658937
1106,600,0.24385,0.230923,0.217974,0.191853
7794,100,0.291746,0.270416,0.250778,0.218516
1282,200,0.210469,0.195662,0.181983,0.159676
8104,150,0.224977,0.214767,0.203559,0.179337
7248,100,0.282288,0.271,0.260608,0.242299
9182,50,0.364969,0.36326,0.358812,0.346125
8624,50,0.372422,0.359506,0.344923,0.314397
7669,50,0.388578,0.38194,0.37369,0.355112
253,2050,0.106956,0.102537,0.097669,0.0881065
9040,50,0.324082,0.314697,0.302878,0.274362
6118,150,0.266238,0.251649,0.2371,0.211017
9798,3100,0.225143,0.215986,0.204162,0.177887
5620,450,0.238323,0.234984,0.229783,0.214631
7774,50,0.427964,0.418244,0.408427,0.390608
3553,300,0.16138,0.143305,0.128424,0.107228
5247,100,0.296331,0.279759,0.263437,0.233187
7090,150,0.243225,0.232903,0.221,0.194318
2958,400,0.188281,0.174101,0.160552,0.136537
8590,150,0.296549,0.277668,0.261245,0.234824
8728,50,0.554297,0.549089,0.544788,0.538848
837,100,0.447128,0.435037,0.423842,0.404179
4292,50,0.37584,0.363287,0.351466,0.328205
593,50,0.282277,0.264365,0.248692,0.223773
3550,2600,0.139785,0.124002,0.111718,0.0960445
5194,50,0.535912,0.516593,0.494112,0.433527
501,100,0.471274,0.468669,0.463929,0.449762
6249,50,0.275091,0.271266,0.265207,0.248884
7753,350,0.214776,0.211353,0.208166,0.201396
3005,550,0.232913,0.221535,0.210268,0.186214
1928,50,0.452219,0.4508,0.446887,0.434119
5090,50,0.518654,0.507145,0.493743,0.463075
670,1300,0.128674,0.117192,0.107536,0.0931085
4853,50,0.44655,0.432856,0.4181,0.387154
4099,50,0.669153,0.665518,0.661089,0.650451
3075,100,0.325762,0.308602,0.292122,0.265255
4807,1450,0.237761,0.233647,0.226865,0.206683
9413,50,0.508821,0.496519,0.484076,0.459307
5948,50,0.50635,0.489354,0.472544,0.441339
6299,100,0.430214,0.419925,0.409639,0.389127
8196,50,0.435912,0.425218,0.413603,0.389556
5185,250,0.172622,0.156501,0.14243,0.120163
3252,50,0.583388,0.575502,0.565889,0.543374
1122,100,0.288633,0.274174,0.260743,0.238502
4424,100,0.292671,0.271181,0.250957,0.216323
9089,250,0.159967,0.148132,0.137845,0.122643
1520,50,0.367712,0.346902,0.325526,0.286404
8786,400,0.26367,0.274259,0.282261,0.290156
5355,50,0.328038,0.304669,0.28267,0.245519
5309,50,0.533301,0.536065,0.53634,0.531304
8930,50,0.414514,0.39695,0.379794,0.348688
9481,400,0.234041,0.218596,0.20492,0.182909
9800,50,0.237802,0.214883,0.19391,0.159554
7925,150,0.342721,0.321865,0.302292,0.268001
6433,50,0.308757,0.302514,0.296275,0.283597
1633,3800,0.163031,0.162184,0.158675,0.146392
1300,900,0.176908,0.160037,0.146287,0.127517
9931,50,0.367616,0.369604,0.368543,0.358611
5754,400,0.168539,0.159787,0.150784,0.133555
2418,50,0.633488,0.63211,0.629869,0.623663
7787,2550,0.118298,0.107419,0.0981425,0.0847277
7312,1350,0.125349,0.116511,0.108106,0.0933886
604,50,0.31831,0.304753,0.29207,0.269454
2344,5000,0.127906,0.119599,0.111698,0.096641
5934,2550,0.180236,0.179608,0.178571,0.173649
8830,50,0.471574,0.467742,0.463401,0.453936
3548,200,0.221386,0.219713,0.215746,0.204091
9066,50,0.444593,0.442029,0.436925,0.42076
5434,350,0.262834,0.241092,0.220007,0.183307
7783,350,0.249077,0.238407,0.226969,0.205784
5328,100,0.220594,0.221872,0.220582,0.213575
1875,100,0.418704,0.411892,0.404705,0.390227
3530,150,0.390599,0.380215,0.369947,0.350781
1333,300,0.162588,0.153556,0.146039,0.132379
289,50,0.586971,0.581774,0.57379,0.54913
5777,50,0.610246,0.611073,0.611458,0.611602
2770,50,0.439525,0.431343,0.4209,0.394476
8661,100,0.202607,0.197602,0.190727,0.17429
403,100,0.226414,0.221304,0.214228,0.195997
6210,100,0.219109,0.213562,0.20605,0.188184
5860,550,0.284819,0.263228,0.242625,0.204297
5958,450,0.230553,0.207594,0.188704,0.161858
4067,100,0.338413,0.323495,0.308544,0.280751
2328,4750,0.148314,0.123654,0.105334,0.0834327
2593,250,0.181301,0.166924,0.154596,0.137027
103,100,0.268239,0.240037,0.215554,0.180245
4650,250,0.250697,0.232069,0.216282,0.192089
9986,100,0.317429,0.301403,0.28595,0.259305
9311,50,0.382076,0.379228,0.373447,0.356192
715,400,0.263792,0.241611,0.222623,0.194311
1398,500,0.2297,0.216994,0.20415,0.180509
6116,650,0.176643,0.172282,0.168273,0.159683
9745,1150,0.137609,0.125065,0.115572,0.102994
9960,50,0.402517,0.40051,0.394276,0.374885
1726,2000,0.0953925,0.084392,0.0752167,0.0610059
7416,200,0.241807,0.231982,0.221861,0.202445
1605,300,0.19212,0.16444,0.141327,0.108201
3217,50,0.450795,0.442939,0.434037,0.413568
1604,100,0.216669,0.205035,0.194479,0.175061
3307,50,0.35747,0.355293,0.350063,0.334193
8564,50,0.272883,0.254745,0.239311,0.214792
6618,50,0.498381,0.498627,0.497222,0.490073
7056,100,0.384217,0.370899,0.357279,0.32832
7970,150,0.233228,0.219321,0.206704,0.184604
3835,250,0.200462,0.186738,0.174188,0.152963
9935,50,0.541216,0.523748,0.506975,0.476029
5180,50,0.413255,0.404119,0.393386,0.368683
4812,300,0.175936,0.170847,0.167273,0.165095
8936,50,0.351089,0.333704,0.317281,0.289154
6748,50,0.283316,0.269182,0.255397,0.230504
7282,50,0.565489,0.557602,0.548241,0.524736
7083,50,0.451276,0.450643,0.447527,0.436778
599,50,0.418824,0.411374,0.402876,0.38555
8018,100,0.178283,0.16055,0.146674,0.127361
6611,50,0.376043,0.36215,0.347367,0.317018
7028,50,0.264179,0.240157,0.218124,0.181758
7717,1450,0.132082,0.116742,0.103622,0.084641
8325,50,0.34191,0.331549,0.320804,0.299674
3837,50,0.371697,0.35824,0.344659,0.320273
8102,200,0.218689,0.200197,0.185094,0.163266
5415,50,0.299473,0.303683,0.304462,0.297425
6031,1450,0.210605,0.204034,0.197676,0.187156
906,100,0.356791,0.337729,0.318394,0.274919
4710,1000,0.337199,0.333884,0.325949,0.302975
8308,200,0.256301,0.220653,0.189881,0.144971
5131,4400,0.153219,0.140375,0.12832,0.107836
2510,50,0.339006,0.320325,0.300631,0.263061
6486,450,0.27669,0.259218,0.243687,0.214757
7931,150,0.411286,0.402036,0.390994,0.367443
6429,150,0.234601,0.219808,0.205923,0.180528
1060,300,0.205737,0.19162,0.179769,0.162658
6834,5000,0.133139,0.128486,0.125687,0.124554
1603,50,0.526016,0.524872,0.518901,0.497614
2568,5000,0.152191,0.135634,0.123346,0.107217
5374,700,0.229222,0.224384,0.218964,0.208161
1391,50,0.372856,0.362194,0.349788,0.323267
7306,400,0.183469,0.170504,0.158225,0.137289
4147,150,0.178414,0.154243,0.136459,0.116147
3076,750,0.217713,0.194717,0.173712,0.140064
8255,500,0.20036,0.191619,0.182665,0.164046
2563,300,0.273296,0.266985,0.259662,0.244745
4454,5000,0.12932,0.115276,0.103014,0.083675
5395,150,0.270343,0.246106,0.225329,0.19268
9603,2650,0.159881,0.155273,0.148941,0.13289
3149,50,0.286333,0.266536,0.247527,0.213269
7413,50,0.41619,0.408999,0.401016,0.383195
1112,50,0.586895,0.585659,0.584772,0.58414
1286,50,0.366942,0.355439,0.344526,0.321713
54,100,0.290799,0.275169,0.259814,0.233005
3970,850,0.253573,0.244673,0.234332,0.211726
1426,100,0.29472,0.281331,0.268816,0.247459
2917,150,0.313141,0.294836,0.278495,0.248237
4573,150,0.357395,0.343355,0.328835,0.299466
319,1150,0.12381,0.109106,0.097764,0.083049
589,50,0.446149,0.451284,0.450335,0.436022
3283,50,0.506768,0.497365,0.486731,0.463292
6235,200,0.238079,0.218909,0.202266,0.175659
6180,5000,0.139989,0.133452,0.126671,0.113518
5,200,0.202833,0.194795,0.183972,0.158551
1820,2350,0.133029,0.119211,0.107572,0.0906755
6335,550,0.290824,0.273447,0.255793,0.22359
7759,50,0.469224,0.457251,0.44374,0.413977
5462,50,0.295817,0.292417,0.286061,0.267598
4408,50,0.54728,0.534492,0.516083,0.457975
2016,50,0.25197,0.254141,0.254799,0.251288
775,2550,0.218721,0.217399,0.213612,0.201376
3621,250,0.197715,0.184205,0.172652,0.155449
8637,50,0.442651,0.438639,0.431121,0.410816
2898,550,0.28316,0.272959,0.263402,0.244512
1322,50,0.375614,0.372219,0.364813,0.341701
3180,100,0.282071,0.269089,0.255815,0.229109
5928,50,0.547982,0.540229,0.531009,0.510849
2420,2000,0.196271,0.177523,0.162586,0.143018
5890,50,0.409478,0.409971,0.406778,0.392795
5937,100,0.521552,0.514808,0.505232,0.480144
5844,650,0.213078,0.206908,0.202166,0.197088
399,50,0.72117,0.723379,0.724694,0.725202
2843,100,0.398439,0.388008,0.376105,0.350824
5026,50,0.188673,0.17948,0.170064,0.151409
316,50,0.277696,0.256645,0.236935,0.200631
9702,100,0.287733,0.275973,0.264854,0.24527
5886,250,0.332996,0.314855,0.299382,0.275933
801,50,0.612529,0.611353,0.608121,0.595277
9046,50,0.424872,0.423715,0.42001,0.407606
4913,50,0.355449,0.342366,0.329166,0.301305
5114,50,0.249319,0.216264,0.188872,0.150777
6282,50,0.25648,0.25261,0.24623,0.228899
530,50,0.339377,0.316671,0.292977,0.25164
6994,150,0.354284,0.347808,0.337717,0.306954
8290,50,0.30729,0.296706,0.286091,0.265122
5661,500,0.194399,0.18753,0.180179,0.163675
2341,300,0.153548,0.144118,0.135076,0.115147
7049,250,0.216007,0.195184,0.176617,0.14779
8705,50,0.373516,0.361161,0.347671,0.319072
720,50,0.471332,0.448857,0.428353,0.389945
5906,50,0.462945,0.442366,0.4224,0.388139
7199,150,0.332478,0.318831,0.302751,0.264183
1672,650,0.195445,0.173998,0.155089,0.12503
7378,4350,0.138214,0.125498,0.116496,0.10627
1837,50,0.525843,0.517858,0.507242,0.476407
370,50,0.430833,0.418746,0.40632,0.382047
4092,100,0.238271,0.221719,0.204405,0.171599
1057,400,0.183542,0.170682,0.159389,0.142345
16,50,0.780421,0.779584,0.776974,0.768131
7714,3350,0.103099,0.0922369,0.0820026,0.0652477
566,200,0.232884,0.229574,0.226069,0.219049
9757,350,0.275876,0.259224,0.241885,0.208392
7029,50,0.423876,0.412875,0.401212,0.377929
7333,50,0.301587,0.287783,0.272416,0.237633
5484,2200,0.121872,0.116578,0.110605,0.0975138
6222,700,0.363313,0.352651,0.340635,0.314432
666,50,0.359926,0.360215,0.356264,0.340372
5718,50,0.459384,0.448252,0.43568,0.40849
3515,50,0.579376,0.573601,0.56705,0.552153
5362,50,0.532245,0.519773,0.507281,0.482549
9871,50,0.382242,0.361566,0.343946,0.316846
7080,200,0.203829,0.196231,0.187591,0.169632
6670,50,0.499991,0.500655,0.497454,0.483167
3468,800,0.227769,0.211125,0.195268,0.169587
8615,550,0.164532,0.145117,0.128872,0.103685
3659,200,0.254441,0.229781,0.208925,0.178472
20,2300,0.224788,0.21214,0.199117,0.174764
6302,50,0.345027,0.330446,0.314415,0.283378
7681,100,0.348868,0.330588,0.313082,0.281142
7943,100,0.255477,0.251305,0.244219,0.223758
428,450,0.326819,0.311751,0.296614,0.268511
3429,50,0.641314,0.636993,0.631947,0.620142
3046,1700,0.148874,0.142617,0.138322,0.132787
8182,50,0.279751,0.261353,0.244265,0.214483
4125,200,0.170789,0.156706,0.144931,0.126283
6026,50,0.414332,0.401873,0.388514,0.361494
623,50,0.620207,0.625903,0.629668,0.632374
2195,50,0.324997,0.303625,0.284879,0.258277
8913,5000,0.14874,0.141875,0.135815,0.123249
3131,2000,0.137981,0.131822,0.125285,0.112192
3607,50,0.166439,0.150571,0.136247,0.114532
3589,100,0.49037,0.479294,0.467417,0.443363
8148,1800,0.132508,0.115793,0.102272,0.083568
3465,1550,0.181549,0.165769,0.151729,0.128969
201,400,0.181438,0.169265,0.157706,0.138462
2068,450,0.163356,0.156854,0.150239,0.138496
3697,3450,0.134812,0.124091,0.115724,0.106825
5178,50,0.344413,0.327293,0.311094,0.282172
5881,50,0.434819,0.430765,0.427042,0.42189
2480,1100,0.182583,0.175211,0.167814,0.153118
9320,100,0.388337,0.374277,0.360013,0.332523
4155,50,0.426947,0.409079,0.38973,0.341882
5875,50,0.602377,0.597464,0.591356,0.573359
7744,1200,0.197745,0.185267,0.172817,0.14956
7904,50,0.406888,0.401053,0.392201,0.364876
2940,100,0.167696,0.154494,0.141839,0.120259
5834,50,0.40815,0.402141,0.393277,0.36891
6377,50,0.277245,0.261006,0.24539,0.216089
9034,100,0.321555,0.305831,0.289585,0.254905
8099,50,0.377712,0.359346,0.340387,0.30355
2194,50,0.343744,0.334547,0.324056,0.303464
4653,50,0.422425,0.417124,0.408526,0.3851
3974,100,0.257016,0.251396,0.244189,0.228733
8648,50,0.464307,0.45135,0.437985,0.411294
440,50,0.519918,0.517111,0.513112,0.502643
8097,200,0.203268,0.188573,0.176158,0.156383
1611,50,0.48669,0.478455,0.469066,0.441527
3496,650,0.188404,0.167369,0.149624,0.12337
1639,1350,0.17522,0.159215,0.14371,0.11629
7,350,0.145516,0.141082,0.135519,0.124074
8920,250,0.161344,0.143211,0.128173,0.106481
7366,900,0.242215,0.241272,0.238356,0.227915
4854,350,0.280338,0.26208,0.246094,0.22205
3049,150,0.435492,0.419161,0.403545,0.375274
5209,50,0.341688,0.329125,0.321347,0.319043
9802,2750,0.179947,0.170477,0.161681,0.145803
5156,150,0.394238,0.384621,0.3736,0.349085
519,50,0.431566,0.42152,0.409851,0.386279
1488,400,0.190328,0.184417,0.180165,0.173703
9105,150,0.164778,0.148666,0.135532,0.116495
6857,50,0.399334,0.395416,0.392253,0.38964
7350,50,0.317381,0.305343,0.292857,0.26533
2769,100,0.203168,0.188181,0.174025,0.149113
5396,50,0.432985,0.417912,0.401082,0.364651
5276,50,0.501251,0.493787,0.486159,0.470678
6209,350,0.150136,0.142689,0.135513,0.120739
416,50,0.384097,0.390445,0.389986,0.37453
3277,50,0.603128,0.606644,0.606586,0.597894
6124,600,0.175799,0.17031,0.163945,0.149741
6291,3250,0.10189,0.0888422,0.0781248,0.0645903
5691,50,0.351857,0.339074,0.32505,0.296071
3975,50,0.350366,0.336837,0.323918,0.301162
5861,4500,0.122467,0.1162,0.109256,0.0959917
798,50,0.448618,0.440569,0.430916,0.409287
6053,100,0.225268,0.220212,0.212438,0.192583
1071,100,0.210788,0.201391,0.191434,0.170307
3258,100,0.240534,0.23323,0.224591,0.205052
9024,50,0.518316,0.508987,0.498931,0.479426
8927,50,0.362784,0.343619,0.324706,0.284214
2760,50,0.471371,0.461231,0.450878,0.430573
2049,750,0.218202,0.202275,0.186642,0.158265
3543,50,0.293092,0.282526,0.271071,0.243433
8260,100,0.314602,0.299249,0.285243,0.263126
8357,50,0.445518,0.441026,0.434475,0.417601
898,50,0.547389,0.541611,0.533953,0.514365
8706,100,0.36797,0.346906,0.325781,0.282342
5684,250,0.253542,0.230799,0.209496,0.174482
8117,550,0.254802,0.248527,0.241776,0.227624
7016,3500,0.254161,0.248872,0.240647,0.219681
9254,50,0.353432,0.337297,0.320315,0.287172
8730,100,0.280546,0.263763,0.246768,0.210916
7047,150,0.205476,0.187711,0.171679,0.146234
4980,550,0.248489,0.232866,0.218821,0.195877
8157,100,0.249928,0.243976,0.236678,0.220444
8993,1650,0.158149,0.156081,0.151677,0.138651
472,3650,0.167917,0.16077,0.1532,0.139042
1465,250,0.195004,0.176839,0.161245,0.138096
838,50,0.531354,0.512082,0.491101,0.439665
4018,250,0.266052,0.255344,0.244459,0.220808
3645,750,0.165871,0.154597,0.144026,0.125033
9604,50,0.550197,0.544518,0.534861,0.500478
7896,50,0.369034,0.366063,0.359138,0.338378
9714,50,0.506612,0.495256,0.483148,0.458804
7526,50,0.389953,0.363354,0.3384,0.296185
700,1000,0.240683,0.22468,0.209353,0.182097
9694,50,0.433767,0.433995,0.430016,0.41282
6414,1950,0.131326,0.117814,0.106553,0.0894262
5827,50,0.41897,0.410197,0.400705,0.381549
6339,500,0.143826,0.133933,0.124687,0.108929
8715,5000,0.184195,0.175409,0.166362,0.148708
1065,50,0.422841,0.398587,0.376299,0.335065
475,450,0.182251,0.181015,0.178277,0.169853
9,1250,0.198737,0.186873,0.173356,0.145246
4566,650,0.278582,0.265465,0.252161,0.226569
582,50,0.487313,0.482418,0.475087,0.457683
3600,600,0.227964,0.213274,0.199263,0.174719
5969,50,0.570621,0.563641,0.555348,0.535337
85,50,0.442013,0.430508,0.418295,0.392005
585,50,0.279966,0.263522,0.247551,0.216569
1846,650,0.164382,0.146586,0.130786,0.10586
6827,100,0.3808,0.379398,0.375271,0.357605
4455,2850,0.114027,0.0990373,0.0865236,0.0680964
2008,50,0.568503,0.564622,0.558882,0.544647
9725,2050,0.138752,0.122973,0.10985,0.0913727
6616,1300,0.127917,0.123239,0.117901,0.105764
6546,50,0.471767,0.466303,0.460067,0.446047
5350,50,0.571249,0.571665,0.569667,0.560828
9833,50,0.34873,0.354595,0.357533,0.356686
9490,50,0.28542,0.273391,0.261597,0.240047
325,5000,0.143968,0.130618,0.119001,0.100401
2621,100,0.340697,0.330464,0.319153,0.296412
8725,150,0.197113,0.171496,0.149824,0.119702
8011,50,0.527692,0.522199,0.513724,0.487967
3573,50,0.377547,0.372493,0.363176,0.336601
9099,100,0.244702,0.227353,0.211433,0.184819
4081,50,0.634294,0.636343,0.633385,0.617638
1296,200,0.27945,0.274138,0.267509,0.252373
8977,450,0.283033,0.272603,0.262614,0.244718
6549,1050,0.217917,0.205212,0.192246,0.167734
8501,300,0.166222,0.156877,0.14821,0.133727
38,50,0.341132,0.318574,0.297432,0.262673
4598,50,0.448553,0.427096,0.405075,0.363318
2249,5000,0.135625,0.120696,0.108171,0.0884923
312,1450,0.200236,0.188979,0.178913,0.163139
5085,50,0.503311,0.49701,0.489439,0.47207
107,50,0.315733,0.285847,0.259625,0.218307
22,1700,0.142006,0.130227,0.119889,0.104208
1349,50,0.365302,0.356412,0.346177,0.323427
2461,50,0.380233,0.373007,0.365336,0.352208
6617,100,0.294937,0.283957,0.273979,0.257211
2736,50,0.425392,0.436658,0.445116,0.455568
724,500,0.207423,0.188212,0.172764,0.150345
200,450,0.152165,0.138192,0.125966,0.106966
151,250,0.355503,0.346001,0.335336,0.312747
7993,50,0.619889,0.618058,0.614815,0.605178
3920,900,0.275757,0.274436,0.271886,0.266218
9558,50,0.395718,0.386909,0.376235,0.352432
9632,250,0.268161,0.24942,0.234516,0.212619
9184,50,0.314043,0.305379,0.295148,0.272318
2730,50,0.517145,0.507693,0.497203,0.475371
1700,1250,0.220879,0.212807,0.203928,0.18527
2520,50,0.407329,0.402219,0.395892,0.380209
8442,100,0.355173,0.344119,0.333681,0.318654
5625,50,0.635983,0.626952,0.618036,0.600857
5371,100,0.352163,0.342867,0.331215,0.304357
8800,250,0.247848,0.233422,0.220247,0.197609
8477,50,0.278985,0.25549,0.236201,0.207951
5125,2100,0.113843,0.107964,0.102571,0.0941551
8298,200,0.210137,0.198962,0.187364,0.165702
5205,50,0.319642,0.305001,0.289154,0.256799
198,1400,0.111857,0.104424,0.0974572,0.0855339
6865,1000,0.128728,0.119888,0.112475,0.101588
9032,300,0.407977,0.400532,0.392779,0.376929
5403,50,0.541343,0.542825,0.541583,0.532198
4372,750,0.109713,0.100423,0.0909817,0.0735296
4183,50,0.357439,0.357082,0.35484,0.345119
2014,50,0.553961,0.563502,0.572202,0.587726
4143,450,0.170134,0.157977,0.147365,0.129715
9680,50,0.369631,0.352329,0.335156,0.304433
1709,50,0.326764,0.327883,0.323894,0.304983
7739,50,0.407276,0.412354,0.414863,0.414351
9773,100,0.339159,0.323193,0.308173,0.281978
3309,200,0.251018,0.2419,0.232529,0.213976
7122,50,0.54686,0.54595,0.543531,0.535065
7045,600,0.29027,0.277402,0.263459,0.234798
602,50,0.300327,0.298606,0.294877,0.284732
6949,200,0.242533,0.216963,0.194905,0.161744
8212,100,0.374999,0.363098,0.350236,0.324236
5748,150,0.240362,0.227999,0.215954,0.193722
8621,50,0.70587,0.704897,0.701175,0.684781
1150,50,0.546427,0.540411,0.533733,0.51903
5576,50,0.626,0.621244,0.615431,0.601937
3443,100,0.313558,0.303728,0.29159,0.264415
9329,300,0.14994,0.132897,0.119141,0.100859
5668,50,0.499849,0.50434,0.503952,0.493637
3502,2300,0.254571,0.243157,0.231068,0.205284
5523,50,0.447836,0.439549,0.429853,0.409671
680,1200,0.173306,0.165953,0.15606,0.132824
1077,50,0.369496,0.35109,0.333149,0.300979
2706,100,0.423444,0.407933,0.391041,0.350723
8320,750,0.156059,0.143219,0.130072,0.106617
1980,250,0.260525,0.244524,0.228759,0.200446
4269,50,0.403503,0.3957,0.387256,0.368736
6868,550,0.225734,0.208164,0.191475,0.164117
4920,100,0.276981,0.25949,0.242656,0.21304
3686,50,0.38656,0.367636,0.347724,0.310159
9087,50,0.539413,0.534452,0.528473,0.514472
377,300,0.225633,0.216788,0.207361,0.186413
6287,150,0.296524,0.274046,0.25483,0.225617
5950,50,0.414959,0.401831,0.388721,0.360256
479,2350,0.118102,0.101439,0.0896001,0.0766344
8956,100,0.252393,0.242013,0.229882,0.203409
9346,700,0.186847,0.175532,0.165089,0.147642
5968,850,0.154657,0.138818,0.127139,0.111372
4384,50,0.321975,0.314884,0.30611,0.285663
8587,50,0.270912,0.262436,0.253264,0.232718
929,2750,0.174984,0.156979,0.140394,0.113122
6495,100,0.235396,0.216109,0.199833,0.174936
7664,1000,0.205337,0.191534,0.178862,0.158418
6364,1800,0.198384,0.172592,0.149759,0.114977
9925,50,0.407084,0.404913,0.401416,0.391017
2677,50,0.490447,0.473394,0.456516,0.424847
733,300,0.168507,0.149125,0.134484,0.114603
3506,3150,0.143852,0.126503,0.112042,0.0910583
5639,1000,0.172786,0.146607,0.127089,0.10591
6338,3150,0.23001,0.223334,0.215256,0.196051
7432,100,0.337888,0.308987,0.28382,0.246478
7419,1250,0.20499,0.200002,0.192692,0.174849
3302,50,0.563984,0.558734,0.55072,0.527942
3462,600,0.158493,0.145398,0.134475,0.117166
4987,100,0.312295,0.292342,0.272296,0.235641
6840,50,0.204121,0.200251,0.194012,0.176885
6044,200,0.308847,0.275189,0.245442,0.199505
5028,1850,0.142775,0.136512,0.130266,0.118923
9085,100,0.31786,0.29711,0.278415,0.248975
6737,50,0.380079,0.380021,0.383921,0.406536
5876,100,0.257615,0.256274,0.254319,0.246275
2140,700,0.157698,0.144863,0.1331,0.113111
418,50,0.451406,0.442576,0.432123,0.40861
1037,50,0.531928,0.523804,0.512797,0.480133
5518,700,0.242209,0.23373,0.224889,0.207122
3679,50,0.210799,0.193168,0.17954,0.162504
9561,100,0.323219,0.305762,0.289451,0.261135
3315,50,0.450094,0.433113,0.41737,0.391849
8573,3600,0.114037,0.108587,0.103378,0.094188
9655,1650,0.19882,0.188802,0.179069,0.162839
3098,2100,0.140222,0.133405,0.126501,0.113554
7230,50,0.393891,0.388538,0.382033,0.366377
3032,4350,0.109073,0.0920109,0.0785179,0.0605155
2070,550,0.143596,0.126333,0.111717,0.0908585
4919,50,0.296683,0.281282,0.265109,0.234138
8613,50,0.330033,0.315435,0.300783,0.273195
4385,50,0.404477,0.395134,0.385136,0.367081
4327,1400,0.191104,0.180766,0.171944,0.157399
5245,50,0.33294,0.313755,0.29533,0.263787
1906,3500,0.134574,0.114264,0.0977788,0.0748021
641,100,0.437276,0.421572,0.405093,0.369957
5622,50,0.362706,0.360863,0.356575,0.343752
5926,50,0.453745,0.440747,0.425103,0.390576
7065,350,0.229921,0.220045,0.211087,0.197062
5929,250,0.14678,0.133129,0.121111,0.10182
286,700,0.165502,0.152431,0.140918,0.1215
895,100,0.296558,0.284257,0.273095,0.254858
1565,2400,0.116356,0.107828,0.0993764,0.0851317
6980,200,0.216009,0.205577,0.196324,0.181133
1402,50,0.225714,0.214879,0.203668,0.182692
