query_idx,ef_true,MR_gauss_5,MR_log
1730,4200,0.210864,0.229015
3464,1600,0.217536,0.229484
662,800,0.239661,0.242085
6236,1300,0.145125,0.163022
9488,350,0.253577,0.216124
2113,50,0.52437,0.370217
457,100,0.380029,0.35193
2411,50,0.391996,0.357945
3127,50,0.511385,0.387947
758,200,0.295908,0.306297
3863,50,0.542208,0.543973
7848,1300,0.236238,0.216632
1537,1800,0.15419,0.205496
8819,50,0.721787,0.537853
3537,2250,0.189371,0.238689
2606,50,0.400489,0.294113
7810,2200,0.199498,0.169343
8934,50,0.73278,0.601573
5896,100,0.320023,0.252085
6485,150,0.387234,0.397793
2463,150,0.336265,0.239064
9611,50,0.605148,0.466126
8876,400,0.248356,0.240205
4629,850,0.203566,0.215908
5430,50,0.579214,0.48456
1327,400,0.208146,0.203688
3742,50,0.631931,0.489119
409,5000,0.20331,0.220436
3272,50,0.739499,0.600961
1207,3450,0.17699,0.205237
9981,50,0.621097,0.562648
8017,100,0.392751,0.405631
6689,150,0.404928,0.318995
26,100,0.394068,0.307482
9529,2950,0.255458,0.310279
4768,50,0.74043,0.592672
7856,600,0.249622,0.238558
3287,2150,0.19246,0.2167
2192,100,0.425636,0.354323
7713,100,0.402996,0.281743
7057,250,0.375412,0.278424
3714,100,0.383085,0.254646
9552,100,0.296005,0.278197
1544,50,0.410945,0.338349
3294,100,0.411964,0.333448
1193,300,0.435924,0.305055
4826,100,0.3622,0.247938
2631,2600,0.270882,0.229358
2111,50,0.65178,0.44369
8093,1650,0.353567,0.325254
4581,350,0.439634,0.347836
5049,50,0.367661,0.279719
5446,550,0.38309,0.278368
8484,50,0.474912,0.322241
3885,50,0.480282,0.318597
5098,50,0.662069,0.572997
8008,2650,0.334321,0.267468
4623,50,0.636182,0.438019
3733,1300,0.195307,0.226127
7324,300,0.255453,0.289817
6711,900,0.290856,0.311004
2966,2700,0.303554,0.248588
5217,100,0.389007,0.252457
3812,50,0.383742,0.333554
2822,200,0.309871,0.224091
8276,150,0.364235,0.253434
2987,50,0.679369,0.603157
3868,2350,0.177271,0.176799
1926,900,0.183496,0.246535
1351,50,0.680234,0.580598
2107,150,0.258987,0.21449
3453,1200,0.246143,0.250647
3674,50,0.454679,0.415549
7538,450,0.260142,0.318129
4350,200,0.329588,0.276382
8998,1950,0.182541,0.208473
5097,50,0.394816,0.34971
2718,50,0.57207,0.431704
4543,100,0.645025,0.434087
8877,50,0.685164,0.538209
2836,50,0.581029,0.279316
8791,100,0.434802,0.371295
2782,50,0.529242,0.413302
1279,50,0.364485,0.265959
6442,50,0.465632,0.335227
1447,900,0.220039,0.244407
2872,2200,0.2284,0.212872
6269,100,0.426367,0.339397
7302,50,0.656454,0.376748
9793,300,0.350175,0.193675
5191,50,0.566228,0.379478
4608,5000,0.200247,0.267702
1999,650,0.240622,0.257412
1023,3100,0.158475,0.192965
9225,950,0.316461,0.267048
2391,700,0.289695,0.259811
1874,200,0.305066,0.258182
9114,50,0.671049,0.42482
8238,50,0.376776,0.334974
4265,100,0.308439,0.229065
9495,300,0.23704,0.268712
3682,50,0.644732,0.464598
6974,100,0.610513,0.489676
6453,200,0.230922,0.23083
8476,900,0.164894,0.221193
2309,50,0.718919,0.505572
8263,50,0.46391,0.474593
6020,50,0.665947,0.51968
1216,100,0.517192,0.399369
1012,50,0.362689,0.260594
5012,1650,0.269729,0.201781
1339,50,0.569197,0.3511
7181,150,0.284949,0.230945
4233,300,0.175791,0.191756
8649,150,0.378891,0.373072
2926,150,0.260516,0.278381
5022,4100,0.267405,0.371071
5286,100,0.38237,0.260234
9916,100,0.296305,0.248377
6785,50,0.620335,0.424168
3300,50,0.480762,0.374165
555,50,0.562947,0.41956
3444,1450,0.258509,0.293919
315,250,0.591745,0.398285
563,200,0.346117,0.248984
9629,50,0.334996,0.236632
9523,50,0.572373,0.469754
6979,200,0.199792,0.229137
9468,50,0.428621,0.412702
2544,250,0.252953,0.222431
5333,100,0.399899,0.312495
9877,50,0.375425,0.295592
687,100,0.563016,0.379153
7068,3050,0.199005,0.19338
2754,800,0.228495,0.238042
8126,50,0.415452,0.403774
8440,150,0.443209,0.255851
4217,1050,0.239789,0.254294
1925,50,0.521493,0.418893
6106,100,0.389423,0.383206
9166,50,0.468221,0.419493
4397,50,0.677734,0.547312
6060,3950,0.205345,0.226808
8971,50,0.593459,0.344592
2060,1900,0.176434,0.20593
2565,50,0.827045,0.645775
4522,150,0.344945,0.196439
1573,50,0.482145,0.381297
9555,100,0.367998,0.253777
4524,50,0.576242,0.443898
6186,600,0.176674,0.210106
1509,1600,0.242643,0.237299
8049,200,0.277284,0.299989
6896,100,0.582779,0.447926
1771,5000,0.223954,0.218568
5379,50,0.570521,0.454464
3401,100,0.590189,0.390313
1347,1050,0.297164,0.24693
3745,50,0.560117,0.366298
2556,50,0.515248,0.448303
3254,50,0.444043,0.399362
5042,200,0.339453,0.267526
4724,150,0.3876,0.333827
9449,50,0.580683,0.572044
9115,950,0.310188,0.224209
938,1750,0.322938,0.324153
8623,50,0.589861,0.442741
5933,50,0.371734,0.292961
2137,550,0.176908,0.203939
273,50,0.300909,0.281629
7782,50,0.470767,0.342072
503,50,0.645016,0.569224
872,50,0.352139,0.165162
9059,50,0.623042,0.461033
4510,200,0.35372,0.323042
1585,50,0.501301,0.434977
6542,650,0.43753,0.293286
3549,100,0.339684,0.289165
9332,150,0.342728,0.230744
488,950,0.182822,0.203515
7214,50,0.465731,0.357252
5018,50,0.556851,0.554005
8314,50,0.467968,0.371149
9257,2850,0.165491,0.2577
141,50,0.626499,0.575792
4595,50,0.334975,0.259631
5695,1500,0.177464,0.182619
4579,3200,0.269069,0.254849
7527,50,0.275595,0.261031
9321,100,0.46271,0.396357
239,650,0.210585,0.283032
5485,150,0.370295,0.377474
4188,50,0.363407,0.374262
7689,100,0.305975,0.206751
1027,50,0.655031,0.571324
9496,50,0.695065,0.6207
6090,100,0.455127,0.357891
4702,300,0.198259,0.204127
7879,300,0.314739,0.224301
4760,350,0.343211,0.25386
1146,5000,0.207185,0.231432
6960,50,0.466867,0.482933
351,3800,0.291696,0.247988
1525,2450,0.18178,0.190658
9753,500,0.274539,0.152718
9619,550,0.250869,0.250756
9715,500,0.239108,0.209938
5717,100,0.453756,0.423042
2452,50,0.365977,0.307059
7907,50,0.470143,0.310128
2356,100,0.346129,0.340766
9868,50,0.775402,0.626702
8833,250,0.252916,0.234414
4525,50,0.329057,0.334139
4990,50,0.664888,0.530791
8237,50,0.434694,0.410433
9067,50,0.542246,0.516376
8468,50,0.418121,0.287357
1029,1350,0.210438,0.192569
251,50,0.527654,0.536801
4733,50,0.43945,0.354213
4528,400,0.321753,0.296084
817,1800,0.175731,0.187584
3074,5000,0.159274,0.189167
5494,50,0.431505,0.310073
102,1500,0.233035,0.249652
3267,50,0.68189,0.461351
4610,2550,0.212359,0.220248
4540,50,0.44336,0.364654
8958,300,0.225233,0.278623
3111,1500,0.165909,0.191065
2860,4350,0.183394,0.195532
5053,50,0.510909,0.348557
1616,50,0.500424,0.378426
6331,50,0.2793,0.283226
4979,750,0.29902,0.296088
6202,50,0.624956,0.557134
4511,400,0.212846,0.258203
3969,450,0.300006,0.203833
7737,50,0.520373,0.384291
6520,50,0.714269,0.527173
1147,700,0.218273,0.220416
4533,100,0.363225,0.317606
2053,50,0.53907,0.426289
6722,50,0.409695,0.35805
9187,50,0.709159,0.607384
1853,50,0.564923,0.430309
236,100,0.262118,0.204619
1393,100,0.480555,0.406352
56,200,0.262366,0.250642
1552,150,0.238279,0.284353
497,50,0.345618,0.307536
8123,1450,0.180235,0.230719
3442,50,0.457441,0.284677
8752,1600,0.191439,0.202823
2373,50,0.496504,0.304395
1315,50,0.554179,0.492598
1311,50,0.707758,0.600416
9689,5000,0.183547,0.239908
8361,4400,0.252552,0.205937
1272,450,0.323136,0.259067
4831,200,0.383276,0.311482
9131,50,0.652629,0.580463
9526,5000,0.338641,0.332835
5825,600,0.168753,0.210593
6981,50,0.608355,0.402094
4356,850,0.229407,0.23848
7639,600,0.232597,0.208854
6069,50,0.620755,0.466474
9264,100,0.459286,0.358773
2496,50,0.74258,0.551951
9123,600,0.290388,0.250255
1940,300,0.327017,0.229509
7121,400,0.312829,0.231403
7809,150,0.270295,0.220232
868,50,0.574166,0.437753
9485,50,0.577309,0.486449
3366,2400,0.259864,0.186685
3421,450,0.269541,0.244922
2164,50,0.714174,0.573014
5111,50,0.545062,0.409252
5951,50,0.428917,0.35148
9545,50,0.639948,0.587872
1952,150,0.415764,0.32377
5797,300,0.24611,0.193321
214,450,0.29694,0.237168
5112,50,0.625427,0.525164
3317,50,0.399629,0.378193
9433,3500,0.175178,0.229896
2868,100,0.540805,0.421423
719,200,0.245742,0.212107
5438,700,0.313053,0.286682
8827,1100,0.256009,0.240873
4599,1000,0.201436,0.212311
1364,100,0.389324,0.301321
2139,50,0.51842,0.409414
6623,800,0.252175,0.31748
3712,50,0.557414,0.517202
5323,600,0.3185,0.257233
4427,700,0.252964,0.220172
2156,400,0.237499,0.26992
7532,50,0.551673,0.39584
7399,50,0.648716,0.569785
5337,4150,0.180987,0.235007
4657,2450,0.261144,0.20808
4498,200,0.370278,0.270531
1228,50,0.389379,0.383382
7453,450,0.267388,0.242064
3944,50,0.656351,0.437843
6457,250,0.355243,0.24004
3410,50,0.496984,0.392156
1674,250,0.29019,0.300612
4375,200,0.26421,0.218921
624,550,0.328582,0.276285
4683,50,0.49596,0.449797
4288,250,0.279274,0.271778
2413,500,0.177903,0.22704
7135,100,0.318493,0.267674
6654,50,0.525125,0.491048
2845,50,0.451146,0.417033
6837,50,0.581814,0.329429
366,800,0.351629,0.318348
779,1600,0.271218,0.241738
6708,1400,0.29635,0.283495
6604,50,0.544464,0.377165
9999,100,0.297945,0.202038
165,50,0.534543,0.357089
5370,4400,0.344246,0.189555
6767,50,0.433648,0.29315
1836,50,0.691629,0.494946
9104,950,0.232656,0.241361
1409,50,0.689351,0.582226
5904,50,0.578352,0.4226
1994,200,0.32681,0.22595
120,50,0.564042,0.38668
136,50,0.55682,0.469381
892,3200,0.391612,0.336562
9616,5000,0.345318,0.281297
2073,300,0.297383,0.267844
7449,3600,0.190077,0.225995
5048,50,0.652728,0.559015
9596,50,0.47637,0.466858
3800,50,0.445368,0.346019
4162,150,0.38279,0.378189
6307,250,0.442477,0.312768
3322,200,0.421321,0.311758
1250,950,0.254782,0.258139
8026,200,0.24977,0.189402
587,100,0.429179,0.368779
2968,50,0.731489,0.581922
2547,50,0.420941,0.268048
3778,50,0.449716,0.377628
7027,50,0.807445,0.609137
4235,50,0.563019,0.522938
2572,100,0.443302,0.332277
5573,1600,0.176311,0.231603
4502,1000,0.338549,0.252199
4232,50,0.451585,0.358073
8244,50,0.75918,0.575069
3848,150,0.324957,0.325339
4582,50,0.446194,0.348488
234,1050,0.290447,0.237265
8662,50,0.634772,0.583158
9669,50,0.527877,0.489619
7118,50,0.641779,0.499384
4297,50,0.530176,0.418525
7042,50,0.457126,0.428692
3288,1250,0.284221,0.238901
323,1050,0.306099,0.304034
1277,50,0.762547,0.628226
8679,50,0.490304,0.367515
271,850,0.311839,0.234517
9444,50,0.601577,0.530182
62,1300,0.194816,0.206539
7441,800,0.209159,0.273347
7421,2500,0.188197,0.208039
8438,5000,0.399362,0.36557
3614,950,0.208287,0.203919
7596,1800,0.202922,0.237021
792,50,0.537663,0.469374
401,50,0.596395,0.489811
2343,50,0.474891,0.399236
5192,100,0.475082,0.37116
356,50,0.688652,0.593271
118,50,0.721219,0.596384
4290,300,0.189959,0.190691
9642,50,0.391119,0.306062
9639,50,0.707256,0.56881
831,4800,0.20076,0.197493
9756,50,0.431854,0.335126
7084,1300,0.217679,0.202167
1507,200,0.178496,0.233043
3962,800,0.235063,0.22037
9213,1250,0.273266,0.226051
3633,1150,0.243683,0.206858
1802,2050,0.246869,0.204974
3884,50,0.409361,0.368064
3280,50,0.440979,0.349625
8505,200,0.397387,0.315901
8756,3350,0.17454,0.171132
2294,1950,0.23048,0.249481
8849,5000,0.191178,0.24217
6040,50,0.472352,0.350745
4286,50,0.549997,0.491977
8234,150,0.315996,0.280747
5912,200,0.34768,0.308286
9033,5000,0.186086,0.236952
5967,50,0.526029,0.480893
586,50,0.521425,0.371428
1048,500,0.366088,0.305303
1428,50,0.413387,0.351484
8801,250,0.320504,0.298668
2771,50,0.283131,0.23765
197,50,0.732015,0.640749
7022,400,0.321672,0.22985
3100,750,0.280884,0.264112
725,150,0.433665,0.368034
4355,50,0.81069,0.601917
3325,50,0.785255,0.699213
9651,50,0.385276,0.284435
1499,450,0.187279,0.230557
8010,350,0.254218,0.237313
8809,2800,0.483564,0.30122
2820,250,0.288075,0.225331
8455,50,0.661155,0.549009
9823,150,0.271867,0.254344
6619,50,0.835575,0.612824
5788,50,0.380092,0.342143
6677,50,0.640116,0.44933
515,50,0.407276,0.401627
6718,550,0.325062,0.237791
5804,100,0.371443,0.275161
3494,100,0.508783,0.345758
2023,50,0.463641,0.381731
1293,1150,0.272552,0.268338
2162,1500,0.373674,0.288249
4707,950,0.227534,0.2443
3559,50,0.475905,0.423816
7760,50,0.329205,0.232984
2584,50,0.750413,0.65274
4418,650,0.277164,0.227165
375,100,0.595846,0.4455
3601,50,0.536058,0.447564
7910,100,0.537233,0.415455
6528,700,0.224691,0.211818
1528,50,0.549329,0.434453
8511,100,0.467399,0.414265
4008,450,0.222132,0.184786
9255,250,0.275417,0.191965
5987,50,0.494984,0.353754
8965,50,0.679985,0.49756
2939,2350,0.342342,0.33305
6183,400,0.310522,0.28382
4523,2250,0.178687,0.196483
5796,150,0.559453,0.371967
7265,300,0.209904,0.194073
8240,50,0.298816,0.26507
1974,650,0.218626,0.26706
1543,50,0.651213,0.561998
7964,50,0.640617,0.547831
8493,250,0.230453,0.240908
3441,350,0.46118,0.306184
8177,2400,0.332995,0.254184
1697,50,0.599758,0.501757
8378,50,0.400407,0.420946
4019,50,0.698254,0.55087
5885,250,0.221817,0.20727
4802,100,0.45081,0.315805
1316,200,0.309011,0.29803
9534,550,0.244715,0.198443
9582,50,0.658263,0.617452
7911,50,0.363063,0.306832
2340,250,0.28204,0.255573
5418,350,0.337712,0.220593
5755,50,0.299295,0.209741
6274,50,0.373381,0.302452
4416,200,0.348471,0.25532
636,50,0.626498,0.563178
8554,1200,0.340366,0.292909
2611,400,0.214619,0.187577
7952,5000,0.200762,0.202118
617,150,0.363472,0.225405
3469,1200,0.258958,0.25404
9432,50,0.384428,0.358303
9859,50,0.528452,0.498119
7094,2800,0.281256,0.246393
4070,1400,0.207736,0.227129
3911,1300,0.223842,0.263613
6696,50,0.53764,0.442022
4994,650,0.180994,0.255293
3303,50,0.573758,0.455985
8818,2000,0.180912,0.283899
6173,750,0.270902,0.278733
6694,50,0.487611,0.366493
4403,850,0.225024,0.230849
8227,2200,0.195464,0.238566
8233,250,0.221634,0.227226
2862,50,0.480545,0.439659
5608,750,0.251896,0.23966
2198,1550,0.226019,0.264602
4302,100,0.317526,0.213714
6870,4600,0.180114,0.188934
1995,2650,0.22131,0.217388
8513,50,0.554241,0.410683
8551,200,0.413498,0.351504
7731,50,0.732273,0.700178
8105,850,0.298869,0.32512
2009,50,0.60368,0.452861
8245,50,0.51705,0.410635
5478,500,0.293267,0.243806
3887,500,0.282408,0.276192
9658,450,0.367525,0.279763
5821,50,0.532171,0.454422
6901,150,0.384983,0.264212
2713,50,0.384363,0.19623
8156,50,0.650246,0.600214
2178,850,0.301415,0.194211
9819,250,0.292788,0.271595
4261,750,0.208522,0.201596
1706,400,0.330835,0.230658
6505,200,0.360879,0.291647
8782,50,0.47965,0.464283
9337,50,0.749105,0.710588
4295,100,0.463966,0.371273
9891,100,0.360126,0.291229
7052,50,0.587708,0.459302
9053,250,0.206036,0.222956
3094,50,0.468126,0.342096
2590,300,0.241816,0.195316
2305,500,0.250901,0.251681
4804,50,0.700106,0.488118
8722,200,0.361391,0.328911
5520,250,0.321544,0.239467
4551,50,0.613432,0.48728
6229,50,0.411481,0.283442
3789,50,0.639422,0.555505
8684,1600,0.236792,0.239184
1457,1800,0.276842,0.219734
3838,350,0.204443,0.218097
9195,1500,0.186773,0.222463
132,100,0.341235,0.305207
1118,100,0.512582,0.488688
2235,50,0.363176,0.283546
4916,1300,0.20097,0.20426
5995,250,0.431242,0.321931
1590,900,0.278568,0.234507
1596,50,0.332081,0.230292
6548,50,0.642858,0.495044
3396,50,0.656638,0.544913
5791,50,0.455502,0.492121
5574,100,0.365128,0.313241
5137,3800,0.202897,0.231081
4967,900,0.207331,0.205633
1862,650,0.149201,0.210801
5487,2100,0.128557,0.183958
9163,150,0.375596,0.391505
1097,450,0.329813,0.243882
9567,3300,0.315716,0.258896
830,50,0.476634,0.445126
3986,50,0.676832,0.610059
9771,50,0.490376,0.388949
6350,650,0.263751,0.233592
8824,50,0.564946,0.626605
2286,100,0.393398,0.340144
3990,50,0.447565,0.436345
1407,100,0.357918,0.246333
2078,300,0.21396,0.21078
5237,150,0.357382,0.344917
9058,350,0.242464,0.288264
4200,1250,0.195328,0.190017
331,1350,0.239011,0.207174
6537,2200,0.301939,0.226659
9792,100,0.451583,0.356768
5557,50,0.701774,0.615864
5082,50,0.56409,0.37956
1200,100,0.389148,0.338542
7343,5000,0.263795,0.274974
5539,1350,0.20766,0.267364
2450,1250,0.255665,0.220814
1797,50,0.614178,0.480882
3535,50,0.419843,0.222869
1869,5000,0.253834,0.216025
3609,50,0.50535,0.328398
5218,3750,0.336455,0.214287
7155,100,0.36995,0.327973
3721,150,0.433541,0.383354
6192,850,0.247424,0.260272
6034,3600,0.197863,0.230209
3731,5000,0.167413,0.219421
1921,100,0.468661,0.384831
2624,50,0.590645,0.452957
3554,50,0.443395,0.291024
1108,50,0.489747,0.410655
3228,50,0.730403,0.443838
2994,50,0.400387,0.312726
987,5000,0.168215,0.195898
5988,50,0.768682,0.56574
726,50,0.65369,0.574635
6559,100,0.450123,0.289184
1721,50,0.508168,0.34065
343,300,0.438746,0.375672
9212,250,0.212118,0.236862
2088,350,0.293418,0.305349
3555,250,0.333461,0.236715
5354,50,0.408271,0.33111
7060,100,0.340056,0.334007
1410,2350,0.201385,0.27144
8926,50,0.390046,0.266607
8265,100,0.394112,0.295261
2838,200,0.274218,0.225194
1443,250,0.332241,0.255897
6674,1850,0.270074,0.233179
5776,200,0.359691,0.267446
5649,50,0.601808,0.512542
6671,50,0.49007,0.275683
6487,50,0.606727,0.472831
9102,350,0.241276,0.228834
7185,50,0.408944,0.345913
6462,50,0.517137,0.519483
5314,300,0.313405,0.311954
8862,50,0.650523,0.531677
2059,50,0.604665,0.531706
6093,100,0.332349,0.211162
6479,1000,0.223021,0.187341
3805,150,0.363002,0.346695
4712,350,0.332335,0.259213
1677,100,0.41718,0.282717
3235,50,0.43933,0.301978
1627,50,0.526991,0.458226
3227,50,0.530439,0.453686
3700,250,0.475379,0.395239
6262,50,0.490174,0.584733
6554,5000,0.24485,0.252341
9834,4250,0.299061,0.256948
7967,200,0.500443,0.399817
1643,400,0.276312,0.206755
3276,2850,0.262994,0.228831
7297,50,0.533746,0.506535
9944,1800,0.279299,0.246751
1811,300,0.199001,0.274815
6721,50,0.503291,0.381375
2597,2150,0.209068,0.258375
7806,100,0.481802,0.426568
4364,500,0.363202,0.282363
9900,300,0.302401,0.27332
8356,1100,0.337109,0.273227
7370,350,0.257565,0.216949
9155,50,0.695853,0.543234
6880,800,0.156949,0.230161
4226,700,0.265031,0.282962
7321,150,0.327713,0.283409
7386,400,0.283331,0.265447
2419,50,0.546356,0.315155
3811,550,0.23843,0.203195
3058,1350,0.180372,0.189723
9327,100,0.41848,0.285693
450,5000,0.218949,0.213129
7011,550,0.332878,0.235658
5100,150,0.24081,0.21591
4957,1200,0.202575,0.256221
2918,50,0.495208,0.404188
4002,50,0.453947,0.457155
3038,550,0.355521,0.316395
7778,150,0.216667,0.26037
8841,100,0.510127,0.391526
8028,50,0.443486,0.355373
4052,50,0.760496,0.724803
2285,1250,0.369347,0.267374
8209,100,0.366792,0.278279
2501,100,0.300994,0.253885
1396,150,0.351308,0.281818
979,950,0.26644,0.222951
8575,100,0.310455,0.267043
6393,50,0.503453,0.38861
5924,100,0.480767,0.432063
9955,250,0.325618,0.32684
168,2650,0.190353,0.230749
5488,1200,0.218,0.236856
9613,50,0.640738,0.375672
9305,250,0.318047,0.21085
2625,50,0.376424,0.29221
4236,3150,0.199655,0.185207
9183,100,0.544683,0.455577
9650,3600,0.150254,0.177418
4076,300,0.297262,0.26746
9242,300,0.456576,0.398636
8386,50,0.325412,0.253735
3999,50,0.563793,0.384139
9412,50,0.37038,0.306952
8460,50,0.349793,0.288303
6219,50,0.420889,0.311256
1350,1550,0.177095,0.220782
9381,50,0.567809,0.499784
3729,50,0.623926,0.503408
5230,50,0.719297,0.5335
8142,50,0.520617,0.308664
5536,2450,0.177379,0.206671
8757,50,0.412128,0.402611
360,300,0.301447,0.2262
753,50,0.356708,0.327709
709,400,0.241919,0.199479
4460,50,0.587443,0.403422
4198,1800,0.442309,0.347094
9347,250,0.338188,0.269329
8048,50,0.503564,0.44253
5243,350,0.28092,0.202049
5633,150,0.301357,0.284814
1791,900,0.202577,0.26788
5074,1150,0.305215,0.274651
8262,50,0.335837,0.30565
244,50,0.374724,0.309846
4101,50,0.479697,0.328231
5938,50,0.586266,0.418838
6207,450,0.184086,0.197799
7466,5000,0.187299,0.235741
3784,200,0.245273,0.156003
6105,50,0.570896,0.286816
2707,50,0.465412,0.477491
3558,100,0.530259,0.473242
1416,550,0.176949,0.181715
6796,300,0.378252,0.319799
2117,50,0.416996,0.416132
9590,1450,0.176941,0.181402
4984,600,0.294856,0.205211
1253,100,0.489794,0.313134
7564,50,0.589463,0.421439
577,50,0.674777,0.455229
9326,200,0.38862,0.337333
4855,100,0.488446,0.306681
9987,50,0.637749,0.556941
4499,450,0.286921,0.254784
2832,50,0.401599,0.394047
6514,50,0.615246,0.427189
380,50,0.77076,0.665994
561,50,0.475102,0.394975
7316,50,0.444575,0.35642
8787,100,0.373235,0.280498
6819,50,0.435238,0.396497
4344,50,0.390721,0.381861
6749,700,0.194181,0.195442
839,1900,0.289061,0.237091
4478,50,0.457778,0.310252
175,400,0.33232,0.257751
2362,50,0.730931,0.653414
1989,50,0.551852,0.475559
2134,250,0.276038,0.274071
6799,50,0.448499,0.369035
5935,50,0.328267,0.264308
8672,150,0.213462,0.232089
8795,50,0.675879,0.585056
7473,1500,0.187172,0.185619
815,2200,0.211495,0.22996
5999,150,0.392873,0.31597
4602,50,0.451453,0.327658
2814,100,0.37241,0.382725
2473,50,0.464074,0.398093
7464,1350,0.20375,0.241501
206,50,0.40788,0.318035
3713,2250,0.273226,0.200033
8616,900,0.224673,0.207011
4892,100,0.352821,0.291931
1367,100,0.492676,0.401567
8457,1200,0.211964,0.191395
4541,4800,0.190271,0.228915
4570,50,0.74229,0.607655
3753,1000,0.258164,0.225633
8962,100,0.524972,0.441785
7450,50,0.682272,0.560613
8004,100,0.323679,0.227703
6073,350,0.211524,0.251357
5219,200,0.482354,0.424113
1288,50,0.53525,0.407684
1343,100,0.334688,0.268227
9817,50,0.343831,0.358356
3717,50,0.317999,0.26158
6890,50,0.544175,0.296789
7200,50,0.628774,0.572825
5739,150,0.413524,0.370896
3620,50,0.584023,0.48202
7747,100,0.339588,0.267914
7703,200,0.413325,0.38912
9818,100,0.329259,0.339932
7340,4200,0.201164,0.252833
7270,750,0.268938,0.274581
948,100,0.528286,0.407037
1960,50,0.70146,0.578472
7864,3250,0.183615,0.197534
9777,50,0.542013,0.354915
6600,5000,0.309666,0.247439
7926,950,0.202819,0.198302
9835,50,0.310282,0.314228
7326,2600,0.331625,0.331539
4538,350,0.268547,0.250685
2703,600,0.204716,0.196901
1945,50,0.497194,0.401674
648,250,0.194713,0.214862
9330,1250,0.311392,0.273508
5339,500,0.274673,0.250669
7099,50,0.478374,0.462303
7375,100,0.371615,0.351752
1634,100,0.563367,0.434862
7828,50,0.451143,0.3452
2553,3050,0.239434,0.246294
2464,300,0.202852,0.197193
4414,5000,0.298204,0.236253
9086,50,0.694782,0.472941
4037,100,0.456115,0.424667
7575,5000,0.373526,0.264367
578,5000,0.186058,0.211026
1003,3550,0.176987,0.194839
9911,150,0.259377,0.195378
9037,1950,0.196918,0.239135
1508,2750,0.156177,0.199255
6139,50,0.660776,0.549047
4130,150,0.33264,0.333342
7673,50,0.615753,0.485784
4472,200,0.355176,0.303204
5134,50,0.367864,0.289956
1992,800,0.200349,0.221639
9009,250,0.248382,0.234723
270,350,0.225352,0.192788
7422,450,0.326242,0.269268
5667,3100,0.221081,0.227485
7404,50,0.417796,0.289537
8690,50,0.449046,0.38324
3422,350,0.432729,0.255534
9909,100,0.330985,0.279635
9313,300,0.389404,0.288293
5540,50,0.573508,0.472141
4396,50,0.375742,0.404965
9933,400,0.441347,0.38424
4909,150,0.369725,0.298117
5693,5000,0.259764,0.219693
8515,3150,0.266073,0.197024
2815,50,0.555284,0.436103
6384,50,0.500549,0.465145
8047,200,0.455085,0.397817
1935,450,0.241509,0.210813
2907,50,0.56965,0.421842
7692,50,0.698331,0.596377
5431,50,0.316334,0.316098
8543,50,0.617728,0.57777
4330,150,0.236005,0.148549
6259,500,0.44176,0.400684
9478,50,0.732687,0.621878
2975,50,0.56981,0.376683
4851,350,0.296579,0.289483
3819,50,0.43426,0.447958
476,250,0.226769,0.22165
8742,900,0.278304,0.206425
7678,50,0.403113,0.34864
1957,150,0.504541,0.316603
4561,650,0.236159,0.180672
4312,100,0.347652,0.26949
1985,100,0.477464,0.340701
6104,150,0.478769,0.380531
3249,50,0.692782,0.541547
2669,50,0.424168,0.3986
3097,50,0.716292,0.4964
7182,50,0.469561,0.355036
824,250,0.273216,0.253419
6975,100,0.423576,0.333487
9781,1850,0.266502,0.233373
7802,150,0.364169,0.283799
8631,1100,0.216915,0.221026
654,50,0.590601,0.59812
1612,50,0.540478,0.363409
3642,50,0.473176,0.301777
3612,100,0.484704,0.342353
3618,100,0.462677,0.336
3533,1050,0.200417,0.195184
2937,200,0.258178,0.22923
9612,200,0.305268,0.304212
4664,3550,0.209784,0.27543
5905,900,0.263195,0.256372
9483,100,0.33695,0.383839
2581,50,0.498811,0.482337
7434,50,0.587231,0.530628
8003,150,0.440614,0.34894
1997,250,0.227176,0.19455
1456,50,0.494069,0.378374
9232,100,0.36748,0.238979
7559,5000,0.212249,0.228686
1715,1250,0.223954,0.254068
4644,2500,0.200675,0.240329
8611,250,0.321182,0.316079
7834,50,0.476491,0.42758
3739,50,0.642875,0.475846
2802,50,0.566399,0.367605
8032,50,0.549082,0.393214
9914,500,0.175283,0.227765
6415,3100,0.282794,0.220258
2412,100,0.536085,0.383065
5542,2600,0.183889,0.205128
3192,550,0.336009,0.31214
9409,50,0.661871,0.533324
82,1900,0.162525,0.202683
7146,50,0.506884,0.392275
3248,50,0.456593,0.424057
1553,5000,0.257588,0.25296
9922,2300,0.182561,0.248678
4951,250,0.40887,0.352935
8535,250,0.291446,0.256828
1600,50,0.422629,0.315259
7515,300,0.353609,0.298695
2304,5000,0.178844,0.19948
6860,1000,0.262511,0.244733
5458,50,0.451037,0.330499
6597,1800,0.130718,0.172954
2969,900,0.227914,0.185873
3026,50,0.44325,0.280534
7123,2000,0.162363,0.195764
4969,50,0.758808,0.643491
4020,100,0.312591,0.284321
653,50,0.431175,0.343589
6636,250,0.466677,0.338275
2003,50,0.523066,0.513206
4221,3400,0.229302,0.202734
8874,400,0.244874,0.284976
3803,50,0.74044,0.693577
1968,200,0.335245,0.292927
7076,100,0.463793,0.23586
9318,450,0.313242,0.310106
8337,50,0.436081,0.411271
1007,1250,0.251959,0.234032
2883,2000,0.220279,0.229854
8153,200,0.21327,0.281712
7424,300,0.210189,0.197998
294,1100,0.364869,0.363571
6397,50,0.60838,0.517421
3183,100,0.395189,0.295486
8275,950,0.226898,0.252834
5636,50,0.554785,0.398678
5895,50,0.616893,0.46331
2150,1750,0.225331,0.209311
714,50,0.624746,0.472468
92,150,0.363067,0.24145
2577,50,0.772727,0.705221
4779,150,0.254579,0.24338
7862,1650,0.206578,0.220188
9615,100,0.371448,0.249808
9940,5000,0.171917,0.213904
5798,250,0.387237,0.343435
8952,800,0.167662,0.223838
108,50,0.652536,0.562244
6951,100,0.362351,0.254781
1284,1050,0.23772,0.212129
1971,50,0.663533,0.505237
4746,2950,0.221505,0.265238
6080,250,0.287839,0.17833
8429,5000,0.231599,0.255187
3583,50,0.394632,0.332461
7141,2350,0.390376,0.359513
965,150,0.251877,0.246831
6707,150,0.43668,0.318048
6841,50,0.554615,0.361351
6133,650,0.160005,0.244257
3542,2450,0.236509,0.213789
5039,50,0.379479,0.196886
5334,50,0.669383,0.619038
4272,550,0.387278,0.306689
8135,800,0.291359,0.246045
1186,3600,0.25642,0.261857
227,150,0.455396,0.329631
6321,150,0.47631,0.33021
7799,4700,0.184837,0.199283
9672,1650,0.253144,0.27765
9525,50,0.589374,0.547347
6595,50,0.562148,0.440382
7365,150,0.378475,0.284703
446,3150,0.287092,0.20621
8629,100,0.347601,0.278035
7869,1150,0.23529,0.263788
5148,50,0.757805,0.576649
1753,50,0.495901,0.425249
293,2550,0.305387,0.284897
2603,50,0.525389,0.430424
7859,600,0.391558,0.232803
2723,750,0.20644,0.246549
3617,1300,0.345135,0.300722
3043,350,0.300002,0.322874
1399,50,0.46453,0.443543
7688,3050,0.251687,0.217193
8660,50,0.595321,0.530676
1852,750,0.42655,0.31212
923,150,0.306484,0.319549
233,150,0.369703,0.224568
5991,600,0.290367,0.2098
6117,150,0.328508,0.286038
1550,100,0.42655,0.36931
9749,50,0.544084,0.448886
4649,50,0.57065,0.397484
1434,150,0.443975,0.320472
3278,1550,0.183248,0.225259
2371,50,0.600735,0.442306
1103,50,0.46135,0.369894
8213,50,0.345142,0.362037
3545,150,0.475571,0.424483
5327,50,0.402745,0.302914
2903,2000,0.358614,0.33865
4562,100,0.286735,0.227814
9008,1250,0.200694,0.190845
3869,1250,0.177595,0.178455
4529,50,0.543613,0.462506
3493,750,0.239798,0.26024
8161,50,0.409187,0.30152
5621,50,0.507693,0.388633
9228,100,0.418905,0.33227
6504,2850,0.185909,0.208657
8019,50,0.689874,0.598712
4699,50,0.401228,0.360401
8944,2550,0.305334,0.273555
9509,50,0.706506,0.5348
5385,400,0.444793,0.419659
6477,800,0.234971,0.201538
9858,100,0.519072,0.388064
2902,50,0.498947,0.389972
6667,450,0.349237,0.23522
7895,100,0.607802,0.503703
15,100,0.534662,0.280336
5479,50,0.646466,0.661953
9132,50,0.717355,0.589715
6134,150,0.437006,0.373319
1472,1150,0.174588,0.195742
3230,50,0.61767,0.493623
4958,100,0.316623,0.271496
7775,1700,0.206257,0.219887
2764,50,0.308749,0.347832
104,2350,0.170774,0.207434
4736,50,0.674478,0.438628
7201,950,0.542677,0.492174
7863,150,0.334853,0.325528
2963,200,0.327868,0.280578
4866,300,0.438157,0.364887
5535,50,0.574082,0.459895
8350,200,0.340952,0.299464
6740,850,0.324003,0.224737
3186,100,0.247916,0.218621
8419,50,0.683481,0.641011
1002,100,0.511996,0.34045
8682,450,0.19644,0.224502
5654,50,0.397251,0.404004
266,350,0.348774,0.261761
8755,50,0.678249,0.580754
6248,1300,0.199507,0.222432
6385,50,0.34205,0.265964
1868,50,0.686152,0.608438
1076,150,0.388283,0.194963
2403,50,0.56476,0.479829
6005,50,0.550259,0.365988
1891,550,0.238232,0.235279
5132,50,0.307654,0.248261
6691,1350,0.208158,0.294402
7741,250,0.5872,0.413847
4016,550,0.299738,0.336606
8168,100,0.435388,0.219869
8514,100,0.508254,0.451668
9369,50,0.54265,0.378376
6400,50,0.509552,0.506365
706,100,0.480853,0.399177
9605,2100,0.314516,0.207328
8620,5000,0.168259,0.226057
5953,5000,0.150412,0.177042
3688,50,0.585827,0.439073
7253,600,0.182244,0.220071
6376,50,0.443273,0.290399
451,5000,0.200459,0.254931
9535,50,0.633485,0.486395
996,450,0.300445,0.301033
9262,50,0.522778,0.358774
3179,150,0.500965,0.361738
1916,3300,0.26122,0.26967
9622,2000,0.152399,0.219569
5900,50,0.737612,0.54219
9092,50,0.516284,0.343799
9168,5000,0.188271,0.261772
735,100,0.418546,0.32426
2185,1350,0.196658,0.225323
394,50,0.766553,0.540557
4167,50,0.449353,0.417582
866,150,0.405671,0.286014
8678,50,0.45984,0.39578
9152,1950,0.325786,0.34636
5321,50,0.568188,0.46354
9698,300,0.268145,0.287569
2274,50,0.369076,0.299756
8269,700,0.360042,0.329739
8391,850,0.211563,0.224369
2687,300,0.287737,0.256298
8523,50,0.408328,0.294266
2950,4400,0.181412,0.188885
1924,50,0.62836,0.574079
2443,5000,0.308807,0.33019
2740,50,0.359962,0.294743
4931,750,0.213463,0.202556
8779,50,0.655616,0.612164
2126,1000,0.252522,0.290972
53,150,0.296681,0.239226
5489,600,0.339148,0.288173
8691,100,0.481555,0.385619
3880,5000,0.148338,0.210425
7991,300,0.259477,0.215983
7594,1950,0.215125,0.215699
4110,50,0.483346,0.40833
2540,650,0.18335,0.196468
4788,50,0.558653,0.408301
3205,50,0.448714,0.337703
3932,2400,0.519498,0.445086
2011,50,0.435686,0.44364
5342,350,0.249253,0.203233
9665,150,0.314881,0.272092
7272,100,0.300081,0.207376
927,500,0.248385,0.195099
9355,200,0.269467,0.245393
9768,3400,0.229212,0.250198
8812,950,0.181591,0.287706
4884,50,0.468794,0.323732
335,750,0.185786,0.191754
6635,600,0.334122,0.404786
4883,50,0.518481,0.419025
1394,5000,0.167565,0.207717
8545,50,0.385552,0.265842
127,1700,0.219976,0.225672
3831,50,0.627886,0.474928
4950,50,0.694283,0.545539
763,50,0.739361,0.667521
2457,2000,0.226646,0.238331
7307,100,0.413705,0.347905
2758,750,0.529627,0.408435
324,50,0.707075,0.563825
7680,200,0.385153,0.27868
275,100,0.436983,0.388866
7328,500,0.378375,0.249238
7044,50,0.310217,0.259558
7289,50,0.641797,0.554373
5305,200,0.398726,0.281215
6347,450,0.385222,0.308086
9447,1500,0.230009,0.221833
8426,700,0.243209,0.235554
4860,50,0.662838,0.359408
7659,50,0.525011,0.442505
1335,50,0.60771,0.519131
4069,2250,0.285489,0.306722
6039,100,0.342874,0.301107
1714,50,0.40365,0.284507
7965,1800,0.224384,0.284089
2642,50,0.495676,0.365723
1712,50,0.589896,0.421005
1004,50,0.450666,0.495456
9971,1050,0.181492,0.207085
8948,150,0.412713,0.371381
9647,150,0.465562,0.345292
1773,150,0.403577,0.284674
1568,50,0.700892,0.430455
2546,50,0.629703,0.456006
6123,400,0.316482,0.299479
8873,100,0.414193,0.372158
4273,300,0.231383,0.179986
6751,50,0.5336,0.343415
183,1050,0.21916,0.273336
8538,50,0.661989,0.584695
1883,250,0.389561,0.325645
6875,100,0.438984,0.326395
7046,50,0.471584,0.279229
549,250,0.348414,0.260907
1679,100,0.422074,0.268529
5357,100,0.483795,0.198945
1511,200,0.336929,0.261399
8223,50,0.632046,0.466613
7578,700,0.265833,0.220384
7435,750,0.284458,0.228541
9276,50,0.593131,0.554096
3984,250,0.239114,0.217922
2993,4400,0.189803,0.259909
3034,50,0.525243,0.471292
4473,150,0.313736,0.270513
5516,1600,0.259882,0.246872
5572,50,0.498005,0.493376
5530,450,0.272773,0.251768
7580,50,0.499014,0.37607
8963,50,0.483494,0.39364
2234,400,0.387428,0.324533
2560,50,0.526753,0.455148
6852,100,0.454209,0.378998
9973,150,0.283757,0.257766
6431,50,0.585075,0.399363
7700,50,0.432044,0.328039
3879,50,0.699244,0.559973
8469,100,0.450701,0.301776
6754,50,0.639622,0.381465
9583,150,0.243909,0.257697
9557,400,0.234641,0.191541
9013,100,0.387609,0.284743
6555,300,0.281396,0.291413
8256,5000,0.232913,0.25514
8122,3300,0.20153,0.217424
6092,100,0.337074,0.249011
7088,500,0.267345,0.21507
4864,1150,0.233101,0.232444
3743,50,0.601217,0.380514
8415,50,0.441096,0.332494
9364,50,0.477925,0.374172
8674,1450,0.193257,0.217687
6099,100,0.549453,0.401456
6790,1050,0.385907,0.335736
6506,50,0.592616,0.469183
5822,50,0.573484,0.53234
4565,150,0.391732,0.333106
8676,100,0.479264,0.386981
4185,5000,0.346161,0.196347
8253,100,0.303867,0.256028
1295,250,0.273223,0.302544
4929,50,0.543308,0.488526
3839,200,0.399337,0.334583
1189,1350,0.38958,0.369768
2387,500,0.315889,0.296206
6534,50,0.683452,0.526781
659,100,0.257214,0.25505
764,1900,0.281753,0.254735
5716,300,0.290165,0.21751
7231,100,0.327126,0.283848
7533,50,0.518256,0.332922
4943,1350,0.239874,0.239543
7257,100,0.257783,0.268339
1045,350,0.259333,0.255565
232,350,0.21342,0.252873
5944,50,0.752146,0.49742
4648,50,0.569256,0.50963
250,100,0.309684,0.255314
9068,300,0.360725,0.346043
1232,300,0.26359,0.314878
787,50,0.478916,0.373371
5965,50,0.497909,0.436875
357,100,0.372611,0.254001
8215,1800,0.24115,0.214248
4968,50,0.605123,0.523093
6768,1400,0.252313,0.260057
8,50,0.572083,0.47853
1422,100,0.50424,0.352168
8210,50,0.481066,0.41441
1581,50,0.394529,0.362602
8744,300,0.239951,0.26838
5547,50,0.395229,0.336283
545,50,0.286615,0.28458
1962,100,0.463978,0.32334
1927,2600,0.157104,0.175664
7883,550,0.222921,0.219409
1187,200,0.272898,0.252248
6267,850,0.373425,0.343281
4820,50,0.524365,0.389516
2675,100,0.342596,0.283392
6231,150,0.451152,0.371095
1237,50,0.44087,0.337258
8820,100,0.325284,0.259335
3945,500,0.218024,0.231299
6466,50,0.737334,0.545483
2930,1300,0.28544,0.256229
7358,50,0.494745,0.338134
4509,100,0.527784,0.374687
2986,50,0.511525,0.505471
886,4850,0.221433,0.182971
8288,100,0.404268,0.368335
7360,600,0.352236,0.24488
9020,3600,0.195281,0.282235
4394,100,0.401204,0.392449
2114,50,0.367504,0.305349
1421,2050,0.190709,0.208494
7558,450,0.247345,0.218589
7613,50,0.499797,0.295445
1283,50,0.600345,0.423696
9201,2050,0.195493,0.222276
9112,50,0.476273,0.347881
4976,400,0.260861,0.27093
3671,50,0.796692,0.68601
834,400,0.418235,0.275536
7789,250,0.314374,0.260092
5638,350,0.263213,0.201338
5582,100,0.362254,0.312927
2128,150,0.245866,0.239011
6909,50,0.588058,0.51348
4112,550,0.33829,0.339587
448,1450,0.228335,0.178458
8925,150,0.244892,0.27479
8321,50,0.508381,0.397694
9211,1200,0.192494,0.197438
1760,50,0.52899,0.491602
5830,1500,0.352773,0.344641
4500,100,0.306527,0.264535
860,5000,0.213219,0.221202
3159,50,0.770716,0.710463
8037,50,0.386385,0.374069
781,250,0.318602,0.261448
9151,700,0.205833,0.233484
268,50,0.412997,0.439525
823,200,0.433669,0.383292
3910,350,0.428614,0.432387
4121,50,0.439867,0.425634
2250,1000,0.231778,0.219381
2554,50,0.679504,0.627098
4256,150,0.221126,0.236851
6640,600,0.39193,0.269192
552,1000,0.24526,0.227621
3364,50,0.57834,0.524592
4449,50,0.55131,0.300416
6705,200,0.309034,0.237625
4398,1650,0.253373,0.223507
4600,100,0.359748,0.278513
8894,150,0.384295,0.326505
7190,150,0.329052,0.249195
4703,50,0.519728,0.505261
9484,350,0.262496,0.226536
7427,2150,0.263622,0.269949
911,50,0.619527,0.446725
7314,50,0.76324,0.631309
3352,450,0.24441,0.213127
106,100,0.373762,0.220295
5035,1650,0.266811,0.247076
2858,200,0.25825,0.261723
5618,50,0.421221,0.351076
4353,100,0.455572,0.334393
8131,50,0.411685,0.334247
3024,2300,0.338662,0.306429
4963,250,0.30588,0.204027
2167,900,0.224121,0.216226
9246,50,0.603816,0.48355
3534,1000,0.326593,0.245754
9274,50,0.426911,0.397431
3009,100,0.316827,0.287194
387,50,0.79283,0.67942
8608,2250,0.344987,0.246426
6325,250,0.363432,0.341606
8411,3450,0.330149,0.24886
4965,50,0.63432,0.490603
4983,50,0.626304,0.481463
5706,1900,0.208403,0.170103
1204,50,0.486048,0.435309
3048,50,0.599377,0.485091
6270,50,0.650137,0.444088
1110,100,0.533983,0.508938
45,50,0.449498,0.205931
957,50,0.621004,0.552543
752,100,0.454307,0.278467
8574,5000,0.176925,0.210926
3415,50,0.675491,0.528176
6189,50,0.447187,0.404155
7412,150,0.405761,0.346839
1920,100,0.475563,0.42479
4783,100,0.316798,0.266083
6233,1150,0.255241,0.281584
6490,50,0.599528,0.562962
2147,200,0.274104,0.232627
7423,250,0.360745,0.302884
8141,50,0.52056,0.438497
1107,50,0.636238,0.519082
7179,50,0.404319,0.344024
964,100,0.421023,0.27196
6230,200,0.364629,0.324043
8635,100,0.342313,0.285992
2734,50,0.336836,0.408637
5578,50,0.610934,0.491856
6999,50,0.574237,0.453235
3110,50,0.518046,0.484756
4925,50,0.420796,0.309875
7771,100,0.518906,0.308618
5184,50,0.656094,0.537191
2947,50,0.846902,0.806954
931,1050,0.138315,0.18421
1809,800,0.351119,0.238606
3580,5000,0.191688,0.193298
6502,50,0.785563,0.662827
7481,50,0.786336,0.656669
4531,50,0.545951,0.425623
970,1800,0.18771,0.23226
1812,2450,0.415471,0.377774
4902,50,0.504965,0.441272
4655,100,0.56129,0.401671
6786,100,0.38623,0.292384
8628,50,0.72277,0.473029
9892,50,0.504435,0.335007
5840,500,0.229406,0.189214
8144,1300,0.305056,0.29231
7701,50,0.334638,0.454041
8279,50,0.646728,0.610435
2270,1300,0.288856,0.241931
1294,50,0.500873,0.450052
8857,1100,0.512225,0.456083
9788,50,0.479327,0.388207
9219,100,0.496517,0.349541
8731,50,0.673833,0.618247
9239,650,0.300179,0.267235
9180,50,0.681629,0.514696
7142,50,0.569433,0.494011
7369,350,0.188153,0.200995
8964,2500,0.179973,0.215498
8907,3800,0.244221,0.259456
3105,5000,0.203787,0.231976
7320,500,0.305713,0.297968
4248,450,0.440874,0.319784
575,2850,0.193764,0.21708
8542,50,0.593304,0.421837
4140,1000,0.205123,0.194085
153,50,0.51879,0.491358
4063,300,0.201576,0.183204
2243,250,0.40323,0.318538
9380,50,0.435714,0.327403
8847,200,0.317394,0.351915
5356,50,0.476634,0.46451
5000,900,0.251934,0.248856
8530,50,0.782779,0.617005
5838,1300,0.272909,0.244848
7661,50,0.639012,0.585677
5679,2400,0.288022,0.2907
9890,300,0.325427,0.321053
1460,900,0.188883,0.253611
2431,1050,0.514199,0.417837
2132,4600,0.213301,0.195674
6633,50,0.452464,0.397199
1095,50,0.445085,0.319098
216,50,0.383029,0.3457
8056,500,0.25389,0.246473
117,350,0.324125,0.245017
6561,3150,0.200171,0.299297
4899,100,0.329102,0.25866
9729,50,0.587945,0.418034
8231,50,0.538705,0.448446
6419,50,0.535507,0.411849
5579,100,0.438482,0.432316
7835,5000,0.269023,0.206154
78,200,0.251318,0.254425
3532,400,0.332852,0.232454
7467,100,0.465116,0.436271
1858,50,0.702518,0.571302
4617,1850,0.235167,0.239458
5158,3350,0.302593,0.259823
9519,50,0.623507,0.439651
9147,150,0.303388,0.249437
9976,50,0.593562,0.504548
2886,50,0.545267,0.430937
4084,150,0.330137,0.199033
4901,4050,0.459646,0.386909
4029,2800,0.249228,0.232321
6939,50,0.503239,0.328503
6714,200,0.399381,0.246159
8704,350,0.304484,0.298147
213,50,0.417029,0.265988
6007,1050,0.222563,0.243626
9855,900,0.545341,0.399827
4869,600,0.193941,0.208098
6152,50,0.55754,0.485616
9328,550,0.213484,0.21751
4912,350,0.322058,0.24313
4309,900,0.203124,0.22322
6836,450,0.308048,0.232088
9862,50,0.503247,0.275659
9129,5000,0.212617,0.179713
4100,2100,0.282438,0.211001
3202,2700,0.523438,0.357517
6950,3550,0.260646,0.271687
6288,100,0.307186,0.352069
7556,5000,0.182119,0.192392
7116,250,0.300339,0.243095
9736,50,0.406378,0.378982
4811,150,0.491751,0.401387
3409,50,0.581835,0.391978
7488,50,0.482144,0.326478
6607,5000,0.23183,0.312293
1719,100,0.462716,0.419045
1381,300,0.242483,0.27556
920,950,0.205151,0.275809
2828,50,0.655232,0.524409
7614,150,0.319645,0.302736
4085,50,0.749429,0.625579
6067,300,0.258707,0.252428
611,100,0.284073,0.244379
9574,50,0.811607,0.726472
8119,4400,0.303173,0.32561
6403,50,0.506232,0.42943
7496,200,0.328119,0.271684
9838,50,0.599385,0.492202
3665,3950,0.145851,0.177578
7368,100,0.470906,0.423116
5731,2600,0.180401,0.183862
4745,50,0.625983,0.46488
783,700,0.340994,0.312599
5326,200,0.238845,0.204051
9568,50,0.610589,0.516026
4117,50,0.775289,0.64036
4087,300,0.353956,0.28551
7037,50,0.525573,0.393396
3973,200,0.33198,0.28297
7073,100,0.451207,0.337109
3627,950,0.283297,0.36594
6050,1800,0.312214,0.287022
2727,100,0.282919,0.209207
1598,1650,0.237709,0.180024
6119,400,0.258212,0.267407
6825,1350,0.178685,0.218109
2454,50,0.490331,0.41337
2012,100,0.606688,0.551233
9224,50,0.547759,0.385741
6954,750,0.254867,0.258659
7604,50,0.633059,0.513757
1383,50,0.31245,0.332179
2001,250,0.277958,0.227784
5190,200,0.310212,0.19532
9343,150,0.309243,0.210108
3229,550,0.406011,0.226888
4850,50,0.623906,0.492501
5947,650,0.31795,0.296457
436,150,0.307589,0.295607
8559,50,0.748732,0.502685
1280,300,0.278102,0.25714
6539,300,0.317058,0.333782
5463,50,0.665583,0.52615
8896,1300,0.259192,0.208306
678,50,0.514247,0.506984
5597,200,0.539534,0.371535
5113,50,0.446338,0.381214
7096,2650,0.188078,0.210992
466,800,0.165944,0.213945
1106,600,0.325928,0.254738
7794,100,0.3778,0.326938
1282,200,0.264246,0.158229
8104,150,0.289027,0.239345
7248,100,0.352973,0.334439
9182,50,0.544221,0.504231
8624,50,0.511367,0.40931
7669,50,0.531085,0.428706
253,2050,0.152596,0.198019
9040,50,0.504155,0.364825
6118,150,0.378998,0.276039
9798,3100,0.305659,0.252823
5620,450,0.31791,0.207921
7774,50,0.540478,0.485227
3553,300,0.223753,0.212682
5247,100,0.391486,0.350801
7090,150,0.393836,0.362106
2958,400,0.258587,0.273982
8590,150,0.37614,0.295203
8728,50,0.678983,0.506457
837,100,0.575182,0.439149
4292,50,0.477073,0.312433
593,50,0.42679,0.346681
3550,2600,0.200185,0.232803
5194,50,0.594958,0.354553
501,100,0.575426,0.444657
6249,50,0.408174,0.363742
7753,350,0.339104,0.308884
3005,550,0.288185,0.267174
1928,50,0.62298,0.529213
5090,50,0.640454,0.541779
670,1300,0.186106,0.232467
4853,50,0.623124,0.56333
4099,50,0.757087,0.628854
3075,100,0.421459,0.267353
4807,1450,0.300009,0.198617
9413,50,0.662437,0.534573
5948,50,0.631654,0.490675
6299,100,0.535327,0.386357
8196,50,0.537971,0.330713
5185,250,0.234824,0.233307
3252,50,0.691856,0.55733
1122,100,0.363893,0.261865
4424,100,0.368447,0.252278
9089,250,0.217325,0.217164
1520,50,0.501449,0.408577
8786,400,0.655283,0.375957
5355,50,0.434778,0.323663
5309,50,0.675058,0.634362
8930,50,0.541658,0.47969
9481,400,0.291974,0.239086
9800,50,0.393692,0.306179
7925,150,0.440391,0.288429
6433,50,0.438299,0.408151
1633,3800,0.262053,0.304235
1300,900,0.233392,0.263473
9931,50,0.587362,0.531607
5754,400,0.259619,0.287502
2418,50,0.733623,0.585222
7787,2550,0.175795,0.235861
7312,1350,0.205429,0.277614
604,50,0.427048,0.334903
2344,5000,0.187576,0.223286
5934,2550,0.253788,0.199231
8830,50,0.614154,0.509212
3548,200,0.360607,0.342012
9066,50,0.603267,0.436493
5434,350,0.36161,0.266753
7783,350,0.335058,0.302546
5328,100,0.505431,0.364529
1875,100,0.540652,0.481381
3530,150,0.474902,0.341647
1333,300,0.233731,0.25489
289,50,0.69685,0.595839
5777,50,0.713333,0.525505
2770,50,0.604039,0.453362
8661,100,0.299159,0.297627
403,100,0.314693,0.312325
6210,100,0.298968,0.224907
5860,550,0.334984,0.223132
5958,450,0.304161,0.256686
4067,100,0.42864,0.383078
2328,4750,0.200051,0.201054
2593,250,0.234262,0.237302
103,100,0.339244,0.252847
4650,250,0.350374,0.316944
9986,100,0.393259,0.341812
9311,50,0.575733,0.515861
715,400,0.343452,0.297845
1398,500,0.288997,0.177016
6116,650,0.309714,0.289134
9745,1150,0.192451,0.207777
9960,50,0.54271,0.429569
1726,2000,0.14665,0.182641
7416,200,0.342262,0.354842
1605,300,0.253278,0.236259
3217,50,0.553,0.377414
1604,100,0.309475,0.355968
3307,50,0.478537,0.436867
8564,50,0.370891,0.317617
6618,50,0.591781,0.481739
7056,100,0.470093,0.381233
7970,150,0.360716,0.296949
3835,250,0.274232,0.281922
9935,50,0.653051,0.51861
5180,50,0.576372,0.426905
4812,300,0.297447,0.260379
8936,50,0.438204,0.319306
6748,50,0.378347,0.29333
7282,50,0.695268,0.588851
7083,50,0.619215,0.517462
599,50,0.533622,0.445349
8018,100,0.24453,0.262493
6611,50,0.477632,0.341993
7028,50,0.350372,0.321548
7717,1450,0.186324,0.174599
8325,50,0.446544,0.401905
3837,50,0.457792,0.304447
8102,200,0.300799,0.246422
5415,50,0.419289,0.382134
6031,1450,0.332902,0.321817
906,100,0.407922,0.245554
4710,1000,0.422276,0.272543
8308,200,0.495447,0.430417
5131,4400,0.207991,0.219789
2510,50,0.53937,0.458617
6486,450,0.349209,0.320133
7931,150,0.510993,0.32848
6429,150,0.312439,0.240581
1060,300,0.28679,0.269708
6834,5000,0.193654,0.243558
1603,50,0.670609,0.490194
2568,5000,0.211173,0.242294
5374,700,0.311669,0.250988
1391,50,0.641534,0.554182
7306,400,0.248486,0.231239
4147,150,0.234874,0.200337
3076,750,0.283162,0.206407
8255,500,0.276126,0.236355
2563,300,0.384392,0.306164
4454,5000,0.185968,0.236136
5395,150,0.355587,0.332733
9603,2650,0.266622,0.318232
3149,50,0.393189,0.38384
7413,50,0.541161,0.37254
1112,50,0.697688,0.553451
1286,50,0.434624,0.288971
54,100,0.349596,0.31918
3970,850,0.34799,0.318391
1426,100,0.394477,0.367121
2917,150,0.381987,0.291016
4573,150,0.49298,0.360911
319,1150,0.168831,0.199671
589,50,0.636838,0.523432
3283,50,0.631491,0.622226
6235,200,0.314251,0.276407
6180,5000,0.194478,0.240717
5,200,0.282876,0.264724
1820,2350,0.192716,0.223273
6335,550,0.369811,0.285941
7759,50,0.560878,0.441478
5462,50,0.499188,0.426048
4408,50,0.60071,0.292094
2016,50,0.449966,0.425355
775,2550,0.311765,0.29519
3621,250,0.279503,0.275495
8637,50,0.584494,0.448
2898,550,0.336997,0.183802
1322,50,0.495564,0.343098
3180,100,0.353016,0.236365
5928,50,0.639619,0.418617
2420,2000,0.25759,0.284285
5890,50,0.565694,0.475989
5937,100,0.678271,0.557902
5844,650,0.277784,0.220005
399,50,0.823475,0.696986
2843,100,0.477701,0.286028
5026,50,0.270559,0.271025
316,50,0.337364,0.252827
9702,100,0.409192,0.339697
5886,250,0.431218,0.311157
801,50,0.763643,0.655492
9046,50,0.560864,0.417006
4913,50,0.489243,0.450445
5114,50,0.309912,0.284346
6282,50,0.387848,0.342401
530,50,0.45484,0.390206
6994,150,0.435824,0.280433
8290,50,0.420782,0.369819
5661,500,0.297999,0.275244
2341,300,0.191329,0.213631
7049,250,0.269657,0.229794
8705,50,0.479849,0.354395
720,50,0.58821,0.483364
5906,50,0.617132,0.490654
7199,150,0.419075,0.365604
1672,650,0.246895,0.175742
7378,4350,0.20063,0.21409
1837,50,0.617356,0.514869
370,50,0.567191,0.455415
4092,100,0.35548,0.380404
1057,400,0.261058,0.20753
16,50,0.860599,0.765964
7714,3350,0.152526,0.212134
566,200,0.30662,0.245592
9757,350,0.379642,0.35669
7029,50,0.536681,0.447105
7333,50,0.381088,0.267561
5484,2200,0.175958,0.185515
6222,700,0.484191,0.310103
666,50,0.593215,0.514469
5718,50,0.562756,0.395088
3515,50,0.67042,0.532662
5362,50,0.692138,0.608558
9871,50,0.512618,0.430181
7080,200,0.270232,0.198333
6670,50,0.66951,0.519952
3468,800,0.301547,0.24781
8615,550,0.223185,0.244233
3659,200,0.304708,0.233178
20,2300,0.299426,0.295535
6302,50,0.448955,0.333819
7681,100,0.423054,0.285879
7943,100,0.367564,0.354056
428,450,0.395187,0.353182
3429,50,0.756603,0.668242
3046,1700,0.220757,0.233563
8182,50,0.343422,0.222617
4125,200,0.227632,0.235627
6026,50,0.518954,0.383603
623,50,0.782262,0.614442
2195,50,0.411518,0.320836
8913,5000,0.268845,0.254895
3131,2000,0.219388,0.236608
3607,50,0.246312,0.27644
3589,100,0.642352,0.436483
8148,1800,0.189552,0.211093
3465,1550,0.244979,0.228188
201,400,0.253241,0.285625
2068,450,0.235832,0.255195
3697,3450,0.198,0.191153
5178,50,0.437701,0.340511
5881,50,0.577008,0.426947
2480,1100,0.274682,0.283017
9320,100,0.506588,0.461853
4155,50,0.475058,0.293455
5875,50,0.696693,0.615574
7744,1200,0.283773,0.289288
7904,50,0.502813,0.385179
2940,100,0.241548,0.303439
5834,50,0.523411,0.43166
6377,50,0.355186,0.300985
9034,100,0.407971,0.291782
8099,50,0.509627,0.462213
2194,50,0.491302,0.448399
4653,50,0.577846,0.500008
3974,100,0.389296,0.337762
8648,50,0.62371,0.500433
440,50,0.737334,0.606534
8097,200,0.286167,0.302867
1611,50,0.548636,0.431282
3496,650,0.262427,0.201071
1639,1350,0.242522,0.234662
7,350,0.198836,0.210293
8920,250,0.214131,0.188667
7366,900,0.329058,0.310143
4854,350,0.370659,0.298092
3049,150,0.546983,0.402716
5209,50,0.489821,0.499059
9802,2750,0.245303,0.274092
5156,150,0.519766,0.378292
519,50,0.513377,0.280584
1488,400,0.261292,0.256315
9105,150,0.214992,0.225842
6857,50,0.55625,0.413006
7350,50,0.392437,0.362815
2769,100,0.278821,0.280699
5396,50,0.535416,0.455634
5276,50,0.622727,0.493825
6209,350,0.197485,0.224759
416,50,0.524069,0.396946
3277,50,0.785812,0.742428
6124,600,0.25269,0.249195
6291,3250,0.142962,0.151931
5691,50,0.525803,0.350985
3975,50,0.456715,0.326759
5861,4500,0.18476,0.204045
798,50,0.563549,0.379158
6053,100,0.497743,0.369987
1071,100,0.312764,0.365968
3258,100,0.330989,0.277781
9024,50,0.620531,0.490248
8927,50,0.437314,0.265617
2760,50,0.586981,0.441524
2049,750,0.281828,0.253557
3543,50,0.359821,0.347374
8260,100,0.385793,0.358584
8357,50,0.554408,0.393905
898,50,0.705592,0.565518
8706,100,0.421605,0.321777
5684,250,0.336489,0.244504
8117,550,0.363747,0.3457
7016,3500,0.314866,0.235178
9254,50,0.480632,0.426602
8730,100,0.32812,0.27544
7047,150,0.276305,0.223919
4980,550,0.335531,0.283192
8157,100,0.394639,0.343615
8993,1650,0.214626,0.19286
472,3650,0.232503,0.223251
1465,250,0.263926,0.249412
838,50,0.591907,0.563255
4018,250,0.343863,0.261613
3645,750,0.212313,0.209776
9604,50,0.631818,0.503287
7896,50,0.508405,0.384349
9714,50,0.667483,0.608451
7526,50,0.500571,0.336449
700,1000,0.320136,0.217658
9694,50,0.658065,0.555074
6414,1950,0.181081,0.22224
5827,50,0.544035,0.446033
6339,500,0.206236,0.225738
8715,5000,0.240663,0.243506
1065,50,0.486915,0.369296
475,450,0.264604,0.293986
9,1250,0.279231,0.252433
4566,650,0.385136,0.319296
582,50,0.629202,0.462832
3600,600,0.304006,0.22712
5969,50,0.723026,0.680054
85,50,0.555667,0.447156
585,50,0.328891,0.222818
1846,650,0.237089,0.242613
6827,100,0.48494,0.360211
4455,2850,0.161599,0.193852
2008,50,0.681303,0.446942
9725,2050,0.196978,0.201655
6616,1300,0.187397,0.214532
6546,50,0.603568,0.475291
5350,50,0.735585,0.555669
9833,50,0.539472,0.484654
9490,50,0.442305,0.443306
325,5000,0.195686,0.19065
2621,100,0.439938,0.297693
8725,150,0.267393,0.324825
8011,50,0.60333,0.363105
3573,50,0.55609,0.543801
9099,100,0.331836,0.266842
4081,50,0.723244,0.485963
1296,200,0.379497,0.377922
8977,450,0.355406,0.298364
6549,1050,0.299774,0.244522
8501,300,0.223686,0.223073
38,50,0.439424,0.318925
4598,50,0.557193,0.425164
2249,5000,0.188411,0.247372
312,1450,0.282426,0.230712
5085,50,0.594703,0.482139
107,50,0.42257,0.347872
22,1700,0.204735,0.219455
1349,50,0.491144,0.384147
2461,50,0.505568,0.474575
6617,100,0.380398,0.251675
2736,50,0.742023,0.665719
724,500,0.274588,0.258084
200,450,0.211561,0.200912
151,250,0.429226,0.311344
7993,50,0.709559,0.61703
3920,900,0.361482,0.24627
9558,50,0.498429,0.392818
9632,250,0.348888,0.300466
9184,50,0.448436,0.371863
2730,50,0.611371,0.383682
1700,1250,0.307653,0.279226
2520,50,0.578681,0.590755
8442,100,0.416807,0.233941
5625,50,0.800343,0.664443
5371,100,0.468554,0.387608
8800,250,0.322793,0.310472
8477,50,0.3651,0.258199
5125,2100,0.184868,0.230674
8298,200,0.301295,0.264563
5205,50,0.421114,0.295054
198,1400,0.160955,0.158871
6865,1000,0.183106,0.208467
9032,300,0.539128,0.413109
5403,50,0.730905,0.660429
4372,750,0.15466,0.226095
4183,50,0.476471,0.413698
2014,50,0.762243,0.668705
4143,450,0.22978,0.207762
9680,50,0.48623,0.450861
1709,50,0.58271,0.460483
7739,50,0.647755,0.541902
9773,100,0.429328,0.338073
3309,200,0.353554,0.299454
7122,50,0.646717,0.408284
7045,600,0.378842,0.27692
602,50,0.418719,0.329178
6949,200,0.30565,0.200171
8212,100,0.473199,0.300525
5748,150,0.328803,0.300894
8621,50,0.766526,0.596671
1150,50,0.693755,0.586113
5576,50,0.779938,0.660283
3443,100,0.40591,0.255525
9329,300,0.215459,0.219005
5668,50,0.628468,0.459632
3502,2300,0.372632,0.322087
5523,50,0.630459,0.57788
680,1200,0.25686,0.302048
1077,50,0.457816,0.375945
2706,100,0.479006,0.319895
8320,750,0.351199,0.30075
1980,250,0.346794,0.250243
4269,50,0.518558,0.406151
6868,550,0.308439,0.284075
4920,100,0.415127,0.382825
3686,50,0.569789,0.522297
9087,50,0.668174,0.492487
377,300,0.341359,0.401192
6287,150,0.357275,0.183321
5950,50,0.563846,0.437502
479,2350,0.169939,0.179517
8956,100,0.330367,0.287313
9346,700,0.25883,0.267929
5968,850,0.210315,0.18441
4384,50,0.415679,0.386356
8587,50,0.332191,0.279603
929,2750,0.232742,0.218793
6495,100,0.304728,0.307836
7664,1000,0.279849,0.234954
6364,1800,0.276622,0.270333
9925,50,0.526292,0.478152
2677,50,0.709982,0.523929
733,300,0.270749,0.295181
3506,3150,0.205102,0.206706
5639,1000,0.245177,0.230675
6338,3150,0.319541,0.362812
7432,100,0.419351,0.380989
7419,1250,0.412981,0.322149
3302,50,0.67694,0.511215
3462,600,0.233097,0.288073
4987,100,0.400117,0.259989
6840,50,0.324407,0.3159
6044,200,0.392639,0.284318
5028,1850,0.240837,0.286461
9085,100,0.409335,0.34053
6737,50,0.546292,0.511848
5876,100,0.470005,0.413427
2140,700,0.222693,0.210409
418,50,0.619172,0.475533
1037,50,0.612348,0.424504
5518,700,0.354887,0.319317
3679,50,0.290083,0.245156
9561,100,0.413691,0.362732
3315,50,0.580789,0.442122
8573,3600,0.177132,0.199826
9655,1650,0.26276,0.254252
3098,2100,0.185208,0.194388
7230,50,0.529311,0.419619
3032,4350,0.165817,0.175338
2070,550,0.20678,0.287983
4919,50,0.399412,0.380226
8613,50,0.422057,0.26846
4385,50,0.512181,0.430551
4327,1400,0.257718,0.23216
5245,50,0.452666,0.368859
1906,3500,0.187269,0.2075
641,100,0.49495,0.351409
5622,50,0.502185,0.460129
5926,50,0.578612,0.424658
7065,350,0.311766,0.238337
5929,250,0.195397,0.193521
286,700,0.234381,0.264446
895,100,0.368003,0.29835
1565,2400,0.175472,0.227988
6980,200,0.281751,0.233178
1402,50,0.389,0.374265
