query_id,M_Graph,M_RC,m_Spear,m_Sphere,true_ef
763,3.1953,0.278682,3.3187,7.97643,10
5180,2.98973,0.738685,10.7207,20.6306,20
4562,3.34022,0.94712,17.3132,14.0749,75
4598,3.29025,0.474741,10.1894,12.6928,30
4302,2.87249,0.648401,15.4385,14.0121,30
623,3.4558,0.404494,6.55252,17.7736,20
9483,2.76828,0.782548,9.28101,12.6403,75
4655,3.11502,0.708739,11.6616,18.6886,100
2581,2.78207,0.831517,10.4967,10.9587,20
2195,2.76251,0.68202,14.9614,12.385,30
9629,2.80235,0.824941,15.3661,12.0912,50
7434,2.87144,0.549127,8.37675,8.04785,10
2675,2.87195,0.908874,22.9801,20.6097,30
4812,2.84542,0.702285,10.8867,14.4386,20
9523,3.00249,0.560401,13.2444,7.71658,30
1552,2.70319,0.605746,11.5561,18.868,150
8003,2.80486,0.828217,16.0311,12.2334,150
6231,3.33791,0.709392,14.1268,24.8327,150
4712,3.12371,0.783369,16.8593,23.3264,750
6786,2.73566,0.672516,12.6213,20.2566,40
8936,3.1041,0.773791,18.0346,26.1525,20
497,2.76712,0.802451,15.865,18.9487,40
8628,3.36378,0.629969,10.8635,18.7007,10
1237,2.85221,0.551247,10.8975,16.301,10
1677,3.18924,0.841458,16.2428,18.8078,100
8820,3.16647,0.675513,12.2385,9.94355,75
9892,2.80645,0.63387,10.9016,18.9455,10
6979,2.99587,1.01942,24.907,26.7793,200
6748,2.91916,0.733565,10.577,15.0951,20
1997,2.94459,0.850124,22.9357,16.9086,300
7282,2.73849,0.383746,6.70759,5.43708,10
3235,2.89118,0.545157,15.1392,13.462,10
1456,3.10089,0.591902,14.6037,11.5078,40
9468,3.43052,0.610345,8.31596,11.9639,10
7083,2.95609,0.664516,7.70852,13.1553,20
1627,3.19488,0.680328,12.7089,13.7729,10
599,2.70179,0.443168,8.80568,7.50035,10
9232,3.24117,0.584463,17.3186,14.6822,75
3227,2.98435,0.534475,7.07794,22.0845,20
6954,3.30257,0.997312,18.2553,26.4193,1000
8018,3.45773,0.942104,15.7748,19.6304,75
6611,2.97878,0.817889,18.5548,9.95731,20
7028,3.25898,0.934044,20.3119,13.4694,50
5840,2.90664,0.920697,23.3834,15.7823,500
3945,2.98467,0.908781,20.1504,25.2041,500
3700,3.3386,0.791435,10.8665,14.7178,300
6262,2.88075,0.522159,5.94969,7.10558,10
6466,2.92827,0.151256,6.09297,5.82869,10
7604,2.86049,0.426523,8.92933,9.14668,20
2544,3.01452,0.830286,13.7653,13.7232,150
1383,3.27645,0.693472,12.4912,19.619,40
5333,2.85948,0.897756,19.2688,11.8298,75
9008,2.80273,1.0789,31.1325,23.6986,1500
9877,2.77405,0.711863,12.5022,18.8318,20
2001,3.13294,0.871309,19.0887,15.759,150
687,2.87726,0.348063,9.37923,12.396,75
5190,2.9451,0.748596,20.8857,20.3979,200
1730,2.84518,1.11221,16.3996,18.8357,5000
2457,3.01192,1.12092,21.8406,19.2263,2000
9343,2.79141,0.919776,24.5442,32.5858,150
8123,2.76697,1.11343,23.4929,18.8794,1500
7473,3.03751,1.15616,32.4904,18.8778,1500
3442,2.82634,0.612369,19.3776,13.4286,50
7307,3.42663,0.582867,14.5632,20.3366,100
7717,2.81672,1.10037,23.0851,23.2549,1500
8144,2.90305,0.890379,18.308,18.3523,1500
2930,3.04477,1.05508,26.1247,14.8739,1500
8325,3.09852,0.802875,11.5163,9.74706,30
7559,2.85784,1.12607,27.8083,17.5127,5000
7358,3.39914,0.794151,17.9911,12.9601,40
3837,2.88605,0.64368,13.8933,15.4497,40
3229,2.94278,1.12115,27.3842,22.012,750
4850,2.85198,0.466986,8.1717,7.45174,10
7701,3.0375,0.549235,8.64167,6.87528,20
8279,2.83248,0.448792,10.0389,7.04218,10
4509,3.09186,0.753748,10.8547,16.4236,75
2986,3.06488,0.559133,7.71825,7.94049,10
2758,2.94491,0.784803,23.301,10.665,750
7421,3.18456,1.029,19.7605,16.596,3000
8102,2.8097,0.864281,15.2042,17.3068,200
324,2.81247,0.813509,13.0608,26.4727,40
2249,2.95206,1.07352,20.6844,24.1651,5000
5415,2.80546,0.981208,16.2845,16.9517,10
7680,3.31159,0.783156,15.3874,10.7332,300
5947,2.83952,0.938439,18.6973,19.744,750
275,3.03864,0.878515,15.7179,16.0077,100
436,2.83496,0.822639,13.806,13.7838,150
6870,2.91449,1.08854,19.1811,24.6796,5000
8559,3.09085,0.306553,9.79654,24.8652,10
7328,3.33567,0.717244,23.9697,14.6034,500
3869,2.84646,1.1375,24.0056,21.7729,1500
1280,3.11568,0.819726,23.1854,17.5771,300
7044,3.27374,0.852847,22.3595,13.892,40
7289,3.29559,0.327686,7.96162,18.4998,20
4529,3.09194,0.495121,8.53017,10.708,10
3464,3.06034,0.959207,18.903,16.2592,2000
6031,3.23444,0.808906,13.0679,23.3426,500
6539,2.85363,0.660581,10.2429,14.7232,300
5305,3.05616,0.869613,17.6959,14.6388,100
5463,2.87794,0.355589,6.82001,5.87093,10
2270,3.069,1.03445,19.046,17.0513,1500
906,2.82491,0.664186,19.3177,10.2544,75
8752,3.05796,1.0263,18.3984,18.7248,2000
1294,2.75035,0.401783,9.26316,9.18742,30
6554,2.97038,1.09292,25.4772,20.5801,5000
2373,3.25981,0.786097,19.1836,21.614,40
1715,2.98296,0.861694,18.2978,21.2212,2000
1315,3.24895,0.745101,9.7997,25.8523,10
6347,3.56815,0.738735,13.6932,12.4488,500
1311,2.75879,0.374607,8.1231,6.85464,10
312,3.27167,0.875721,16.6589,23.0308,1500
3493,2.81634,0.703187,14.3206,24.0621,750
5085,2.96351,0.477598,9.49634,9.66592,10
8161,3.09129,0.596066,15.1088,11.0519,50
662,3.35315,0.853046,19.2644,23.5017,1000
107,3.14683,0.615559,11.1417,15.5797,10
4710,3.3182,1.05318,22.6788,16.9778,20
5621,2.79615,0.747278,14.0438,13.0025,20
9228,3.09431,0.712333,16.5306,10.5796,20
8913,2.76421,0.759413,10.7448,20.5869,5000
8857,3.24196,0.761355,10.6935,18.0256,500
7068,3.2672,0.858562,19.5687,17.3138,5000
8308,3.13707,0.286484,7.30933,18.5583,200
9788,2.77672,0.743464,13.1931,19.5432,50
8896,2.985,1.00674,26.1782,27.7531,1500
678,2.94213,0.685443,9.09893,18.3826,10
9219,2.81429,0.772271,18.0961,11.3163,10
8731,3.41944,0.271763,3.64218,9.94257,10
886,2.93974,1.14649,28.8196,21.131,5000
5597,3.45179,0.908001,16.7493,18.2475,50
8288,3.24475,0.771444,15.7294,18.5893,75
5113,3.16139,0.603535,12.2801,8.47317,50
8438,3.0976,0.892977,13.9738,18.2555,5000
9447,3.32843,1.03957,18.3615,24.4406,1500
6236,2.76005,1.14285,32.0054,22.0294,1500
9239,2.88758,0.92723,15.3907,17.5936,750
9180,2.61808,0.36349,9.34538,7.77389,10
7142,2.76157,0.485219,7.7051,6.02644,20
7360,2.77277,0.909883,20.4935,20.2632,750
2754,2.98428,0.989912,20.5777,18.19,1000
8126,3.15129,0.558223,6.63506,16.3205,10
9488,2.82935,0.880026,18.0342,16.4824,500
2113,2.71588,0.727841,12.0357,19.7571,40
8440,3.33163,0.620001,17.2484,11.1209,50
22,2.68051,1.05175,20.9728,14.9551,2000
1349,2.98121,0.601106,9.52518,11.4409,10
457,2.72495,1.12391,33.2217,17.7706,100
7369,2.96203,0.934895,18.3546,15.739,750
2411,2.93562,0.724973,9.24749,18.8157,20
3127,3.16367,0.376753,16.5161,15.388,30
8426,2.7769,0.956341,16.4437,19.2159,100
4860,2.52436,0.43167,18.3058,16.2737,50
6504,3.61442,1.1443,30.3449,29.7639,5000
7659,2.8789,0.7073,9.64544,12.047,10
3614,2.89498,0.999266,32.7343,12.2484,1000
8019,2.70179,0.211101,4.0817,3.57537,10
2461,2.84198,0.579912,6.40626,10.1876,20
1335,2.95025,0.523569,6.09888,15.3866,10
3131,3.409,0.951414,15.3248,21.5299,2000
4644,2.85486,1.05511,23.8009,16.1763,3000
4699,2.92426,0.660855,14.7457,13.6631,40
1995,3.18211,1.03044,29.8042,15.9872,3000
758,3.17636,0.924171,16.4084,17.5876,200
8513,2.85732,0.475858,11.5223,8.0788,20
3863,2.89133,0.468073,8.78056,10.5808,10
6617,3.01073,0.720514,14.846,8.02719,200
2736,3.2793,0.418315,3.53625,11.3456,20
3607,3.18627,0.765117,13.1801,17.8405,10
9834,2.80068,1.14609,23.4289,18.6062,5000
3589,2.89678,0.528637,8.80693,14.0403,100
8551,3.05227,0.810856,15.0178,9.72085,200
8611,3.33532,1.08824,31.2699,14.8103,300
7731,2.76392,0.183125,5.32209,4.31867,10
7834,3.29348,0.515303,5.56028,17.1382,10
7967,3.16783,0.579964,9.46229,8.23174,200
3739,2.95761,0.3492,8.72949,7.01082,10
2802,2.81081,0.551229,13.4243,21.3339,40
5131,2.7512,1.14126,28.4875,22.3626,5000
8032,3.1843,0.666195,15.7193,14.1769,40
7596,2.78986,1.07413,31.3143,13.2731,30
4217,3.29595,0.860377,16.0119,22.7595,1500
792,2.8602,0.622071,9.17889,7.79441,30
1925,2.95562,0.500285,10.2571,13.9934,10
401,3.11115,0.411122,7.80743,7.94504,30
2343,2.91874,0.877602,10.6724,17.5192,40
6106,2.97878,0.817115,14.583,17.3314,75
5192,2.66727,0.501352,17.386,9.02794,75
9166,3.32893,0.848767,13.4641,11.7902,10
356,3.05291,0.270725,6.42679,5.23578,30
4397,2.83042,0.508832,8.97083,7.13937,10
118,2.91318,0.382128,8.38994,10.8541,20
724,3.6299,0.860939,19.8291,22.4502,300
9914,3.42942,1.14054,22.6637,27.207,500
1643,3.38196,0.82392,20.3329,16.596,1500
815,2.96436,1.04912,20.0378,16.6384,3000
2510,2.87983,0.422218,9.35656,8.04226,10
7096,3.3799,1.04087,19.4158,20.4279,3000
8105,3.09775,0.868583,14.7093,14.3201,1000
2009,2.86306,0.298546,8.57748,7.98681,30
8245,2.9394,0.476755,7.63575,15.9467,30
7848,3.2186,1.12434,32.7541,21.8278,1500
6486,2.87501,0.579661,14.9757,10.937,500
5478,3.37989,0.926301,15.3357,16.5839,40
5999,3.26497,0.816082,20.1594,16.9334,150
4290,3.14734,0.95555,24.9051,16.5215,300
8148,2.85324,1.05487,21.6578,24.5963,2000
7931,2.83269,0.789433,14.9803,17.0959,150
9642,3.29284,0.717797,13.9972,18.4052,20
4602,3.03677,0.685539,16.7424,14.6673,30
9020,2.8023,1.08823,17.1153,20.8125,5000
8944,2.94003,1.00769,25.5177,23.8188,3000
9639,2.74492,0.365944,7.50756,27.9835,30
9509,3.00285,0.186857,6.06359,25.147,50
6429,3.32613,0.850449,15.6967,21.1749,40
200,3.37782,1.01766,17.909,15.6531,150
4394,3.44116,0.873271,13.0713,17.6815,100
6415,2.92342,1.07949,25.8509,19.0857,5000
4069,3.3412,0.996811,19.7841,18.2846,3000
2814,3.48078,0.691198,10.3544,26.4573,75
2114,3.19491,0.428413,10.8512,12.5721,10
2412,2.76673,0.800871,19.208,17.3273,100
6039,3.10311,0.709817,15.4835,15.7724,75
151,2.80398,0.810242,17.2739,17.3138,10
1714,3.09514,0.834325,18.2226,17.2284,40
8964,2.75274,1.13205,24.8382,23.6286,3000
466,2.79403,1.06181,21.0413,14.6927,20
2473,2.82918,0.747359,15.6081,19.6221,20
7993,2.76024,0.419828,8.36225,8.13871,10
3887,2.80633,0.897804,19.3635,23.2291,750
5385,2.82393,0.552853,8.53971,20.5017,75
1060,3.58446,0.883814,15.6221,20.6951,10
9658,2.93202,0.802191,17.5703,20.3494,200
5821,2.85465,0.602603,9.61135,9.37579,20
9689,3.33836,1.10881,19.4257,20.1501,5000
6901,3.07995,0.692285,26.5517,15.1979,40
6477,2.79339,0.92992,16.5171,16.424,75
3920,2.92925,0.984846,23.9023,22.4862,1000
2713,3.04537,0.717831,24.7444,21.0401,20
1106,2.8679,0.988451,24.7318,16.8317,500
8156,2.73114,0.458931,7.3486,6.68291,10
9558,3.16633,0.68662,13.9738,13.5243,50
9858,3.18126,0.586299,18.5527,11.8431,75
7794,3.14209,0.673565,12.8747,18.2091,75
2902,3.01576,0.582825,7.58733,14.6091,20
3465,3.23451,0.942662,19.9031,19.3159,2000
9632,3.10084,0.871184,18.0046,16.0548,300
6060,3.1142,1.11187,23.271,24.8949,5000
1537,2.77163,1.12791,22.0164,16.3278,2000
7965,3.41052,0.956916,16.1684,17.6483,5000
9184,3.12619,0.859771,13.2731,16.6893,10
8971,3.0651,0.350596,12.5328,11.1377,30
2642,3.30991,0.431235,9.31135,12.6103,10
1282,2.98208,0.752761,21.4921,12.9247,40
8819,3.19406,0.322595,6.14887,19.2602,75
2730,3.44626,0.802636,13.2212,21.0269,20
6667,2.92436,0.943176,17.8612,25.4763,500
8104,3.1543,0.930654,22.4218,17.5592,150
7895,3.38121,0.636177,11.6525,10.9098,75
201,2.98717,0.945981,18.1608,21.9623,500
7248,3.29742,0.785275,16.48,23.0509,75
15,2.80458,0.79444,17.2366,22.1975,30
9182,3.04788,0.493892,7.45772,7.33685,10
5479,2.86534,0.206544,3.64889,3.827,10
2178,2.73162,0.851375,20.3961,17.976,1000
9132,2.72892,0.18779,4.54473,3.31578,10
1712,3.09693,0.500451,10.6119,8.39454,10
8624,3.50828,0.636677,9.68336,12.5306,50
3276,3.17613,0.904863,17.0083,16.1153,3000
1004,2.93739,0.503033,9.06686,9.50735,30
2068,3.42865,0.929265,17.7904,17.2244,20
7669,2.82277,0.606128,11.1424,11.4762,30
7297,2.91814,0.480119,7.33556,8.42622,20
6134,3.03335,0.587894,9.88692,16.3313,150
9819,3.06614,0.866513,15.9181,15.9464,75
8907,2.93086,0.920694,14.8748,22.5769,5000
5542,2.80127,0.87952,16.0045,20.8911,3000
1421,2.82376,0.857754,19.2856,18.5609,3000
831,3.03622,1.04233,21.795,27.4367,5000
9756,3.09194,0.776354,13.912,11.7521,40
3192,2.83689,1.01532,15.5718,14.2169,300
4261,2.77393,1.07883,22.2598,19.6669,750
9409,2.63929,0.586947,10.4485,8.82528,10
1700,2.94559,0.983636,19.6447,20.1468,1500
7558,2.99612,0.948789,22.9179,14.9432,75
9971,3.11764,1.06031,20.7927,13.4743,750
7613,2.77561,0.339437,10.9735,8.88861,20
1283,3.2962,0.691585,11.3111,12.6087,10
7464,2.91362,1.04157,23.3819,25.1497,1500
2520,2.78256,0.529372,9.89451,6.73397,10
8948,3.06271,0.585013,9.48383,8.97214,150
3537,3.45641,1.05871,23.8957,14.2066,5000
8442,2.97327,0.675945,22.3501,12.7063,50
1706,2.86438,0.864547,16.8752,18.0451,500
5625,3.04226,0.178131,4.1806,3.02583,10
206,2.9618,0.801786,15.9552,15.8181,40
6834,3.00235,0.980997,18.7858,26.2169,5000
1603,3.2153,0.509536,6.60463,27.2586,10
5371,2.85791,0.550334,10.0363,10.4926,75
6505,2.89047,0.832956,22.7042,14.1513,200
8782,2.97815,0.343139,6.65181,6.57021,10
2060,2.85251,1.07952,16.9301,15.6227,2000
2565,2.98148,0.387459,11.9837,10.3924,20
9337,2.50615,0.317383,5.42418,4.88168,10
1472,2.71929,1.07884,18.1418,18.4017,2000
3230,2.787,0.652895,15.0384,11.8099,20
9944,2.98957,0.96284,14.3906,23.0926,2000
4295,2.87302,0.502806,13.792,11.2528,30
4522,3.00003,0.634101,27.4379,11.9352,150
8800,2.97508,0.876465,15.2035,14.8458,300
1573,3.28155,0.787226,11.8289,14.827,40
9555,2.77233,0.857908,17.9269,11.8502,20
8477,2.78059,0.87347,16.1238,15.8128,40
2606,2.95526,0.742414,20.4867,18.1547,40
9891,3.18858,0.788266,13.7264,15.9349,150
7084,2.98852,1.05466,23.4857,18.2723,1500
4524,3.10295,0.3698,5.92342,19.0874,50
7052,2.96031,0.516111,8.99403,18.0779,20
9647,2.99344,0.84805,16.3206,17.0057,40
1811,3.02058,0.964461,16.6102,24.6169,300
6721,3.45738,0.67049,11.1701,22.9053,20
9053,3.21184,0.959138,19.4406,21.7539,50
1507,2.98058,1.01806,17.2833,21.3338,200
3094,3.086,0.74947,16.346,11.8178,40
6186,2.8937,1.0046,26.0491,16.8456,750
1773,2.95887,0.402751,12.138,12.7943,30
1568,2.83799,0.51017,10.5374,22.4678,10
4958,3.29708,0.56102,13.3193,23.2976,50
3697,2.80197,0.971657,23.807,13.9644,5000
253,3.31494,1.22467,41.9256,20.6054,3000
2546,3.06288,0.684621,14.2192,12.4036,40
9040,2.71178,0.410347,8.00003,11.7836,20
2590,2.78241,1.16623,23.7067,18.0952,300
5178,2.79273,0.683702,21.9301,13.8657,75
5881,3.30028,0.462957,9.52428,24.6269,20
8361,3.11228,1.00685,19.3967,14.382,5000
82,3.45788,1.05658,20.232,18.1135,2000
7146,2.80723,0.78631,16.8487,10.9783,20
6123,2.92049,0.911561,17.9078,17.6841,500
6118,2.8878,0.669635,15.392,22.3577,10
3105,3.53364,1.1327,26.4254,24.0159,5000
2305,2.8688,0.943122,23.7297,18.9031,500
3248,3.07454,0.547293,14.468,14.2086,30
4804,2.77712,0.46503,9.6081,15.9555,10
8873,3.34158,0.748939,16.346,16.7832,75
8722,3.22772,0.694395,17.5613,21.1988,100
9201,2.91391,0.972299,17.8393,16.9757,3000
3962,2.92283,0.995838,24.2306,21.1774,1000
9112,2.79813,0.560432,15.6311,12.0079,30
7320,3.25085,1.06765,21.9769,18.6212,500
4273,2.83129,0.968949,19.5364,19.4088,300
6751,2.88865,0.688297,20.5098,8.90008,10
4248,3.26433,1.03755,41.6949,25.577,500
1272,2.92284,0.924557,15.9892,20.0726,500
4976,2.92695,0.920896,19.9921,17.7119,750
5520,3.0756,0.690609,20.1167,14.709,150
4551,3.2311,0.299841,7.44752,6.07838,10
3671,2.74494,0.200104,3.03583,3.19903,10
2480,2.89485,0.884901,12.4369,29.781,1500
1509,3.3169,0.991279,21.94,24.6617,2000
6229,3.18898,0.92472,17.2393,21.8901,30
9320,2.87773,0.526343,9.83233,10.4831,75
3789,2.99482,0.662622,10.5998,8.90237,10
7810,3.06828,1.0486,21.133,17.4429,3000
4155,2.84384,0.424714,16.6774,15.1556,10
7775,3.43548,0.949641,22.2468,20.0769,2000
5875,2.481,0.397716,10.6777,7.52517,30
8934,2.75909,0.384446,5.05936,5.49412,10
2568,3.234,1.16063,31.4788,15.4016,5000
2764,2.96946,0.831828,19.2899,12.5404,75
5896,3.42267,0.897231,16.9228,19.7238,75
4831,3.1228,0.785733,18.9476,18.4178,300
8049,2.98677,0.926042,17.3198,15.0136,200
9131,2.88986,0.563364,7.15935,5.42767,10
6485,2.83383,0.466239,9.99158,8.30015,150
834,2.86337,0.834573,21.2709,17.7151,1000
5125,2.98482,0.963455,18.2672,20.6667,3000
2463,2.82064,0.751984,17.8594,30.698,150
9213,3.17681,1.04817,27.1649,15.173,1500
6896,3.20547,0.590368,12.9043,9.01099,40
9611,2.76439,0.411699,15.9907,7.50222,20
8298,2.89859,0.865727,17.4426,19.5128,200
2597,3.16665,1.07907,19.4656,23.4565,3000
7789,2.89447,0.917419,17.0957,20.1176,300
183,2.73554,0.766668,15.0806,18.9818,1500
5205,2.82098,0.664819,15.0153,17.6496,40
7806,2.89912,0.813401,14.0854,15.2299,100
5374,2.98785,0.960479,18.9446,24.5104,750
8538,3.02078,0.480453,7.86468,6.65074,20
1391,3.03736,0.352352,6.08818,7.85235,10
8876,3.01945,0.958246,19.6526,13.5165,500
4364,3.01766,0.819578,21.9524,13.9968,10
5638,2.92557,0.941258,17.6787,20.5493,500
1883,3.08609,1.03331,19.8088,16.6558,10
9900,2.9691,1.0123,22.6263,22.1678,10
7744,2.78335,0.994842,14.6275,25.754,1500
7306,2.9144,0.908171,21.0069,18.166,500
7904,2.93018,0.543117,14.0542,7.24932,20
1553,3.28869,1.11562,22.8806,18.8159,5000
5582,3.33611,0.84642,13.4811,18.9948,40
575,2.87979,1.12906,25.5751,17.8374,3000
2940,2.81896,0.833652,11.5486,15.9379,150
9798,2.80003,1.06105,21.8048,18.1122,5000
4147,3.32437,0.829586,20.3052,19.236,150
5834,2.908,0.359973,5.57224,6.88595,20
8542,2.91939,0.605213,14.4233,20.2981,20
6875,3.3968,0.517963,12.0071,10.6536,20
2128,3.19636,0.845869,23.3907,20.1027,75
7046,3.27017,0.396196,13.7237,10.0439,40
6909,3.00832,0.376516,7.66874,9.04379,30
8356,2.97184,0.90601,18.223,24.7075,10
6377,2.95318,0.812661,21.074,15.9763,40
3633,3.04551,0.964083,20.9143,18.1792,1000
4140,3.20948,1.12152,30.0373,18.1275,10
8684,3.19436,0.915462,17.7185,17.51,2000
153,2.77331,0.635498,7.63207,6.76517,20
9034,3.04304,0.588815,17.8505,9.91896,75
4629,2.8194,1.06651,19.211,16.2229,1000
8099,3.26222,0.503319,8.79562,7.72378,30
5430,3.16495,0.692546,9.74668,9.56711,50
2194,3.10724,0.79309,9.11413,16.7823,20
5620,3.13167,0.981686,25.9327,11.4512,750
4653,2.90054,0.731979,8.7177,22.7296,10
7774,2.82772,0.649877,12.0196,11.4818,10
7370,3.07985,0.889723,22.5379,14.9198,500
3076,3.13148,0.959739,18.0904,17.5548,750
9155,3.00247,0.436092,9.63472,6.35035,20
3974,3.02139,0.537668,10.798,22.7503,30
198,3.19501,1.1111,26.0903,16.6744,3000
3713,2.78792,1.13543,30.4898,25.6489,3000
8648,3.08185,0.42152,8.84915,7.38175,10
1327,3.31987,0.845369,21.1733,28.3708,500
440,2.74813,0.32453,5.43827,6.43054,10
549,3.27449,0.843664,15.561,18.8455,30
4063,3.32675,0.950133,19.778,21.6865,300
4112,3.06545,0.887197,13.8727,19.2304,750
3742,3.00858,0.488622,6.07979,8.34326,10
3553,3.46134,1.02701,18.3563,16.2309,300
104,3.2091,1.11513,32.7871,33.7428,3000
1679,3.19122,0.693538,18.3598,11.4697,75
4736,2.92619,0.577731,9.46318,19.9729,10
5247,3.03742,0.78874,12.862,14.437,10
8097,2.93354,0.866137,16.01,16.4299,200
5357,2.969,0.61569,18.706,20.7533,100
1611,2.83278,0.299924,9.02962,5.5771,10
7090,2.7685,0.806903,11.2151,15.9001,150
2243,2.92728,0.928735,15.7744,28.9869,300
9380,3.05458,0.554844,13.946,16.5197,30
1511,2.97219,0.672326,14.9169,17.6859,200
1771,3.34577,0.932958,16.9708,18.4148,5000
8223,2.68103,0.367073,8.81226,8.97804,30
5379,3.06579,0.477457,6.90138,4.98188,20
8847,3.22752,0.755576,13.4015,10.6342,200
3401,3.27632,0.709085,12.6398,18.6252,75
2958,3.43725,0.871083,15.3351,12.1039,10
5356,3.28672,0.701686,12.5625,13.9515,20
3496,3.09534,1.05512,21.345,14.1718,750
8590,2.90662,0.74092,19.3089,16.8965,150
6880,2.9436,1.08749,32.4396,18.7293,1000
8728,2.81759,0.160574,8.14917,8.69251,10
7578,2.93888,0.877492,25.1315,16.4795,100
7201,3.14915,0.585816,12.0089,12.7799,1000
837,3.30159,0.56678,8.97647,8.78079,50
448,2.90502,0.961343,30.0289,16.2453,2000
4292,3.0362,0.724906,15.4558,14.5342,20
9922,2.80278,0.98104,17.0415,18.6104,3000
6865,3.21838,0.968085,21.2357,17.1246,1000
7863,3.12261,0.887836,17.8323,16.0382,150
8255,2.87609,0.798262,17.4673,16.0768,500
593,2.93058,0.493944,10.998,24.5617,50
4226,3.39658,0.979048,17.0353,18.705,40
7435,3.01725,0.993322,17.836,20.5486,100
8925,3.65784,0.928972,17.5282,22.9413,150
9276,3.01623,0.615246,7.07817,8.54979,10
8321,2.9398,0.685614,12.797,10.5923,20
9032,2.82071,0.748185,11.1001,16.1473,300
2563,2.79332,0.785411,13.5594,14.1366,300
5403,3.46345,0.462956,5.96858,18.779,10
5000,2.82528,1.10179,23.0642,21.776,1000
1457,3.51241,0.906647,23.508,18.0031,2000
8530,3.26427,0.238283,4.52064,20.003,10
2963,2.88956,0.884129,18.2289,13.764,75
4951,2.89149,0.857935,17.4414,18.9896,300
8616,2.83307,0.985156,23.9126,14.708,1000
7321,2.97724,0.792496,19.6713,21.7102,200
4892,2.84059,0.76431,17.225,15.0966,30
3984,3.21645,0.881357,23.9464,20.9751,300
1347,3.36806,0.994257,20.3077,22.507,1500
1367,2.94108,1.32764,34.6289,27.4595,100
4866,3.40488,0.638502,7.83296,21.3578,300
3745,2.7678,0.863576,14.1153,13.9213,30
2556,3.17829,0.755492,11.8988,7.31911,40
8535,3.36535,0.956764,22.3081,19.6012,30
5535,2.78154,0.33725,7.82972,22.487,30
3254,2.80745,0.420247,6.56375,18.8171,20
1600,3.08331,0.810589,16.4752,17.2777,40
3838,2.93846,1.05014,26.1262,23.9829,500
1802,2.79548,1.0618,20.1886,21.6252,3000
3884,3.18177,0.679867,7.81419,18.795,10
5042,3.0349,0.819047,15.4022,14.254,200
3280,3.044,0.713929,15.6296,13.29,10
8350,3.1921,0.669249,17.1887,16.6296,200
7386,2.73598,1.03848,22.3034,22.651,750
4724,3.17602,0.855927,13.3212,18.4456,150
9211,3.1602,1.08965,22.0631,23.3983,1500
1760,2.95854,0.693165,7.4101,22.4586,10
9449,3.18123,0.494157,6.53908,15.3745,10
2419,2.80036,0.669996,15.8475,11.9973,50
7515,2.7932,0.8221,22.3258,13.4574,75
8505,3.51669,0.998952,18.4325,12.8744,200
4372,2.81389,1.07328,19.0399,17.6377,1000
1639,3.02224,0.827959,19.9028,12.9093,1500
4183,3.25927,0.634304,13.925,24.3508,40
6740,3.41501,1.01064,17.5227,19.4947,200
2014,3.1458,0.0843655,1.52414,6.54845,10
5838,2.88592,0.906831,21.2907,13.9616,2000
7661,2.63633,0.496198,7.7994,5.62536,10
9526,2.84833,0.861109,14.5875,18.7996,5000
3186,2.77917,0.808227,16.2199,13.8233,50
8419,2.72553,0.454338,8.08103,5.77848,10
3811,2.93465,0.953891,21.4702,19.5514,750
1002,2.97942,0.593771,19.7904,13.4217,75
8457,3.22372,0.936445,21.2963,20.7022,1500
9195,3.34524,1.06445,19.4846,22.198,200
4143,3.12832,1.07971,24.9226,28.1333,500
7,3.12075,1.07679,21.4444,25.9038,500
9680,2.86426,0.618714,12.2859,11.6484,20
1709,3.24136,0.4923,9.34675,22.5692,10
132,2.78595,0.640456,14.1425,26.2677,75
7739,2.8144,0.566132,5.19713,20.8693,10
1118,2.53756,0.612145,8.87657,5.74715,10
9115,3.31902,0.984323,25.6591,18.8522,2000
9773,3.01959,0.510847,10.3017,8.36669,75
5830,2.84622,0.966902,17.6053,19.1364,1500
2235,2.87482,0.437103,8.48015,14.8699,20
409,2.77882,1.02364,17.5011,16.1346,5000
4454,3.31771,1.07902,21.859,16.4705,5000
3272,3.02789,0.334429,6.62429,7.6573,10
8920,3.17355,0.99735,22.8799,17.1371,300
4500,3.3263,0.823359,21.4056,25.6816,75
3309,3.12268,0.876518,13.2085,21.0653,200
8682,3.11191,1.03765,30.8863,26.738,500
7122,2.70178,0.45406,6.2534,16.7508,20
5395,2.78457,0.773508,23.4162,14.9312,150
5654,3.20271,0.615334,9.82823,11.1676,20
5825,2.82515,1.12171,24.8375,20.3473,75
6981,2.88532,0.704886,13.9121,9.02034,30
7366,2.96589,0.900993,11.4223,12.7689,20
3550,2.95996,1.09168,21.7778,11.9389,3000
5194,2.58752,0.340294,10.3482,11.614,50
4854,2.93822,0.893507,18.2721,20.6266,75
501,2.95268,0.718284,14.4282,7.7871,10
266,2.78958,0.774892,19.747,19.6935,500
3049,2.77706,0.835522,22.3687,11.692,150
8755,2.65182,0.295932,5.48051,5.80997,10
5209,2.98342,0.408055,8.58052,5.04974,10
6249,2.7462,0.80686,11.6152,13.6342,20
7045,2.76898,0.921876,19.0125,17.8891,750
2993,3.23313,1.02291,20.0226,24.7151,5000
3034,2.91105,0.585946,8.41025,10.0676,10
602,2.88661,0.802714,14.981,22.1907,50
3058,3.30704,0.957367,25.0088,19.1426,1500
9327,2.95133,0.769746,19.5605,12.5911,10
4473,3.23015,0.879066,19.0599,17.6349,30
938,2.94225,1.06625,25.3965,16.7884,2000
4356,2.86819,1.08812,19.9803,18.6796,1000
8623,2.85689,0.533269,8.95605,12.8305,10
6949,2.82591,0.938033,25.3354,16.7266,200
4916,2.80357,1.17946,27.2363,17.1722,1500
5933,3.23243,0.849328,21.8632,30.1862,30
8212,2.93195,0.908139,15.4327,18.9568,75
7753,2.93893,0.729384,12.2545,22.4039,150
5679,2.79771,0.821371,13.509,25.9961,3000
5748,2.8603,0.798443,13.7864,19.8357,150
8621,2.50778,0.127428,6.00073,4.24025,10
1150,2.97178,0.432794,6.84033,4.98644,20
5995,2.85753,0.868497,17.4999,13.9455,300
5576,2.67211,0.347572,4.75197,4.7403,10
9890,3.34032,0.685589,13.7755,14.9014,10
8756,3.03494,0.990364,26.723,18.4429,5000
3443,2.82825,0.850151,16.5744,19.3636,75
4541,3.18136,1.08506,31.0338,20.502,5000
2304,2.95437,1.11923,19.7962,20.296,5000
4570,3.09085,0.396071,4.77342,18.4286,10
7639,3.05079,0.905681,21.0588,17.7493,750
3005,3.13381,0.859147,21.2746,18.7372,750
2137,2.88348,1.02687,24.371,22.5904,750
6069,3.41899,0.783343,13.8012,37.9481,10
1928,3.40078,0.429851,3.91586,16.842,10
5090,2.95506,0.615128,9.07724,13.2904,10
273,3.57339,0.826258,12.3799,12.4952,40
6248,3.23644,0.934873,18.2656,18.7381,2000
9264,3.24231,0.652125,14.9308,12.8447,10
7782,3.3495,0.732151,16.9802,17.3555,30
9329,2.78859,0.822058,15.4321,15.1619,300
2496,2.92281,0.637953,9.68574,32.0351,20
503,2.84396,0.507558,6.83351,24.2757,10
6385,2.85913,0.769507,15.7402,15.3589,30
5668,3.02152,0.525974,11.7884,17.0884,10
872,2.704,0.513609,17.9073,14.6195,50
1868,3.08495,0.325029,6.30982,6.00543,10
9059,3.26822,0.38044,6.14885,17.3335,10
1590,3.3442,0.968733,19.4213,17.3074,50
1460,3.03411,1.13984,31.9703,16.2259,200
4510,2.76968,0.648411,13.9939,11.7311,75
1076,2.97035,0.660266,19.5266,19.232,150
1585,3.247,0.645444,9.81481,9.02615,30
2403,3.14382,0.467672,5.90393,10.2993,30
6005,3.28214,0.653768,12.6708,21.3636,10
6860,2.9212,0.814222,16.6277,10.4373,1000
5516,2.88179,1.00128,23.4281,18.0808,2000
3753,2.80743,0.803737,19.2232,31.8765,1000
9123,3.20508,1.05882,22.3299,18.3814,750
5458,2.77525,0.881776,15.7094,19.9451,20
5572,2.96855,0.541305,7.1099,19.7338,10
9802,3.49282,0.941308,15.5342,23.7117,3000
8962,2.8486,0.474781,18.666,12.4705,100
7450,2.85827,0.342703,5.09778,6.89842,10
1596,3.35046,0.795487,20.8271,12.9974,40
8004,2.85738,0.628863,13.3117,19.9981,10
6548,2.87762,0.606265,14.7396,12.5241,10
5156,2.83711,0.855989,15.1427,23.726,150
1940,3.12736,0.912308,21.393,22.8712,300
3396,2.98572,0.408275,9.6979,9.10498,30
9603,2.74469,1.18352,23.5223,23.3131,3000
519,3.10272,0.677897,16.6018,15.2792,30
5791,2.80255,0.426789,8.40797,6.27689,30
670,3.18734,0.870873,16.491,23.1978,1500
3149,2.99011,0.667062,9.84866,9.34757,40
860,2.91111,1.06503,20.7906,21.6404,5000
4853,3.06666,0.36182,5.13266,14.3068,10
5574,3.12007,0.831575,17.0102,10.6585,100
6542,3.23247,0.993449,22.3554,21.2555,750
4099,2.6164,0.359656,10.3159,7.49533,10
3159,2.67793,0.305886,5.20334,5.0523,10
7413,3.00817,0.735565,15.8174,16.717,30
3075,2.86022,0.645257,14.6775,12.4544,75
1488,3.20841,0.677552,13.7396,25.4724,500
7121,3.08616,0.844456,13.6522,25.755,500
8037,3.04999,0.651194,6.95387,13.391,10
6073,3.30789,0.882936,20.1997,23.368,750
1112,2.60505,0.389683,9.87235,5.62039,20
3549,2.85294,0.915084,15.4155,26.5941,100
9105,2.80093,0.884065,21.9456,15.8894,150
1286,2.8845,0.441105,18.441,13.6384,30
2294,3.35583,1.00102,19.4764,23.2924,2000
7809,2.91313,0.937492,18.6967,15.3324,150
6857,2.73672,0.580391,7.62469,9.71447,40
54,3.56882,0.701108,16.0717,15.344,20
5530,2.8566,0.841211,21.107,14.9879,500
868,2.83674,0.514474,8.36907,12.5215,20
7350,2.91119,0.476781,9.01988,7.28446,50
9485,2.82525,0.250175,4.86102,4.24433,10
9332,3.21179,0.994544,29.2738,19.7985,200
5219,2.83235,0.682825,8.84177,8.29784,200
2431,3.38168,1.00586,20.2417,13.1413,1500
1891,3.02792,0.980691,18.1218,19.3074,500
1288,2.78314,0.622259,8.92537,28.6242,20
2769,2.95,0.705902,11.7744,14.1117,75
5396,3.42511,0.733293,18.7022,12.1684,10
7580,3.18074,0.691668,12.632,22.1793,50
5132,2.86135,0.624034,16.9355,13.954,10
781,2.8212,0.658653,14.6497,15.0387,300
5276,2.79864,0.52752,11.1274,7.77721,40
3502,3.50277,0.757251,12.1108,28.2277,3000
1343,3.06221,0.847872,19.3105,19.8447,75
5523,3.27351,0.474609,4.29828,9.06454,10
9817,2.82331,0.690598,11.061,10.628,20
450,3.19364,0.912141,16.4345,19.3789,5000
3717,3.18448,0.934957,12.9835,9.80634,10
6209,3.44609,0.871854,19.3842,22.4257,300
416,2.75928,0.850804,14.2976,15.482,30
6890,3.22514,0.545107,12.1215,11.7886,20
3277,2.75827,0.221443,3.3164,3.13098,10
4807,3.50876,1.04138,29.0888,26.1573,2000
8963,2.72852,0.828724,11.688,13.932,10
3970,3.28396,0.875549,15.3928,13.7073,1000
9151,3.52891,1.0369,22.8111,15.8261,750
1207,2.77256,1.17193,29.1488,16.3151,5000
9981,2.81063,0.424683,4.72843,9.73939,10
268,2.96233,0.662679,11.6628,9.18428,10
1426,2.91364,1.11069,32.5015,18.4914,75
9413,2.91824,0.346033,6.18714,4.95574,20
8017,2.93043,0.524641,19.5084,12.942,100
5948,3.11157,0.725107,13.7799,8.42198,30
2917,2.72713,0.460958,14.4232,9.34412,150
7011,2.75753,0.95411,26.9047,21.9555,750
6689,2.79712,0.671987,13.7931,20.5215,150
6299,2.96994,0.761694,14.4295,12.6643,75
7200,3.00501,0.449182,6.42918,7.6397,10
823,3.1143,0.678566,11.5603,19.215,200
8196,3.32779,0.672017,10.3794,9.8263,20
6597,2.82274,1.07355,26.1403,15.9086,2000
488,3.34969,1.07704,24.6899,14.6699,1500
4573,3.10345,0.624171,11.116,19.5283,150
26,3.24269,0.608965,15.7383,21.8309,100
7214,3.08702,0.376166,17.1601,10.78,30
5018,2.56678,0.493615,6.20417,6.45373,10
2234,2.80127,0.624668,12.7144,18.8999,20
5739,3.15215,0.658704,11.2551,9.92256,150
3620,3.11392,0.562805,6.36453,6.65368,10
5100,2.87249,0.793244,17.2843,16.2458,150
8314,2.89488,0.899931,16.8442,14.8317,30
6124,3.01526,0.830628,16.4085,20.3971,1000
5185,2.77518,0.863334,19.6338,20.0959,300
3252,2.77539,0.46648,7.37007,7.80476,10
7747,2.83456,0.796139,16.39,31.1417,100
1122,3.3161,0.792829,21.7417,8.55446,75
3910,3.07782,0.639587,11.7522,11.4912,500
4121,2.86231,0.443473,4.74601,12.3902,10
4424,2.81959,0.700874,16.1576,20.2502,100
7703,3.22722,0.916259,15.1207,20.6407,200
9089,3.61261,1.06932,22.9595,16.3004,300
9818,2.80328,1.00832,28.6044,21.6329,75
4957,3.31087,1.03132,30.0951,19.3716,10
3366,2.78719,0.940129,19.1668,15.8018,3000
2918,2.9912,0.523544,11.9803,8.75401,30
1520,2.78352,0.607326,13.7799,12.3964,50
680,3.22008,1.0673,21.3125,18.7372,2000
4002,3.27794,0.628524,9.75523,25.7436,20
2969,2.7782,1.00144,21.3215,12.4371,1000
3026,3.24056,0.957046,22.962,8.52286,30
8786,2.94277,0.174012,9.22614,14.4898,50
1077,3.04001,0.588627,13.5113,9.75658,40
3421,3.02919,0.723252,20.7861,18.4569,500
5355,2.88605,0.481059,11.1401,30.2269,50
6691,2.98045,0.956549,15.5778,19.0804,3000
2164,3.44216,0.365706,5.10725,5.79427,10
5309,2.7296,0.276339,3.15776,4.28995,20
2706,2.68317,0.422217,17.0006,12.1951,75
8930,2.9145,0.564131,8.74144,15.8423,10
319,3.1872,1.02762,20.8911,16.0756,1500
5111,2.77716,0.676998,12.9546,12.4116,40
589,3.09056,0.562127,6.01202,17.7143,10
3283,2.95477,0.52851,10.6079,8.30616,30
5951,2.99674,0.82545,20.1997,13.5345,40
8849,2.79036,1.16772,21.4324,27.1586,5000
7741,2.99874,0.236491,6.65705,11.798,300
9545,2.93393,0.52662,8.62496,10.3391,40
5137,2.84459,1.00305,15.3518,16.9374,5000
6040,2.88577,0.742501,16.4588,10.8075,30
2250,2.90163,1.07115,30.032,17.5827,750
2554,2.53125,0.317937,5.53428,4.84377,10
4286,2.77238,0.560873,9.59667,12.3024,75
6235,2.852,0.784525,13.5313,17.2493,200
3038,3.2784,0.824988,15.039,13.5289,750
8234,2.8271,0.846385,14.8952,18.0439,150
1952,3.46284,0.671832,14.8301,22.3055,40
9481,3.16578,0.987404,29.5588,19.801,750
6291,2.86988,0.920729,15.4963,19.5276,5000
5691,2.79825,0.459997,7.91204,18.214,10
4256,2.80645,0.936482,17.6646,24.1537,150
9800,3.08157,0.429758,8.22929,11.4238,10
5912,2.8776,0.746499,21.0287,17.1917,200
3975,2.87361,0.618472,13.2785,21.8131,40
7778,2.92552,1.06992,22.9879,25.3597,150
8320,2.88784,0.593528,10.5356,19.5626,750
8841,3.13909,0.53656,15.2145,8.61203,10
7925,2.81588,0.893912,16.4828,17.5664,150
2560,2.89591,0.558698,7.65941,17.5517,20
4016,2.7889,1.09247,18.1765,28.2857,750
6433,2.77011,0.712677,10.6546,10.2166,10
8028,3.24582,0.665724,10.3728,7.1455,10
6852,2.82647,0.488609,10.7211,9.18231,75
4052,2.4324,0.0627163,1.98805,1.79943,10
8168,2.78803,0.642359,16.1913,16.7184,30
8514,2.89812,0.620288,12.5907,10.6784,30
9369,2.81144,0.739707,11.6597,13.3602,10
6400,3.13406,0.833086,10.7651,11.1895,10
9529,2.83434,0.894429,17.0762,22.9246,3000
4768,2.89852,0.324472,5.2677,4.26009,10
5797,3.32751,0.888178,22.9018,16.9517,500
1980,3.32318,0.960872,17.6796,23.6945,30
706,3.20316,0.81457,11.0109,23.1778,75
9973,3.42549,0.720937,14.8768,17.6995,150
4269,3.40951,0.644139,8.21373,14.9362,20
4967,3.45772,0.92893,22.5646,13.9436,1000
6431,2.99197,0.342941,7.4139,24.7196,30
7700,3.08782,0.753463,15.7329,12.602,50
6640,3.55238,0.991579,24.399,20.133,750
9257,2.94324,1.15623,33.1945,23.5019,3000
141,2.79474,0.625207,12.1184,8.71334,20
4595,3.42448,0.850817,13.5594,17.2663,40
2132,2.80647,0.989692,17.9859,15.0267,5000
7856,3.40826,1.03849,26.9825,21.8314,1000
214,3.06021,0.982108,18.1791,22.4574,300
5112,3.41852,0.549145,9.50283,12.8048,20
6633,2.79341,0.74923,11.8021,17.3653,10
3317,3.20636,0.314987,6.20536,11.9844,20
7123,2.9868,1.12979,24.4625,17.1952,2000
4969,2.84207,0.32793,5.83782,6.0588,10
2285,2.91857,0.939181,20.1302,15.9155,1500
552,2.87253,0.892769,18.1338,22.7785,1000
7340,2.86072,1.00756,23.2569,23.8555,5000
8209,2.9847,0.597512,17.1668,15.7001,75
3364,3.69762,0.480484,5.76962,6.40188,10
4020,2.90456,0.965053,18.7797,16.7663,10
1095,3.21015,0.288467,9.3246,11.6696,20
1862,2.96018,1.07629,27.9212,18.9772,750
4449,2.89822,0.731208,19.0053,9.27092,30
653,2.68377,0.567622,6.36251,17.9065,10
2501,3.08218,0.871883,18.0627,23.4945,75
3879,3.11231,0.206458,5.66285,10.3877,10
8469,3.03644,0.750861,13.099,14.8219,75
6868,2.90815,0.892476,15.2166,17.0929,750
6705,3.06085,0.789668,15.9469,22.6283,200
216,3.17157,0.473816,8.61345,21.2841,40
4920,3.10676,0.437127,9.56599,23.0535,75
1396,2.93346,0.641342,17.4186,20.957,200
6754,3.09892,0.53043,12.2411,14.1356,30
3686,3.27912,0.363452,6.06614,5.43423,20
9087,2.86362,0.515507,9.88385,7.23706,10
6636,3.35117,0.538761,11.9714,12.9191,300
9583,3.19448,0.878349,14.9386,19.3051,30
7270,2.77094,0.964658,13.4648,15.2935,750
2003,2.62732,0.444873,7.2996,10.3981,10
948,2.87862,0.724653,9.23049,22.64,100
6180,3.1753,1.08346,25.1539,24.3719,5000
1960,3.05875,0.242706,3.9684,12.9779,20
8056,3.07264,0.881977,20.0893,21.6238,500
5695,2.77432,1.11845,31.0089,20.944,2000
5861,2.89932,0.986683,19.6352,22.1763,5000
5,3.2649,1.07104,19.1046,21.2019,20
377,2.94108,1.23262,30.4124,29.1694,300
798,2.71576,0.67327,9.77048,16.9861,20
6053,2.78071,0.347768,9.35764,13.0088,100
6287,2.84443,0.727479,17.9691,15.2762,150
1071,3.41846,1.22461,27.053,27.9707,75
117,2.81674,0.977294,23.2967,22.7572,500
3258,2.95775,0.739438,12.0578,15.6512,75
9024,2.85836,0.564621,13.254,10.3507,20
979,2.99688,0.65362,16.7897,11.6548,1000
8927,2.70184,0.614964,17.0662,13.5624,30
1633,2.70647,0.972984,13.5631,27.5287,5000
5950,2.84058,0.12905,8.21091,4.41348,10
2760,2.87944,0.72433,15.9881,10.651,40
9557,2.91117,0.927257,19.1081,27.8963,500
9033,2.93665,1.07773,18.2196,27.3983,5000
8575,2.88097,0.845021,17.5952,13.7736,75
4398,2.87677,0.982915,20.9586,19.9832,2000
5967,3.41454,0.648825,8.90483,20.8962,10
6393,2.7508,0.327716,9.75429,6.49278,40
586,3.31229,0.420303,10.312,22.4058,10
4600,3.16868,0.560191,14.8061,13.0403,100
9013,3.18238,0.597458,15.7597,17.8114,20
8894,3.49428,0.842926,16.4524,15.7527,40
9605,2.92038,1.09215,38.541,20.9501,3000
5487,3.93097,1.1843,24.9151,20.3136,5000
5924,3.32931,0.633488,15.8733,12.4238,10
7190,2.81297,0.921321,14.4962,18.4465,150
4703,3.16863,0.702221,7.78819,22.1638,10
9163,3.04503,0.53213,9.09645,13.2135,150
7864,3.25213,1.05396,20.0255,17.6914,5000
2049,2.82201,0.843648,19.4203,17.8033,750
1048,3.65478,0.851207,14.953,31.117,1000
3543,2.91286,0.491277,10.1403,12.8047,30
9955,3.21273,0.835612,21.9558,13.4021,300
6555,2.89828,0.902941,19.6368,14.4357,20
9484,2.94197,0.780721,19.1645,21.5496,500
1428,2.96559,0.643831,12.197,11.7951,10
1300,2.79956,0.948116,22.9252,12.651,1000
9777,3.51705,0.737217,22.2868,13.7265,40
9931,2.4741,0.412361,7.24326,6.73073,10
1097,2.7294,0.699837,14.5288,11.6917,500
8801,2.80123,0.859422,17.9779,16.5945,300
8260,2.75281,0.68132,21.039,13.2247,50
8357,2.87812,0.773636,12.7618,24.3153,30
4579,2.91668,0.880116,15.9718,24.5654,5000
898,2.88659,0.443268,7.70488,4.30534,10
2771,3.50632,0.934305,20.3931,18.7328,20
8706,3.19876,0.395929,12.7359,13.7773,75
197,3.01218,0.152485,2.91015,24.1765,20
5754,3.03403,0.784077,13.1127,17.4042,500
7527,3.04035,0.595231,9.61794,12.6776,40
2418,2.59713,0.255808,6.01674,4.78399,10
9321,3.2465,0.42862,18.4291,10.2932,75
5684,2.969,0.973552,23.9948,18.4016,30
6561,3.15152,1.11702,22.71,23.2369,5000
168,2.973,1.15999,21.6176,22.1351,20
7022,3.16327,0.959228,17.8813,23.765,500
4899,3.3197,0.80741,17.8157,16.4921,10
9729,3.07754,0.494166,7.4091,21.9127,20
8231,2.7923,0.719041,16.5243,13.5754,40
6419,2.95386,0.569368,11.3337,8.7083,10
9433,3.16588,1.02463,19.3123,16.8744,5000
3100,3.43804,0.780321,17.726,15.1996,10
5579,2.76258,0.857098,11.9808,20.1722,75
239,2.77923,1.09586,24.584,24.8827,750
8117,3.29084,0.78227,13.7399,8.93927,750
2868,3.07734,0.550314,8.81074,26.551,75
725,2.81872,0.793422,12.7778,14.3665,150
4355,2.84795,0.205373,3.95333,21.4882,10
5485,3.52016,0.860013,12.5585,13.8073,150
3325,2.6272,0.152114,4.04013,3.94808,10
4188,3.41799,0.580256,12.5567,13.7161,20
719,2.96054,0.897844,20.7361,15.1196,200
9651,3.21219,0.883137,15.0461,13.9444,10
479,3.07341,0.994836,16.3604,18.2307,3000
4221,2.7975,0.950611,20.6432,20.6441,5000
7689,2.7795,0.878009,18.5534,15.1864,100
8956,3.52481,0.930958,19.34,14.3317,100
1027,2.62947,0.229736,5.92384,5.8761,20
9496,2.89893,0.414222,6.04755,6.29019,10
6090,3.02495,0.464342,13.0346,11.8718,75
3287,3.25116,0.96061,21.3347,21.4365,3000
1820,2.80065,1.06399,20.333,14.8693,3000
8256,2.81592,0.89989,15.1718,16.1056,5000
6600,2.8095,1.05138,19.0765,28.3362,5000
8874,2.85051,0.940589,22.8292,24.1798,500
1499,3.32228,1.05476,17.2386,17.6135,500
3803,2.89022,0.100572,2.98501,3.44741,10
4702,3.13363,0.925971,24.0763,14.3255,750
5488,3.31152,0.946611,16.1891,17.145,1500
5438,3.01507,0.702096,13.7979,21.3439,10
9613,2.85825,0.529986,18.448,15.988,20
2192,2.99715,0.724217,15.4698,11.7908,10
7427,3.16351,0.911363,17.1177,12.0231,3000
911,2.68586,0.548962,14.5229,8.66517,30
7879,3.26669,0.787497,21.6007,16.2391,300
9346,3.2825,1.01351,22.3374,17.8565,1000
7314,2.88655,0.569834,11.8887,14.6825,20
9567,3.54383,0.939065,24.1443,21.3425,5000
1968,3.05059,0.715912,11.558,9.3044,200
830,2.87365,0.560867,8.80389,10.8383,10
7713,2.96357,0.70235,14.9103,16.6769,75
3986,2.75148,0.324611,7.46374,5.72601,10
7076,2.93026,0.853588,24.7282,11.5949,100
6335,2.92763,0.934683,21.706,15.626,750
7759,2.70957,0.69563,15.406,13.7365,40
9771,3.02532,0.371025,10.9505,8.81528,30
7926,3.06255,1.06443,18.6025,18.2932,1000
4760,2.77403,0.943172,13.9426,14.3803,500
5462,2.85657,0.518979,8.25482,14.6209,10
9305,3.31335,0.581979,21.4634,16.1474,500
9835,3.06801,0.6322,13.6225,19.4997,40
3352,3.42932,0.990828,23.2233,20.7524,500
4408,2.6968,0.386688,19.312,20.1706,40
2625,2.74097,0.874153,15.0529,24.5602,40
106,2.82597,0.894282,12.4863,12.978,100
7787,3.41538,1.07652,21.6151,21.3932,3000
2016,2.7576,0.645075,9.10685,19.2612,30
8827,3.26227,0.870492,18.0976,22.471,1500
7057,2.90622,0.629541,12.973,24.3838,300
7016,3.44212,1.02788,27.7089,25.1541,5000
8010,3.29075,0.927329,20.9617,18.5096,500
7835,3.25663,0.966214,30.5067,31.1546,5000
9254,2.82526,0.631232,10.7445,13.1493,40
6350,3.13741,0.859443,14.7,22.4344,750
8824,2.65499,0.446397,7.60808,6.64147,10
8730,3.15555,0.52929,18.7838,9.97477,100
2286,2.82404,0.876042,17.2324,10.3415,75
9318,2.8998,0.940851,19.1241,21.828,300
8122,3.51047,0.909369,19.668,19.6371,5000
3990,2.99695,0.442685,10.2594,15.1569,40
7047,2.76901,0.860674,15.932,15.9535,150
8337,2.98465,0.603268,7.68505,11.861,10
8620,2.8267,1.06771,20.3742,22.0037,5000
6092,3.1183,0.923368,21.4311,13.7048,75
3714,3.29741,0.730658,17.2305,20.8764,100
1407,3.14655,0.819194,16.9664,14.6735,75
5968,2.82491,1.06323,38.2733,28.2646,1000
4384,3.09532,0.649118,12.0324,13.3403,10
7312,2.85075,1.05199,17.6409,12.0633,1500
8587,2.87541,0.753562,20.6829,17.0581,50
604,2.95546,0.541439,11.0454,8.7647,20
78,2.93386,1.00893,20.964,16.4493,30
9552,2.79068,0.930232,17.1795,15.3992,75
1544,2.6772,0.742727,14.8292,13.4612,10
4236,2.92424,1.0918,23.6009,16.1798,5000
4599,3.39291,1.11814,26.4884,32.6781,1000
3294,3.31135,0.839939,17.2229,14.9766,75
9183,2.95077,0.447015,11.2863,28.5488,75
7088,3.2127,0.988841,18.6674,16.5553,750
4980,2.87544,0.924816,16.2454,15.0044,750
5035,2.90136,0.964769,19.1502,13.6824,2000
3532,3.36254,0.967916,18.477,18.0942,750
1364,3.01722,0.784067,17.8325,15.4424,30
8157,2.88872,0.730316,9.73518,23.2959,50
2078,2.86658,0.918742,25.9136,16.5773,300
2139,3.2819,0.4225,11.2314,7.27206,20
7467,3.10259,0.681134,9.68373,10.966,100
2858,3.18462,1.00175,23.06,16.6961,200
1858,3.11372,0.454414,4.38409,22.5042,20
5618,2.92683,0.581582,10.3298,28.9449,30
5237,2.88418,0.647884,16.1337,16.7643,150
4353,3.08841,0.774486,21.5039,16.4445,10
8131,3.3082,0.622667,12.3921,14.7805,50
6623,2.80104,0.987295,18.7174,27.7661,40
3712,2.88974,0.522097,8.91844,12.2981,10
1007,3.05402,0.873155,17.3664,15.3672,1500
1193,3.06499,0.928421,18.2558,16.3588,300
7326,3.1688,0.846399,16.4783,14.5762,3000
4864,3.12534,0.994918,16.7173,24.1194,500
3743,3.0095,0.708094,13.4347,20.6659,40
9058,3.24113,0.966728,14.3756,21.6477,500
1146,3.11576,1.11285,25.2153,24.5273,5000
8415,3.28303,0.615485,11.7689,23.4959,10
9364,2.72492,0.474241,11.1037,9.85223,30
775,3.22661,1.05297,20.6913,12.8689,3000
5323,2.91523,0.847018,17.2791,15.7934,750
4826,2.79783,0.41095,19.9202,15.6479,100
6960,2.84384,0.505915,9.61001,14.2761,30
4538,2.87623,0.932774,19.2393,18.7126,1000
3621,3.22039,0.879664,17.3842,16.8647,300
2703,3.2603,1.02588,24.1006,26.3414,150
8637,3.21219,0.642543,12.0041,18.0854,40
1945,3.29243,0.616231,12.0411,11.7953,30
4427,2.80609,0.946624,29.0865,16.0179,750
8993,3.14303,1.02144,18.199,17.3206,2000
2344,3.74295,1.08053,22.6966,34.8511,5000
4617,2.86895,1.1217,32.5983,19.637,2000
929,2.90017,0.912231,25.1628,27.0493,3000
2156,3.00343,0.915476,18.4242,19.1256,500
7532,3.07513,0.667107,11.4844,30.9078,10
7399,2.69243,0.29429,12.6083,7.57562,30
8674,3.36291,1.08824,32.0448,19.011,2000
6495,3.24382,0.898054,18.1754,16.2148,20
648,3.18024,0.894092,19.6564,15.1877,75
6099,2.85018,0.607662,13.1307,14.1575,75
3024,3.35046,0.928093,15.3205,17.1314,3000
2898,2.81782,0.984922,25.0055,17.2203,750
1322,2.99459,0.776695,13.2569,14.6992,20
4963,2.91754,0.833734,22.7289,16.1375,300
4200,2.78442,0.996892,23.2492,20.5598,1500
351,2.76431,1.00303,29.6305,18.425,5000
6790,2.99658,1.00561,23.8692,28.3095,300
3180,2.96349,0.705587,16.0768,13.4046,50
6506,3.12267,0.807751,8.73695,13.8382,30
5928,2.893,0.604184,11.9331,9.13372,10
5822,3.00295,0.464123,5.82854,7.14657,10
2883,3.2529,0.988733,17.4502,20.1754,2000
4565,2.96107,0.660823,14.2688,16.5702,150
2167,2.83673,0.915367,11.2256,18.7712,1000
7664,3.52822,0.753066,16.0245,17.5751,1000
9330,3.09516,0.932065,13.9008,17.8087,1500
5337,2.88532,1.04716,27.5958,21.289,5000
8676,2.849,0.691028,12.7247,9.54317,100
9246,3.17632,0.51471,7.98524,25.5808,10
5953,2.83263,1.12943,23.347,22.0344,5000
8153,3.37163,0.797298,15.2887,22.5683,200
9650,3.51635,1.04957,26.9029,26.9187,5000
8809,3.31793,0.913109,34.1522,17.5252,3000
5339,3.04293,0.847616,17.3988,20.8657,500
7424,3.02579,1.04279,33.2099,13.5649,200
7099,3.129,0.463169,8.23582,15.6852,20
3688,2.64744,0.354676,7.21345,6.72189,10
4076,2.88198,0.828049,18.8565,20.0681,300
7375,3.15338,0.504143,8.57745,18.8313,75
2820,2.92639,0.763871,18.1472,11.9572,300
472,2.95633,1.00924,19.9943,16.0138,5000
8455,2.97809,0.352388,5.10228,7.14237,10
9242,2.81711,0.735617,9.11708,13.7923,300
9823,3.09866,1.00114,17.2125,19.6622,150
1634,2.77356,0.635346,9.64165,9.8208,30
6619,2.48131,0.314111,12.5594,8.4948,20
7828,2.74465,0.314492,9.42401,9.43422,10
8386,2.89102,0.602112,14.9855,18.9081,50
5934,2.7843,0.749069,16.865,30.437,3000
5788,3.13754,0.679484,10.1926,11.6451,10
5158,2.84521,1.07414,24.6056,13.7331,5000
8830,2.82235,0.642396,8.60287,7.67218,20
3999,2.81572,0.494758,9.72518,28.6343,30
1465,3.40046,1.00241,33.1384,21.608,300
6677,2.7517,0.498721,11.574,20.7371,10
9412,2.91908,0.649968,12.1518,14.1465,30
838,2.81562,0.35253,10.1397,10.3782,30
515,3.08938,0.477504,11.8121,9.46547,50
9519,3.19643,0.612778,8.29945,18.8652,10
8460,2.95389,0.764481,15.4286,21.8852,40
331,3.16103,1.00261,27.8314,15.8093,2000
3534,2.7791,0.927931,25.831,16.2957,1500
6219,2.81223,0.735448,13.6565,24.9787,10
7253,3.08163,1.04248,23.3736,18.6401,20
3548,3.53172,0.795055,11.296,22.6138,200
1525,2.766,1.01019,19.9381,19.8485,5000
9066,3.21427,0.706086,9.48184,26.8588,10
9147,3.48196,0.950417,17.2683,16.2465,100
9274,3.32001,0.697981,12.5489,16.0996,20
9976,2.8892,0.719811,8.56359,23.8257,10
4018,3.18806,0.9318,20.6625,13.7323,300
2886,3.11436,0.44875,9.96273,20.7678,30
6376,2.82626,0.745648,14.7342,10.9641,50
3009,3.065,0.750849,15.9083,13.3013,100
387,2.79443,0.170247,3.50103,4.23324,10
2420,2.90664,0.975612,31.2258,21.4063,2000
4084,2.8464,0.827759,21.5735,16.2744,150
5890,2.75897,0.450732,5.84098,10.6239,10
6718,2.93674,0.639468,15.5335,8.12652,750
9753,3.24008,0.976292,38.1717,18.9949,20
5434,2.92015,0.60769,11.0538,16.8916,750
5804,3.50456,0.511378,15.6265,13.785,75
5937,2.74822,0.579515,10.7769,8.54506,75
3494,2.65387,0.819065,20.427,14.2259,75
2023,3.08649,0.83054,15.8937,26.0097,50
294,3.10016,0.905811,12.7847,19.2726,2000
6364,2.80618,0.868271,17.6236,27.5858,2000
3645,3.27256,0.861919,20.8233,13.0559,1500
9604,3.2604,0.372785,10.9787,9.53405,40
9925,2.59741,0.54014,8.76667,6.69482,30
7896,2.82374,0.6582,10.3731,20.2683,30
7783,3.28517,0.911832,16.897,15.585,500
9714,2.85993,0.523848,6.19462,5.14248,10
2677,2.82098,0.316642,5.32118,15.5548,20
7526,3.35182,0.692368,14.4539,17.1785,30
5328,2.94635,0.306336,7.58322,17.0601,75
9619,3.63581,0.919623,22.1096,20.5787,750
4185,3.20344,1.10558,31.4571,17.7188,5000
1875,2.92142,0.639202,10.446,17.1014,100
4657,3.08896,1.04949,27.6014,16.7176,3000
8253,3.38593,0.727925,20.0555,16.2896,10
3530,2.81769,0.77154,13.7746,15.9837,150
6397,3.03955,0.342467,6.08175,6.77205,10
4498,2.92337,0.769442,16.6494,16.578,30
1228,3.17786,0.604214,9.26521,15.5909,20
9715,2.86887,0.912769,27.3877,15.0078,500
733,2.84375,0.648464,14.0189,21.0375,300
1295,2.70956,0.76096,13.2749,16.6823,300
3183,3.06396,0.770454,13.0272,17.8161,75
5844,2.90697,1.03829,21.5189,16.7782,100
4929,2.74052,0.301079,15.9962,11.2536,10
1333,2.90801,1.05652,19.2363,17.3245,300
399,2.8649,0.122394,2.60834,4.36881,10
289,2.45263,0.191572,4.68484,3.34354,10
5777,2.81024,0.437211,11.026,5.60176,10
5717,3.18169,0.471528,18.4886,12.8842,75
7453,3.16929,0.915226,11.9063,17.6943,500
3839,2.81382,0.862037,18.7702,13.0005,200
2770,2.79577,0.61857,9.61106,22.6143,20
2452,3.33027,0.649388,9.98384,14.9214,40
2843,3.09285,0.767741,17.4762,18.6452,75
3944,2.82004,0.30323,6.47366,29.7559,30
700,2.902,0.816854,20.9331,19.2155,1000
7907,2.91262,0.881285,18.1209,21.2956,40
9694,3.25029,0.299925,5.142,12.3708,20
5026,2.8346,0.917247,14.2425,17.993,30
8661,3.2621,0.940893,12.7916,22.2528,75
316,2.85742,0.507706,13.5449,14.6712,30
2356,2.82064,0.460382,15.1632,14.3046,40
9868,3.15599,0.35952,7.3476,5.66661,10
403,3.19162,0.867648,22.8909,18.3288,75
6457,3.29888,0.836171,19.7312,17.0405,300
6210,2.82975,0.917792,16.1651,16.5178,75
4901,3.33121,0.75219,14.403,11.596,5000
3410,3.18885,0.746281,21.368,21.103,30
9702,3.19872,0.697469,8.99048,23.4348,75
2631,3.06487,1.073,20.3093,17.9873,3000
2111,2.79579,0.419925,6.98401,32.2946,10
8833,3.36085,0.606804,14.5752,10.2656,500
8608,2.85052,0.89368,17.9822,19.7851,3000
1674,2.83535,0.916313,17.9569,24.2878,200
4525,2.74677,0.697275,12.5552,13.2529,50
1350,3.27279,0.93456,19.5534,20.4756,2000
2553,3.31067,0.991234,14.3705,20.0464,5000
4990,2.71101,0.45786,9.78213,7.32913,20
9381,2.86973,0.446019,7.63038,5.49105,10
3729,2.79563,0.493983,7.79325,14.6671,20
8237,3.18118,0.42624,10.3871,18.475,40
5230,3.02277,0.46565,10.385,9.6743,30
6325,3.44938,0.815259,17.0233,11.7278,300
4375,3.38852,0.930225,26.7259,15.3674,10
1189,3.15157,0.624797,17.9881,12.4964,2000
9067,2.9723,0.624092,12.2081,7.96548,50
8275,3.31994,0.917419,20.5362,17.0964,1000
5886,2.84378,0.856993,13.9699,16.1982,300
5860,3.14975,0.748847,28.5116,19.3925,1000
8142,3.11101,0.829346,15.8238,22.098,30
801,2.98855,0.242031,3.72165,5.46435,10
8468,3.15878,0.602957,17.4008,13.8353,40
9046,3.09671,0.511303,9.45166,24.8628,10
2464,2.99235,0.943975,28.0845,17.9427,300
5636,2.92062,0.583931,14.6725,10.867,10
5895,2.93027,0.593302,11.9461,9.95582,20
4913,2.75224,0.107649,6.22613,12.2428,20
1293,3.14505,1.02586,18.8,13.8277,1500
2387,2.84449,0.695388,16.6663,17.7042,500
6534,2.71655,0.684632,10.0453,8.02488,10
5114,3.22248,0.761598,21.4223,14.5584,50
659,2.80115,0.812735,12.656,16.9462,75
6282,2.97283,0.762161,9.50921,16.9023,30
624,2.80862,0.97024,17.0954,14.2653,1000
4683,3.39465,0.610193,10.4021,10.2047,20
530,3.37527,0.654289,11.1751,10.5087,20
5958,2.68674,0.855516,18.2691,16.2515,750
4067,2.73958,0.784097,11.4543,13.6991,10
6994,2.91297,0.937978,24.2589,12.3684,150
8290,3.08229,0.501526,9.76338,12.7487,40
6537,3.31662,1.14984,28.4112,30.9476,3000
4288,2.86825,0.917381,21.8611,15.156,10
9792,2.85065,0.663493,16.5734,14.6277,100
5557,3.07976,0.436252,5.87943,5.2657,10
4029,3.52496,1.10076,17.266,21.4972,5000
6939,2.92295,0.673676,17.5374,9.62132,30
5661,2.92834,0.664545,12.9375,18.2747,75
5082,2.79813,0.569915,9.70321,22.5461,50
6414,3.53061,1.09363,25.2727,19.0905,2000
1029,3.38136,0.93999,20.3799,22.9848,1500
5827,3.16141,0.765416,14.0687,11.625,30
6714,2.83671,0.874947,26.7229,22.1603,200
251,2.97244,0.561972,12.6428,10.0339,10
2413,3.03622,1.05865,20.0828,22.765,500
4733,3.0051,0.576621,15.2352,12.1641,50
7135,3.44448,0.904441,12.6262,21.4741,100
6654,3.31756,0.339755,8.39058,12.6101,20
2845,3.42426,0.693327,8.39446,22.7854,10
6837,3.22071,0.782014,15.6682,17.3656,30
2162,3.07545,0.827657,21.3363,14.9852,1500
8704,2.94325,0.988029,24.7421,13.2899,500
6339,3.00043,0.992344,20.5575,17.363,500
2341,2.94787,1.14921,34.924,21.1519,300
4528,2.85354,0.583795,14.8379,12.2044,500
1200,3.2187,0.690382,11.8908,12.5234,20
764,2.91929,0.945203,17.7581,17.2743,2000
213,2.78597,0.519162,18.5323,15.5909,40
2150,3.24814,1.03345,22.0697,19.4216,2000
714,3.01528,0.680146,15.1679,13.1569,20
8411,2.88213,1.08365,26.3887,15.6285,5000
4965,3.26073,0.497424,7.34102,16.2967,10
5716,2.8105,0.91663,16.1228,19.4644,300
4983,2.79239,0.469781,7.99121,11.4107,10
7049,2.99373,0.825381,19.0574,22.2959,500
7231,2.7854,0.626172,15.5236,18.1158,100
7533,2.75723,0.595138,11.7742,15.8618,10
8705,2.7846,0.780557,15.9695,13.4772,30
92,2.8426,0.990718,15.3085,18.8771,150
720,2.75976,0.58765,11.37,10.1013,10
366,3.36138,1.00927,20.182,20.4644,1000
2577,2.82574,0.169994,4.39606,2.30592,10
5906,3.49978,0.394887,7.47805,15.8342,20
4779,3.20908,0.793332,18.4158,12.4859,75
4414,2.76977,1.14531,22.1381,17.7099,5000
9086,3.17887,0.582668,12.1055,18.4597,20
7199,2.80405,0.674055,16.0135,12.5203,150
4037,3.12076,0.849999,15.6805,17.2215,75
2328,3.20065,0.882965,24.5089,21.4108,5000
2593,2.78077,0.929709,24.1154,22.9256,300
6007,3.15314,1.01548,21.0759,18.0845,1500
1672,3.15163,0.739006,17.4639,16.041,750
4707,3.30427,1.00335,31.0302,18.0031,1000
103,2.77538,0.879968,20.6938,13.8524,75
451,2.89977,0.987478,17.3399,23.0495,5000
3506,3.44064,1.12595,26.8471,40.3628,5000
4943,3.15919,1.11374,20.5562,21.6834,1500
8093,3.13523,0.558495,10.3772,15.6307,2000
817,3.0989,1.02046,23.2655,17.4165,2000
5536,3.26759,1.13026,19.7069,20.5511,3000
9535,2.73058,0.523091,9.02941,8.26152,10
3559,2.75942,0.595856,13.6389,21.8124,30
8757,3.29035,0.684528,13.1243,27.3979,50
7257,3.23201,0.854991,13.5575,16.2102,30
5706,2.89238,0.856287,20.0438,17.9983,2000
9855,2.93424,0.81283,15.6993,15.1894,750
1204,3.17135,0.518929,9.41538,11.3033,20
3048,3.19628,0.706151,11.4009,20.0128,40
7760,3.06946,0.870708,28.5441,18.9705,30
6270,3.16622,0.379819,9.73134,8.96647,20
2584,3.00643,0.698338,11.2122,6.82079,10
4650,3.19686,0.617337,12.2122,18.6897,300
779,3.12999,1.08999,18.7279,17.4547,2000
1110,3.0936,0.522982,8.37477,6.78278,75
9986,2.96414,0.679464,23.1075,10.9804,100
8715,3.11453,1.145,27.8838,19.5948,5000
45,2.75987,0.710997,19.4929,16.4199,30
1065,3.18331,0.408314,12.4315,7.79755,20
1045,2.79571,0.818163,20.4467,15.1929,500
957,3.40962,0.661134,9.1908,6.56018,10
9311,2.84573,0.366175,7.53703,22.1509,10
360,2.90736,0.885346,19.592,11.7582,500
753,2.90192,0.74946,12.3385,17.2008,50
752,3.19796,0.555679,21.0544,13.5669,75
7575,2.91109,0.873166,28.1344,17.3017,5000
715,3.14576,0.852154,19.4236,16.3962,500
4869,2.79504,0.809213,20.3241,19.7299,750
6152,2.95759,0.471131,8.05011,10.6674,10
4581,3.11002,0.605834,11.4958,13.0974,200
996,2.91059,0.814768,12.0771,19.9776,750
475,2.91785,0.922723,12.0646,23.18,500
5049,3.26518,0.642076,12.0575,22.3299,30
9262,3.02691,0.696127,11.6592,36.5401,40
232,3.48526,1.06656,22.3861,22.9743,500
5944,3.12943,0.286758,8.89547,8.45902,10
4648,3.01537,0.550872,10.8218,10.9046,10
250,2.78628,0.813737,18.165,20.4964,100
709,3.03707,0.534384,15.4232,15.2822,500
3179,3.44277,0.534925,14.7379,13.3514,150
1398,2.80181,0.991152,24.4672,13.9953,500
5639,2.77355,0.965032,21.8205,15.1903,1000
4460,2.77726,0.763099,11.4603,23.7778,30
9328,2.86343,1.04423,24,20.7262,750
6708,3.21484,0.755293,13.879,25.4935,1500
9068,2.92222,0.724699,14.3924,19.9975,300
4418,3.21604,0.92064,22.3472,24.2195,500
6604,2.77081,0.564651,10.5362,22.1546,20
6116,3.62225,0.884843,9.47301,20.9286,50
7378,2.90991,1.14021,22.4041,16.0669,5000
375,2.81848,0.529904,12.0606,7.86155,50
9999,3.34371,0.808361,23.4306,14.3583,150
5446,2.80361,0.826508,14.6101,22.9339,750
165,2.83243,0.802229,11.752,19.9935,40
3601,2.77202,0.551614,11.134,9.37478,30
7862,2.93196,0.653174,13.2802,23.1302,3000
1837,2.92925,0.482042,8.69491,7.66651,10
4912,2.95648,1.00111,26.0416,23.6481,500
7910,3.04671,0.781433,16.6073,8.60327,75
370,3.04989,0.522323,9.269,8.66545,20
7343,2.87014,0.973258,18.1841,18.1979,5000
4092,2.96628,0.659126,9.04292,10.8229,150
1232,2.7824,0.960053,15.9487,23.7621,300
8484,3.4756,0.874069,18.1999,14.3724,10
787,2.96209,0.847914,17.0238,17.5216,50
3885,2.95019,0.591574,10.3337,15.9027,10
5098,2.97963,0.143733,3.19203,20.4841,10
5965,3.3953,0.274726,8.06799,14.0415,30
357,2.79985,0.93306,19.5083,14.5864,75
9615,3.28924,0.821682,20.6116,16.0371,30
9,2.9026,0.957203,17.927,19.6912,1500
1057,3.3756,0.932098,19.9374,30.7177,750
4309,3.0181,1.09787,29.2299,22.4799,1000
16,2.70007,0.324797,4.53658,4.53658,10
4566,2.95469,0.922769,13.5202,18.9513,750
6528,2.88476,0.998879,23.2735,19.7782,750
9745,3.23362,0.990548,24.7306,15.2069,1500
582,2.84665,0.739718,11.7856,20.9974,20
1528,3.14644,0.567146,12.0194,13.8925,10
9960,3.21881,0.756893,11.9245,22.0893,20
578,3.18361,1.04853,27.8324,22.7715,5000
8574,3.21129,1.13785,28.0423,20.197,5000
6836,3.10812,0.958803,29.3281,14.0216,500
3415,2.69775,0.36318,8.36958,5.86096,30
3074,3.22722,1.12784,24.8645,20.0374,5000
9862,2.78056,0.761415,16.8055,16.2187,10
6189,2.9705,0.807212,14.676,11.7788,40
5494,3.19959,0.798706,9.05171,24.1144,20
7412,3.21156,0.816008,11.8642,18.1845,150
4198,2.95981,0.976508,19.8677,26.308,2000
1920,2.73817,0.51598,8.33323,10.4051,100
3600,2.86193,1.01655,22.166,17.0261,750
4783,2.80123,0.836841,16.5594,12.5527,100
9347,3.04755,0.751147,13.4354,18.8797,300
8511,3.01881,0.788813,14.8945,11.7642,30
8048,2.767,0.71546,11.2353,16.8298,30
1916,3.43077,1.08608,24.651,31.3056,5000
5969,2.50044,0.273097,5.4595,5.42255,10
85,3.07514,0.53941,9.20812,8.8562,30
585,2.90117,0.576478,18.9715,11.8072,50
8008,3.10513,0.897022,18.6452,18.4448,3000
4623,2.70255,0.433389,7.96353,13.0908,20
8215,3.20281,0.980654,23.7488,16.747,2000
5370,2.80217,1.0653,31.8934,28.5287,5000
6767,2.86507,0.548156,18.9166,13.2384,40
4008,2.80906,0.91669,27.8212,20.7948,750
1836,2.66508,0.62707,12.5792,12.7654,10
6338,2.98076,1.1185,31.9577,25.1304,5000
5243,3.17305,0.884382,21.2013,17.6888,500
7432,3.13426,0.597376,12.0167,8.94402,75
3733,3.32299,0.953348,20.1933,23.8885,100
4968,3.22859,0.581992,7.88672,18.346,10
9255,2.73957,0.658609,18.0869,16.5657,300
5987,2.92855,0.128056,6.51152,5.71861,10
1846,3.27352,0.888154,14.2438,18.0711,1000
8965,2.78685,0.526192,10.4738,8.0327,30
5633,3.1757,0.724668,11.2574,26.1671,100
1726,2.81286,1.10417,23.2343,23.5856,2000
6827,3.44166,0.88497,15.15,25.9908,75
7324,2.96105,0.877273,18.1106,21.0171,300
6233,2.96598,1.12262,16.5027,23.4934,1500
6490,3.1027,0.567299,7.50581,8.37504,10
7416,3.08928,0.446388,10.6721,18.8128,200
5539,3.16388,1.09467,27.4418,22.0504,1500
7714,3.26761,1.06556,24.834,22.5796,5000
9104,3.49677,0.911466,12.6074,22.7797,1000
1409,2.94297,0.524289,8.67482,7.6658,20
5904,3.2144,0.547138,12.8364,8.79933,30
2147,3.13259,0.940093,19.6479,15.3996,200
1605,3.00008,0.935408,18.4671,15.674,20
566,3.30318,0.610157,14.6631,17.8983,200
3217,2.71721,0.629797,13.3107,15.732,10
1994,3.12353,0.923265,34.7496,23.4754,200
7423,2.90348,0.601887,22.0812,17.8409,300
8141,2.80354,0.582207,14.364,18.8161,20
1107,2.81198,0.568434,9.16679,5.21741,30
102,3.3465,0.922296,16.6792,14.6182,3000
1604,3.01157,0.739461,12.3858,15.992,75
6711,2.9436,1.04167,22.3037,19.2029,1000
3267,2.98577,0.529226,10.8799,18.3838,20
3307,2.94299,0.852078,14.1954,18.5637,20
7179,3.14749,0.55454,12.7717,10.8642,30
6768,2.92347,1.02202,18.3948,17.4101,1500
8564,3.26981,0.559686,8.82513,13.1297,30
9940,3.31528,1.10086,20.7929,20.6455,5000
9757,3.08906,0.692115,13.1254,19.3887,500
9129,3.02495,1.11924,25.6499,23.8836,5000
8,3.29768,0.488028,8.16743,16.1855,30
7029,3.23324,0.571224,12.829,9.77089,20
964,2.79773,0.810316,15.4037,13.8979,75
6618,2.83424,0.384205,10.1859,7.69879,30
120,3.15657,0.561286,12.9399,17.25,10
7419,3.00222,0.47038,11.6728,28.4145,1500
7056,3.07828,0.528343,11.3523,14.657,75
136,2.98088,0.665503,8.85958,7.74872,20
3302,2.87218,0.486886,10.9809,8.59469,30
1422,3.0478,0.78944,19.9846,21.1807,100
8210,2.96833,0.408919,7.13566,11.5935,10
1791,2.82751,0.988921,23.0746,19.566,1000
1581,3.25252,0.733281,15.3739,21.8497,30
5798,2.8449,0.816698,11.5013,17.816,300
6230,3.06358,0.462626,10.5037,17.9997,200
9622,3.28674,1.09671,18.8977,13.8515,2000
7333,3.28613,0.707984,16.3814,11.536,10
5900,3.12231,0.342249,6.12056,28.8743,10
7970,3.23995,0.38478,7.46199,11.636,20
8744,3.10717,0.951702,22.2353,16.9733,100
9092,3.00659,0.799412,16.0972,14.2858,10
5547,3.0864,0.736489,10.8565,14.4187,30
8635,2.78018,0.911257,21.2576,16.1622,150
545,3.54141,0.708948,12.1746,17.1269,30
1003,2.78721,1.15473,25.8994,21.3507,5000
2734,2.9878,0.584468,12.1369,10.7412,40
5578,2.98885,0.536693,8.39502,7.25777,20
6999,3.15331,0.437931,11.326,7.51201,10
9911,2.79079,1.06365,21.9075,26.5157,150
3110,3.0629,0.49174,7.83214,10.7113,10
3462,2.84861,0.761844,19.7655,28.614,750
1962,3.2782,0.673961,15.5159,13.5305,10
3835,3.29221,0.895645,17.0275,20.1586,300
4987,3.32974,0.764547,14.0129,14.7778,100
6840,2.91868,0.811797,12.246,19.8406,20
4925,3.12405,0.726986,13.7945,13.2042,20
4455,2.92312,0.877017,17.922,32.4534,5000
6044,2.79564,0.898435,20.2759,18.6825,50
7771,2.90997,0.795941,22.5261,22.0668,75
2008,2.79821,0.407457,11.4873,14.6692,20
5184,3.01752,0.477455,8.42647,5.59352,20
2947,2.68536,0.635503,11.1908,7.92688,10
8952,3.00205,1.0753,19.3013,18.9825,1000
108,3.07079,0.45844,4.7884,16.4311,10
9935,2.98699,0.455515,9.30371,9.31428,10
2939,3.14697,0.520047,10.4301,18.4739,3000
6951,3.29469,0.862288,15.4149,17.6508,100
5074,3.16387,0.621525,12.1996,14.633,2000
931,3.02797,1.16515,26.0505,16.2131,75
4610,3.18074,1.05559,25.8562,22.3304,3000
8262,2.95244,0.673113,10.0436,20.1378,30
6183,2.93054,0.767136,11.8813,19.9972,500
244,2.87918,0.745702,14.1358,15.2509,40
4101,2.93863,0.771663,12.9515,10.8087,30
4540,2.81599,0.626001,10.1972,19.1456,30
5938,2.838,0.589159,8.86363,18.2216,20
5484,2.77355,1.11268,27.6561,14.1302,5000
1809,2.87254,0.672592,18.6079,17.2587,1000
892,3.35731,0.97206,16.9616,25.4713,5000
2966,3.03518,0.931627,27.0959,14.9925,3000
5217,3.18198,0.871944,20.2982,20.087,10
2450,3.11808,1.044,26.032,21.0137,1500
1797,2.89124,0.658811,14.3219,9.29222,30
3812,2.89699,0.919127,15.1703,14.7126,40
9037,2.79332,0.849128,17.1074,18.1799,2000
3535,2.90573,0.435592,14.0959,11.6263,50
6207,2.95689,0.988985,31.6627,25.3369,500
2822,3.45635,0.824993,19.7737,15.7435,30
6222,2.72325,0.880113,17.7349,18.2969,750
8958,3.21248,0.816124,13.4767,23.3393,750
666,2.95142,0.581804,5.20528,11.3147,10
4100,3.15437,0.85866,20.4479,12.961,3000
1927,2.72274,1.05174,21.2372,18.1252,3000
5718,3.25528,0.687283,10.0772,21.4648,10
3515,2.92292,0.461769,9.09591,7.49611,10
5362,2.86927,0.494832,7.41994,5.71343,10
1284,2.7776,0.914478,22.8624,11.5188,1500
1971,3.21364,0.256322,7.33657,17.2959,50
5028,3.23399,0.764078,15.9161,17.748,2000
9871,3.0057,0.548319,8.63529,10.7933,10
7883,3.30522,1.00224,18.1742,27.1009,750
9085,3.08737,0.558242,8.94967,11.6954,75
6737,2.81785,0.493788,4.81707,18.2395,10
9725,2.85732,1.01808,24.6679,13.4603,3000
9168,2.91048,1.1255,25.9584,20.9605,5000
7080,3.24113,0.962738,23.459,25.7194,200
6670,2.81804,0.596506,7.906,16.8589,20
735,2.75706,0.769978,14.3974,15.433,75
1187,2.826,0.713297,14.1325,19.8516,10
8276,2.91918,0.663171,18.7565,21.7581,100
2987,3.18926,0.371799,5.18935,9.51237,20
5876,3.27875,0.418244,11.2241,17.4581,50
9616,3.64181,1.07008,27.6981,23.0239,5000
3468,2.952,0.724702,17.8343,18.8168,1000
2185,3.17921,1.07092,25.0287,16.9993,100
3580,2.81981,1.10685,22.7704,21.8388,5000
394,2.98504,0.387554,10.7979,7.39872,10
6502,2.6358,0.284222,4.95854,5.00614,10
2073,2.98173,0.890523,20.774,18.8492,300
4167,2.78113,0.578596,7.235,18.3703,10
7481,2.94755,0.458167,8.54769,8.73573,10
4523,2.76634,1.04829,24.2804,15.9268,3000
4531,3.36691,0.649812,11.7079,11.5661,50
6267,3.3389,0.849386,15.5233,22.7803,1000
2140,3.13131,0.993037,22.1751,14.6783,30
4820,3.18016,0.652714,10.4414,14.7316,10
5796,2.85627,0.728379,17.5171,7.35978,150
866,3.24713,0.691418,17.538,12.8438,150
418,2.78447,0.384892,9.17424,10.6694,30
1037,2.70472,0.356908,12.2998,10.2928,10
8678,2.95535,0.765611,11.2439,11.4939,30
6616,2.90715,1.0839,21.855,21.2676,1500
4746,2.77783,0.98357,18.8481,14.6159,5000
6546,2.8311,0.610779,10.5867,8.15274,50
5350,2.69423,0.371313,6.45528,22.5183,10
9833,3.2045,0.546063,7.5211,19.2363,20
3111,3.00739,1.14168,28.0019,23.8144,1500
6080,3.03751,0.92465,25.1355,17.3428,300
3202,3.51547,0.360783,7.2024,23.0916,3000
7265,2.84915,0.970276,14.8184,22.9334,300
9490,3.16734,0.418454,6.87882,8.03723,10
8240,3.13629,0.920992,23.2966,20.2567,30
5518,2.95191,0.814628,15.5473,12.5812,750
7466,2.84555,1.18936,34.2802,28.3009,5000
8615,3.03736,0.871994,17.6692,21.5314,750
3679,2.78711,0.872831,18.1073,14.1048,10
9561,2.89969,0.865516,23.2979,13.4153,75
1508,2.80128,1.16672,22.6049,18.9373,3000
3315,2.72634,0.43866,9.89513,4.85819,10
6139,3.04782,0.504157,8.71728,9.55278,30
3659,3.28982,0.75487,20.4089,17.8859,200
3784,2.93098,0.780197,20.8669,18.6704,200
6105,2.94773,0.631178,13.0509,17.9657,40
4130,2.85987,0.917596,15.593,14.1652,150
7673,3.03631,0.30284,6.74325,14.0745,10
1869,3.16559,1.10018,24.4141,17.1768,5000
2707,2.94997,0.801634,12.2529,9.00729,10
3609,3.08695,0.451378,18.2443,11.1469,20
3558,2.74878,0.6632,9.83012,7.06713,75
4472,2.96655,0.788036,16.3221,10.9976,10
970,2.78667,1.23835,31.7684,20.9776,5000
1974,3.49414,0.927033,19.7474,23.8064,750
5134,2.82452,0.821513,19.2403,17.4517,40
1543,2.7583,0.662073,6.17694,16.2334,20
6950,3.02035,1.04709,20.5158,18.4444,5000
7964,3.21314,0.801025,18.5582,16.1139,40
6288,3.01701,0.738255,9.49,17.8196,100
1992,2.86823,1.03957,24.6881,18.5995,150
8493,2.89421,0.808275,12.4293,16.3948,300
1416,2.89719,1.01232,31.1495,16.5675,750
9009,2.7932,1.04587,22.6899,23.8939,75
7449,3.37057,1.09113,19.1194,26.3708,5000
5048,3.01426,0.480588,4.36833,6.93343,10
9596,2.80961,0.613171,8.07962,15.0855,10
3441,2.84335,0.766735,20.358,13.9775,500
3800,3.15144,0.401848,12.2312,15.6514,10
9152,2.85684,0.645478,12.8779,15.5897,2000
6796,3.15208,0.624564,8.59569,17.7438,300
5321,2.85901,0.475811,11.4079,7.55256,20
2117,3.0061,0.752418,8.76918,20.2653,10
4162,2.80166,0.509433,13.5807,36.2613,150
325,2.94581,1.06919,22.1804,13.0092,5000
2621,2.80208,0.838712,14.7698,17.2539,75
9698,2.71936,0.781524,15.5595,17.1658,500
2274,2.81552,0.711165,10.8482,15.2953,20
8725,3.07964,0.820079,16.1249,10.8297,150
270,3.27258,0.981393,22.0155,15.5527,50
8429,3.32907,1.11977,33.1119,21.3082,5000
8011,3.20886,0.158115,11.1106,14.8474,20
5218,2.88388,0.98753,24.6922,15.0149,5000
20,3.07909,0.879978,17.5016,17.833,5000
3573,2.87795,0.424668,9.50126,14.3469,20
6307,3.2101,0.849281,16.3563,13.0222,300
3868,2.83946,1.08216,22.2315,18.3412,3000
3583,2.99597,0.829502,15.7662,16.3278,50
7155,2.77355,0.604329,8.58824,19.7893,30
2860,2.87064,1.11957,22.57,24.2638,5000
6302,3.25976,0.440836,9.51705,10.7438,40
9099,2.74554,0.700985,18.2711,14.1133,75
5053,2.75481,0.597259,13.0818,12.7411,40
4081,3.1505,0.667501,13.6215,17.3141,40
7681,2.61802,0.698584,23.4484,15.3499,75
1616,3.16635,0.65961,12.0568,13.8886,30
3322,3.10368,0.844243,15.3242,19.4045,200
7422,2.98191,0.88014,19.4009,13.805,500
7943,2.86128,0.825248,14.274,11.7337,75
6331,3.03892,0.625189,14.6053,9.99754,10
3721,2.95666,0.845529,16.7223,13.2378,150
1296,3.42245,0.836308,13.3009,12.8458,200
8269,2.89144,0.599454,9.78177,20.0447,1000
428,3.00397,0.853944,28.6756,20.0784,500
3429,2.95964,0.386097,8.67346,6.4605,10
8177,3.49476,0.879595,21.3164,22.55,3000
8977,3.19888,0.861551,20.0369,16.4799,500
1697,3.18259,0.301462,7.30355,19.17,10
4979,3.51507,0.732451,11.2709,15.7362,1000
8573,2.97137,1.15497,21.4106,21.1307,5000
8378,2.8265,0.491414,7.96311,15.9676,30
6202,3.34261,0.865119,13.4194,20.8573,30
4019,2.86265,0.696571,14.9426,11.4289,30
1812,2.71237,0.89045,14.742,20.7568,3000
1250,3.15482,0.980149,23.3796,16.8399,1000
4902,3.46825,0.669116,11.2314,10.9831,10
6192,3.1357,1.0341,22.2179,19.9431,1000
1926,3.2905,1.16935,27.7184,23.6466,1000
1351,2.37639,0.280923,5.86977,4.96306,10
8026,2.79691,0.947169,17.125,19.0771,200
5885,2.77247,0.730436,15.6754,11.8545,300
4511,3.31566,1.04293,19.147,23.8922,500
587,2.66893,0.654556,13.3391,9.51486,75
2968,2.78043,0.132873,4.21724,13.8546,10
2107,3.31222,0.929501,20.7963,20.0363,150
4802,3.50698,0.716578,16.3404,17.4297,10
2547,3.42532,0.853118,27.6693,16.0379,40
3778,2.97068,0.634723,13.6361,11.3472,20
7027,3.37208,0.47086,7.76878,16.1806,10
8391,3.20808,0.962496,18.8141,15.7418,1000
4235,2.95314,0.375218,8.70474,8.40967,10
1316,2.90298,0.859474,16.3047,18.8739,100
2572,2.92046,0.695182,14.9617,12.8447,75
7556,2.81667,1.12634,22.1749,23.734,5000
3969,3.3568,0.915008,17.0318,13.9405,500
9590,2.81875,1.12598,36.8861,17.0523,3000
2687,3.18633,0.89963,21.2306,21.483,300
7737,2.86099,0.461172,12.4975,8.86871,30
8523,3.07858,0.691252,18.0576,9.36284,40
6520,2.90645,0.43762,6.32245,19.1192,10
7116,3.03556,0.932384,22.3617,12.4736,200
6549,2.77966,0.90412,21.5889,18.0998,1500
9736,3.26268,0.614995,9.87497,9.87688,20
4811,2.77333,0.591167,9.00011,17.1108,150
9534,3.00257,1.05192,24.4386,25.3175,750
3409,2.76259,0.551183,8.38911,23.1767,20
9582,2.78596,0.320671,6.16308,6.23836,20
1147,2.98748,1.04525,22.573,19.6735,10
7488,2.86172,0.791797,19.8111,12.942,30
4984,2.98762,0.82696,18.2584,16.6849,750
8501,3.18514,0.978011,19.082,25.5061,300
3046,2.84995,0.844968,16.2804,14.6253,2000
4533,2.86039,0.58696,9.20396,22.0451,100
1253,3.11134,0.43182,16.318,13.0619,75
38,3.02464,0.804949,15.0632,23.1936,10
7564,2.92551,0.672758,12.4221,13,20
2053,3.27499,0.639624,12.305,14.382,10
7911,2.87096,0.816115,11.3484,13.8655,40
577,3.30065,0.362263,17.4953,14.565,40
8182,2.92345,0.733154,18.1749,18.1104,30
6722,2.97934,0.57862,8.2751,9.74391,10
5667,2.96346,1.06722,21.0985,14.0057,5000
9187,2.82891,0.375356,7.87695,6.38096,10
1853,3.01261,0.461978,9.93168,9.1478,10
7404,3.35374,0.803587,14.2661,16.6693,10
9326,3.07862,0.86814,16.9408,22.5444,200
8690,2.88339,0.605468,8.36902,21.7369,10
3453,2.92577,0.940131,16.7316,18.3409,1500
4125,2.75056,1.0107,25.3051,16.7655,50
2340,3.23183,0.62996,9.45788,24.6696,300
236,2.80051,0.912037,14.8247,16.3069,100
3674,2.92867,0.618361,11.177,7.82438,30
9655,2.88946,1.1258,36.9276,21.5748,3000
6026,3.1211,0.694212,13.5209,11.4815,50
4855,2.96625,0.642714,13.6128,11.7167,100
7141,3.23144,0.805673,10.7981,20.3873,3000
9987,2.69964,0.566633,3.9295,5.2713,10
5573,3.32205,0.894287,23.4753,24.373,750
1393,2.92903,0.637056,14.9475,10.663,75
965,3.30275,0.839211,18.1391,14.0899,150
3422,2.78517,1.02492,46.5048,15.8162,500
56,3.0086,0.867896,14.5969,17.249,200
5418,2.97028,0.811309,20.6391,15.0906,500
9909,2.86456,0.836251,15.9282,15.3888,75
5755,3.19285,0.752458,16.8018,13.2117,40
6707,3.14551,0.751685,15.8805,13.1198,30
6274,2.74513,0.87544,16.8094,26.4986,40
7538,3.132,0.637992,12.0722,12.4275,500
9313,2.87391,0.953347,26.7895,18.3976,300
5540,2.9461,0.520555,9.93175,7.20278,40
4499,3.22113,0.886215,18.1969,21.426,1000
4396,3.0803,0.592693,7.30916,16.3068,30
4416,3.16441,0.73139,15.2002,10.4063,200
6841,3.12064,0.531485,13.9798,13.0327,30
4502,2.77355,1.07544,25.0467,25.5011,1000
2832,2.79942,0.694638,9.65628,16.1252,10
4350,3.20204,0.655048,12.673,15.6883,200
636,3.09443,0.142127,1.89591,18.2323,20
4232,2.92348,0.770423,18.4947,23.7305,50
6514,2.8779,0.613648,12.529,21.2268,10
8244,2.85189,0.578573,6.36154,28.6899,10
380,3.55065,0.420439,4.31635,5.69126,10
561,2.86385,0.594088,10.7671,9.96681,20
3848,2.85311,0.956016,14.8829,15.1309,150
4582,2.92919,0.600229,11.5214,22.8843,40
6034,2.7576,1.15173,20.7761,15.7023,5000
7316,3.23279,0.862206,15.4074,14.0303,40
9933,3.23399,0.899722,14.1257,12.889,750
8787,2.86725,0.911829,22.9312,24.2588,75
4909,3.2067,0.556801,20.4835,18.8688,30
6819,3.5153,0.770407,12.698,9.53381,40
4344,3.23312,0.440972,4.90264,6.92816,10
6133,2.80488,0.975549,24.5331,20.2968,750
2950,2.88908,1.12909,21.7889,23.8628,5000
1924,2.96351,0.46091,5.83433,4.14096,10
6607,2.96571,1.12933,27.4954,20.5083,5000
1719,2.75354,0.609116,10.2749,14.7268,75
8554,3.50307,0.89704,23.5106,18.3341,2000
6749,2.83155,1.02415,25.4198,15.7337,750
8998,2.85543,0.999125,20.6642,20.368,2000
234,3.22231,0.836172,16.0091,18.8392,1500
3098,3.17479,1.04579,24.6141,13.687,3000
8662,3.38117,0.414073,5.92919,19.6557,20
7230,3.19082,0.686142,13.1484,10.0693,10
5097,2.78407,0.619677,14.9942,26.6808,50
9669,3.08016,0.570141,8.44669,12.8466,10
1381,2.81469,1.09325,27.8435,23.2413,300
7118,3.18122,0.451507,9.62514,5.44251,10
2611,3.01277,1.04959,33.6609,15.0053,500
2718,3.20692,0.598526,9.30455,13.1147,10
4297,3.1088,0.749118,15.4167,12.1395,30
4543,3.16735,0.401179,17.8164,16.8419,10
7042,3.39605,0.364836,8.18025,10.9771,10
8877,2.4694,0.489018,9.13883,6.19701,20
2836,2.7636,0.386267,18.2925,13.3398,40
8791,2.76118,0.706691,14.9938,10.2789,75
2782,2.90228,0.671264,12.7426,15.6483,10
1279,3.02331,0.632311,15.1205,13.2659,20
6442,3.21344,0.856467,13.3294,10.135,40
920,2.95378,1.01899,18.4521,16.519,1000
3542,3.51546,1.05243,27.6698,22.4114,3000
2828,2.93016,0.447722,5.35623,16.092,20
5039,2.6067,0.694495,21.3,15.7287,50
5334,2.81522,0.405839,8.09777,7.97148,20
7614,3.30505,0.85487,14.5116,13.7799,150
4085,3.19147,0.217858,3.92194,26.2539,10
7952,3.21693,0.809,17.3809,20.2175,5000
617,2.98597,0.789802,19.4899,20.9572,150
3731,3.13664,0.948215,17.2707,18.9816,5000
1447,2.83381,0.842499,17.135,28.5534,1000
6067,3.07395,0.937264,19.3102,17.3539,300
1921,3.39363,0.855105,13.9735,11.5984,75
839,2.94814,0.953325,16.883,17.0245,2000
5693,3.49987,0.983708,21.697,18.1446,5000
2624,2.89223,0.648798,9.21358,9.19314,20
611,2.83882,0.928945,15.4454,20.9097,100
4478,3.00154,0.908762,12.1272,16.6889,10
3554,3.07867,0.484918,13.1643,9.82668,30
3288,2.81107,1.01102,25.8224,14.658,1500
9574,2.609,0.197213,3.13951,2.35219,10
4272,2.80125,0.879141,14.8113,27.0396,1000
1108,2.7114,0.593589,9.63247,10.1159,10
3228,3.00201,0.740865,20.0617,14.9377,20
2994,2.91424,0.733535,19.0278,14.6777,10
2443,2.69413,0.994036,15.6815,19.2891,5000
175,3.1846,0.854499,20.0574,22.2712,500
2740,3.48567,0.837394,14.1023,13.7045,40
2362,2.9222,0.247211,5.41671,5.38522,10
1989,2.85741,0.72291,13.2419,7.79896,50
2134,3.20964,0.880945,17.9369,21.5391,300
6799,3.16906,0.687192,21.2215,14.0297,40
5935,2.80694,0.707822,13.9799,20.7398,50
8135,3.11039,0.978523,18.9799,23.6054,1000
8672,3.25406,0.787835,13.3057,18.8367,150
3032,3.25096,1.08296,25.0212,20.9534,5000
8795,2.79524,0.421844,8.11301,5.26281,20
4931,3.17969,1.06951,25.1704,18.3989,750
323,3.05923,0.537856,10.5711,25.9614,1500
8779,3.16706,0.69018,6.23388,13.1003,10
3469,2.76689,0.96249,23.2666,16.5708,1500
1277,2.9297,0.190913,3.77808,24.5327,30
9432,3.23433,0.587938,13.3595,14.4418,40
8679,3.11892,0.787644,15.6801,13.23,10
9859,2.86639,0.380421,6.24237,4.4134,20
2872,3.13174,0.940876,24.3563,20.4343,5000
6269,2.84319,0.908804,15.907,15.8291,75
7302,2.83862,0.717678,11.6117,18.6741,10
2070,3.16592,0.919222,14.5085,22.886,750
4919,3.39839,0.637905,9.88969,9.56497,10
9793,2.9623,0.783571,19.0501,13.2203,300
8613,2.81017,0.688316,13.8281,19.178,40
5191,3.0659,0.695249,14.5002,17.2191,20
4385,3.55688,0.696564,12.7039,10.6947,20
271,2.96248,0.835512,21.3523,18.3905,1000
9444,3.00853,0.318929,5.42931,11.7793,10
2126,2.94951,0.789796,12.3245,21.9612,1000
987,2.89048,1.16352,32.4665,23.5848,5000
8515,3.23736,1.07219,41.7992,17.6222,5000
5988,2.91399,0.703407,11.6944,17.4898,20
2815,2.82226,0.787451,23.4697,12.1347,50
726,2.88543,0.548647,7.24084,7.06226,10
8119,2.80631,0.774679,13.1844,21.5578,5000
6384,3.6443,0.579658,7.66675,13.0016,20
6559,2.72844,0.810603,14.5082,12.8099,75
53,3.19412,0.879821,21.48,15.1136,30
6403,3.21059,0.738754,14.5923,15.0081,10
1721,2.72584,0.409302,8.40786,18.0119,20
8047,3.18918,0.800946,16.8525,10.181,300
343,2.80892,0.751161,11.2765,25.8975,300
7496,3.26496,0.908621,17.7312,17.1067,200
9838,2.99123,0.568327,9.26359,7.28073,20
1935,2.83701,0.969002,19.7725,16.4794,500
1186,3.04283,1.08993,29.3744,20.8361,5000
2907,3.00754,0.705226,11.6618,10.9661,20
5489,2.84498,0.760732,16.5615,19.4228,750
7692,3.15262,0.349815,3.71869,8.49711,20
9212,2.78039,0.94992,27.5918,23.3328,300
8691,3.21418,0.733409,17.3604,9.71568,75
227,3.04841,0.798624,16.1669,24.6478,150
5431,3.11399,0.603013,10.2288,15.5873,20
8543,3.0681,0.751114,11.106,10.8547,30
6321,2.84474,0.749912,17.1008,16.8406,150
4330,2.96487,0.713121,17.4186,17.7257,150
4327,2.95443,0.875265,22.7425,18.452,1500
7094,2.8517,1.07821,22.4068,22.1286,5000
5245,2.8236,0.585516,9.91967,31.5701,50
6259,3.3063,0.798086,13.1468,11.8173,500
9478,2.72577,0.46945,10.9296,7.24492,40
62,3.36795,1.14031,28.7632,22.2788,2000
2088,2.88652,0.746747,15.2026,16.6766,750
2975,2.77355,0.780324,12.9987,31.6081,10
4851,3.33747,0.731205,14.8767,16.0796,500
3819,3.15353,0.808053,10.3348,11.6723,20
3555,2.78157,0.794964,14.8929,12.0499,300
5354,3.21807,0.839943,19.3583,16.5539,20
4608,2.87674,1.03002,18.3394,16.6238,5000
476,3.08096,0.880618,14.1906,15.6877,300
7060,3.17062,0.704122,14.5599,16.698,75
4070,2.91288,0.970679,21.8933,16.2917,2000
7441,3.19614,0.7962,18.1917,15.1672,1000
1999,2.69445,0.886863,16.2218,14.5888,750
8742,3.32708,1.038,24.2073,18.1398,1000
7678,3.02103,0.894358,20.2345,16.787,20
1957,3.09933,0.647653,12.4979,28.8802,30
7799,3.1729,1.07131,20.9045,23.328,5000
1906,2.82512,1.1471,25.803,19.9876,5000
641,2.82517,0.519456,17.3911,13.3493,75
5622,3.25418,0.713008,12.7078,17.2371,30
5926,3.12968,0.738818,13.0725,13.7654,20
4561,2.99587,1.03367,32.1095,12.5508,750
3911,3.44035,1.03266,30.8008,15.3194,1500
4312,3.24202,0.816026,15.5138,20.4761,75
6696,2.91707,0.689367,9.53282,13.5713,40
1985,3.08489,0.671015,13.1379,21.3108,75
6104,3.06986,0.780218,12.2551,12.2347,150
7065,3.35023,0.964218,20.7707,16.5199,500
3665,2.98091,1.05423,22.9713,21.3786,5000
3249,3.00009,0.208377,7.39896,6.94241,10
2669,2.8262,0.562819,7.53239,15.4907,10
7368,3.22924,0.68419,14.4227,17.3291,75
3097,2.85763,0.450862,7.95153,13.0152,20
7182,3.14179,0.637334,14.2988,12.4315,50
5929,2.92974,0.88656,23.4648,18.5725,300
1410,2.95469,0.85266,16.3715,20.9002,3000
3880,3.12406,1.25707,33.3739,25.0996,5000
8926,2.95687,0.772246,15.2537,16.6091,40
286,2.79746,0.854549,17.0938,11.9154,40
4994,2.91644,1.17619,27.3848,17.8533,750
824,2.93347,1.02174,25.2479,19.0453,300
895,2.94378,0.849433,19.7478,16.031,75
8265,2.76585,0.815434,14.597,15.4808,75
3303,2.87892,0.577648,8.06458,9.53654,20
6975,2.7378,0.73725,15.4295,18.0259,100
7991,3.57025,0.880204,24.1276,19.1315,300
2838,3.19808,0.934024,31.4517,21.4246,300
9672,2.96135,1.06905,18.029,14.9733,2000
1023,3.14521,1.1459,33.7208,19.912,5000
9525,2.78148,0.62851,13.8532,10.6624,20
6595,2.98511,0.52178,14.1201,9.69479,10
1443,3.16747,0.683647,18.5159,17.9531,500
7365,2.75844,0.707425,14.774,19.0811,150
9225,2.93945,0.744457,28.1064,22.1487,50
2391,3.25014,0.786377,18.809,16.5774,750
9781,2.87442,0.917238,20.9757,19.6323,2000
1874,3.11366,0.846481,24.014,17.5298,200
9114,2.78984,0.287067,4.53871,19.9202,10
8238,3.45962,0.674237,14.2974,14.7117,30
7802,3.29176,0.834809,21.6311,20.9164,150
4265,2.95556,0.837067,18.3879,17.3296,75
8818,3.33342,0.982687,17.2446,16.9932,2000
5731,2.95621,1.09979,23.5111,15.3052,3000
9495,2.83855,0.859606,18.0674,22.1051,30
4745,3.04838,0.634523,9.6805,10.0756,20
3682,3.00591,0.489117,8.15678,10.6279,30
6674,3.08386,0.934239,19.856,13.9708,2000
6974,3.20689,0.654498,11.4695,6.3434,75
7594,3.07185,1.04777,28.8412,16.3711,2000
4110,3.11074,0.776428,10.4366,17.0136,10
5776,2.8607,0.762585,16.0823,14.0521,200
5649,3.17421,0.549888,13.3405,11.0848,20
6173,3.279,0.782856,12.8645,23.1962,750
6453,2.93873,0.957446,22.8028,15.4676,200
6694,2.51175,0.354495,9.15229,6.74634,10
6671,3.06357,0.372454,14.1133,11.9921,10
1565,3.21645,1.15947,26.2175,27.0135,3000
6487,3.1901,0.489111,13.1458,7.83519,20
446,2.78768,0.937849,20.3788,20.7132,5000
783,3.29973,0.914095,15.3982,21.8387,750
6980,3.07128,0.804936,17.9,19.5137,200
8629,2.89171,0.770905,20.6928,15.162,100
1402,3.20133,0.458907,8.8729,19.4525,30
5326,2.93542,0.950428,26.1777,17.7367,10
9102,2.86216,0.911378,17.6579,18.2156,500
2540,3.23057,1.00823,26.2631,15.1259,750
9568,2.88215,0.401023,6.84715,7.39451,30
4117,2.58392,0.303382,5.8515,4.95497,10
4788,2.80464,0.728787,16.4617,17.3278,30
7185,3.16189,0.767157,12.7126,25.7972,50
3205,2.89859,0.716728,12.595,16.2787,50
6462,2.98759,0.491023,5.49962,9.93298,10
8631,3.30256,1.03342,22.2765,13.9691,1500
654,2.80788,0.265756,6.90268,7.60829,10
4087,2.80758,0.841113,15.0613,15.7781,300
1612,3.20052,0.528528,13.8462,24.3916,10
7037,2.92722,0.54529,8.26487,21.3672,10
3642,3.22049,0.602741,12.0676,13.5087,20
8476,3.19858,0.844664,19.1869,16.6043,1000
5314,3.4436,0.859027,16.6146,15.5674,300
3612,3.31478,0.743709,17.1334,15.3857,75
3973,3.05365,0.846797,15.3233,16.3728,200
8862,2.7552,0.471761,7.26973,10.2152,10
4403,3.22405,0.929487,29.4157,16.8761,1000
2309,3.01359,0.609348,8.34982,13.4719,10
3618,2.77603,0.944026,20.3961,22.4197,75
2059,2.89922,0.493249,5.81815,14.537,10
7073,3.59976,0.785006,20.8566,13.4457,100
8263,3.13943,0.616067,9.80253,5.52567,20
6020,2.98371,0.482092,8.30372,27.4115,10
6093,3.27628,0.848998,19.768,20.0313,20
1216,3.17562,0.461174,7.87717,11.3824,75
1012,2.75895,0.786192,15.2754,21.0749,50
7869,2.98329,1.09857,22.2452,29.6391,1500
5148,2.89333,0.445599,5.32182,18.7289,10
1753,2.96502,0.692885,14.2124,29.2275,30
3627,2.90672,0.83854,17.6103,30.9981,1000
6479,2.79025,1.10855,22.6769,29.9845,1000
3805,3.40654,0.815435,12.9197,19.3633,150
3932,3.02925,0.831518,13.5871,8.97542,3000
2011,3.21483,0.493528,5.46184,17.6946,20
3533,3.1658,0.88557,19.5114,12.4569,1500
2937,3.09578,0.919988,18.2887,21.9924,200
9612,3.04241,0.606868,24.1229,12.303,200
8227,3.0378,1.00696,20.2215,12.9475,5000
5342,2.78441,0.958523,16.8037,20.3153,500
8233,2.82632,0.94801,18.654,19.7549,300
9665,3.2315,0.546464,18.7665,19.5407,30
2862,3.09414,0.632404,8.93552,21.9831,10
5012,2.80988,1.05458,26.7392,18.1477,2000
7272,3.2357,0.770346,17.6556,15.2975,75
1339,2.87565,0.622262,14.8137,7.90436,20
7181,2.93544,0.903896,22.2824,24.7074,150
5608,2.82793,1.00427,27.3305,26.4192,750
927,2.70826,0.820106,23.7607,22.9947,500
4233,3.30291,0.987345,22.4851,16.6248,300
8649,2.93113,0.790951,11.0617,9.06021,150
293,2.82037,0.936045,18.0147,22.3495,3000
9355,2.96434,0.980498,19.5421,21.096,200
6050,3.32858,0.688554,17.8209,21.6081,2000
2603,2.79047,0.768542,16.6108,24.2101,40
2926,3.14861,0.893423,20.4264,14.016,150
2727,2.93511,0.881845,19.1592,14.7856,100
7859,3.10231,0.954526,22.0433,14.1587,750
2198,3.32449,0.871814,12.9887,13.5989,2000
4664,3.10367,1.00155,22.2717,18.7108,5000
2723,3.03737,0.864211,23.3406,19.1612,750
5905,3.47656,1.05019,22.868,24.2653,1000
3617,3.41385,0.890289,18.7411,20.0217,1500
9768,3.01822,1.00971,20.3387,24.2656,5000
1598,2.9438,0.967095,23.8401,22.1689,2000
3043,3.39711,0.94558,16.2383,15.4231,500
1399,2.80506,0.714562,9.35463,7.85277,10
6119,3.11924,0.871089,17.9329,13.8561,500
8812,3.17272,1.16336,31.413,24.0752,1000
4884,3.17764,0.455549,12.0022,11.1509,20
5022,3.28349,0.724909,10.3797,11.5804,5000
6825,3.03024,1.01001,17.4886,24.7211,1500
5286,2.89232,0.580242,14.1189,9.72414,100
2454,3.62231,0.700085,10.757,13.2961,20
2012,2.60055,0.472841,9.15439,7.12434,75
9916,2.74872,0.732293,16.8661,20.8313,100
9224,3.21592,0.6687,14.3533,13.019,30
6785,3.21016,0.449493,9.06872,7.7081,30
3300,3.34205,0.740445,11.5602,16.2426,30
335,2.75208,1.04759,21.2047,16.8556,750
555,2.77181,0.588423,15.2901,13.7959,20
6635,3.06662,0.995558,15.1947,9.99154,750
4883,2.80782,0.654451,13.8772,13.1344,40
7688,3.09697,1.00893,27.4867,15.53,5000
8660,2.84057,0.660352,9.1056,19.0789,50
3444,2.93828,0.723272,12.3335,26.5801,1500
1852,3.03601,0.866396,23.3974,20.5706,750
923,2.90782,0.780463,11.9793,18.9065,10
315,3.63154,0.755359,13.4964,16.5911,300
233,2.94068,0.835687,19.708,15.5626,150
563,2.84433,0.863531,16.8332,15.8114,200
1394,2.71074,1.15827,29.3576,12.5962,5000
8545,3.01229,0.40451,10.9552,15.8523,20
5991,3.29371,0.995847,28.0406,19.7093,750
6117,2.77156,0.925036,19.4911,29.571,150
1550,3.40458,0.725278,11.7529,16.2315,75
9749,2.78271,0.413458,5.70474,14.17,10
4649,2.92129,0.607764,13.957,7.35211,20
1434,2.9522,0.845912,14.5566,18.4671,10
127,3.01324,1.05096,23.6724,20.7602,2000
3831,2.77074,0.577156,9.63729,20.4643,20
4950,3.0486,0.286042,7.3966,6.70455,20
3278,2.81854,1.14823,17.9889,20.5839,2000
2371,2.94287,0.695472,12.2637,17.522,10
1103,2.99635,0.594601,9.11258,16.1227,20
8213,3.04047,0.898183,10.4739,20.4919,50
3545,3.03905,0.771675,12.788,10.3803,150
5327,2.91611,0.884898,17.9981,10.1914,30
2903,3.01855,0.76585,15.9173,13.3579,2000
