query_idx,ef_true,MR_raw_gauss,MR_univ_gauss
1730,4200,0.210864,0.38455
3464,1600,0.217536,0.33579
662,800,0.239661,0.366766
6236,1300,0.145125,0.271246
9488,350,0.253577,0.326267
2113,50,0.52437,0.305936
457,100,0.380029,0.43967
2411,50,0.391996,0.370413
3127,50,0.511385,0.474679
758,200,0.295908,0.376879
3863,50,0.542208,0.5747
7848,1300,0.236238,0.372188
1537,1800,0.15419,0.301525
8819,50,0.721787,0.440709
3537,2250,0.189371,0.380393
2606,50,0.400489,0.325296
7810,2200,0.199498,0.282548
8934,50,0.73278,0.596954
5896,100,0.320023,0.292643
6485,150,0.387234,0.46037
2463,150,0.336265,0.253542
9611,50,0.605148,0.591858
8876,400,0.248356,0.401072
4629,850,0.203566,0.33897
5430,50,0.579214,0.499652
1327,400,0.208146,0.295888
3742,50,0.631931,0.528211
409,5000,0.20331,0.331957
3272,50,0.739499,0.573077
1207,3450,0.17699,0.301198
9981,50,0.621097,0.579754
8017,100,0.392751,0.467951
6689,150,0.404928,0.360545
26,100,0.394068,0.326384
9529,2950,0.255458,0.413713
4768,50,0.74043,0.632036
7856,600,0.249622,0.322112
3287,2150,0.19246,0.30707
2192,100,0.425636,0.43887
7713,100,0.402996,0.281795
7057,250,0.375412,0.237881
3714,100,0.383085,0.248665
9552,100,0.296005,0.378403
1544,50,0.410945,0.369689
3294,100,0.411964,0.498987
1193,300,0.435924,0.394715
4826,100,0.3622,0.243916
2631,2600,0.270882,0.356809
2111,50,0.65178,0.367017
8093,1650,0.353567,0.288306
4581,350,0.439634,0.406744
5049,50,0.367661,0.279735
5446,550,0.38309,0.300097
8484,50,0.474912,0.40234
3885,50,0.480282,0.379568
5098,50,0.662069,0.468584
8008,2650,0.334321,0.371458
4623,50,0.636182,0.418575
3733,1300,0.195307,0.30846
7324,300,0.255453,0.356444
6711,900,0.290856,0.381219
2966,2700,0.303554,0.27305
5217,100,0.389007,0.285008
3812,50,0.383742,0.36832
2822,200,0.309871,0.32209
8276,150,0.364235,0.279756
2987,50,0.679369,0.549483
3868,2350,0.177271,0.284932
1926,900,0.183496,0.385009
1351,50,0.680234,0.644699
2107,150,0.258987,0.277303
3453,1200,0.246143,0.293521
3674,50,0.454679,0.547055
7538,450,0.260142,0.313271
4350,200,0.329588,0.323079
8998,1950,0.182541,0.292223
5097,50,0.394816,0.302868
2718,50,0.57207,0.384725
4543,100,0.645025,0.533513
8877,50,0.685164,0.658183
2836,50,0.581029,0.300926
8791,100,0.434802,0.508144
2782,50,0.529242,0.475392
1279,50,0.364485,0.281303
6442,50,0.465632,0.503175
1447,900,0.220039,0.263426
2872,2200,0.2284,0.325882
6269,100,0.426367,0.448587
7302,50,0.656454,0.388692
9793,300,0.350175,0.215672
5191,50,0.566228,0.504016
4608,5000,0.200247,0.335669
1999,650,0.240622,0.389296
1023,3100,0.158475,0.319385
9225,950,0.316461,0.363949
2391,700,0.289695,0.361086
1874,200,0.305066,0.300291
9114,50,0.671049,0.346374
8238,50,0.376776,0.442428
4265,100,0.308439,0.322519
9495,300,0.23704,0.339483
3682,50,0.644732,0.424938
6974,100,0.610513,0.597331
6453,200,0.230922,0.35755
8476,900,0.164894,0.330264
2309,50,0.718919,0.597092
8263,50,0.46391,0.583167
6020,50,0.665947,0.458625
1216,100,0.517192,0.373184
1012,50,0.362689,0.26214
5012,1650,0.269729,0.320018
1339,50,0.569197,0.389281
7181,150,0.284949,0.317944
4233,300,0.175791,0.312445
8649,150,0.378891,0.597119
2926,150,0.260516,0.421552
5022,4100,0.267405,0.365568
5286,100,0.38237,0.229795
9916,100,0.296305,0.326229
6785,50,0.620335,0.521501
3300,50,0.480762,0.486969
555,50,0.562947,0.414431
3444,1450,0.258509,0.338227
315,250,0.591745,0.399819
563,200,0.346117,0.345326
9629,50,0.334996,0.339465
9523,50,0.572373,0.605298
6979,200,0.199792,0.306618
9468,50,0.428621,0.393683
2544,250,0.252953,0.283843
5333,100,0.399899,0.478404
9877,50,0.375425,0.322019
687,100,0.563016,0.307958
7068,3050,0.199005,0.213047
2754,800,0.228495,0.395977
8126,50,0.415452,0.459092
8440,150,0.443209,0.323747
4217,1050,0.239789,0.305784
1925,50,0.521493,0.364446
6106,100,0.389423,0.487804
9166,50,0.468221,0.359
4397,50,0.677734,0.660656
6060,3950,0.205345,0.325962
8971,50,0.593459,0.45763
2060,1900,0.176434,0.260628
2565,50,0.827045,0.653746
4522,150,0.344945,0.322923
1573,50,0.482145,0.444512
9555,100,0.367998,0.297764
4524,50,0.576242,0.332426
6186,600,0.176674,0.320236
1509,1600,0.242643,0.375714
8049,200,0.277284,0.472213
6896,100,0.582779,0.547566
1771,5000,0.223954,0.290729
5379,50,0.570521,0.588211
3401,100,0.590189,0.399921
1347,1050,0.297164,0.344617
3745,50,0.560117,0.409042
2556,50,0.515248,0.557852
3254,50,0.444043,0.26461
5042,200,0.339453,0.305595
4724,150,0.3876,0.389979
9449,50,0.580683,0.498137
9115,950,0.310188,0.2728
938,1750,0.322938,0.455582
8623,50,0.589861,0.510813
5933,50,0.371734,0.380079
2137,550,0.176908,0.283861
273,50,0.300909,0.40823
7782,50,0.470767,0.44789
503,50,0.645016,0.461458
872,50,0.352139,0.258549
9059,50,0.623042,0.490101
4510,200,0.35372,0.409261
1585,50,0.501301,0.528144
6542,650,0.43753,0.394037
3549,100,0.339684,0.318098
9332,150,0.342728,0.339345
488,950,0.182822,0.304629
7214,50,0.465731,0.402813
5018,50,0.556851,0.651182
8314,50,0.467968,0.548614
9257,2850,0.165491,0.326592
141,50,0.626499,0.646555
4595,50,0.334975,0.447072
5695,1500,0.177464,0.317814
4579,3200,0.269069,0.380591
7527,50,0.275595,0.268355
9321,100,0.46271,0.471715
239,650,0.210585,0.430855
5485,150,0.370295,0.486818
4188,50,0.363407,0.447335
7689,100,0.305975,0.291153
1027,50,0.655031,0.624672
9496,50,0.695065,0.648463
6090,100,0.455127,0.483201
4702,300,0.198259,0.286147
7879,300,0.314739,0.309148
4760,350,0.343211,0.325942
1146,5000,0.207185,0.300175
6960,50,0.466867,0.474798
351,3800,0.291696,0.365691
1525,2450,0.18178,0.274273
9753,500,0.274539,0.274504
9619,550,0.250869,0.406216
9715,500,0.239108,0.285692
5717,100,0.453756,0.495648
2452,50,0.365977,0.418906
7907,50,0.470143,0.445826
2356,100,0.346129,0.42038
9868,50,0.775402,0.667994
8833,250,0.252916,0.283681
4525,50,0.329057,0.40716
4990,50,0.664888,0.62588
8237,50,0.434694,0.41265
9067,50,0.542246,0.618328
8468,50,0.418121,0.383631
1029,1350,0.210438,0.19947
251,50,0.527654,0.587862
4733,50,0.43945,0.370669
4528,400,0.321753,0.412456
817,1800,0.175731,0.281366
3074,5000,0.159274,0.285688
5494,50,0.431505,0.351388
102,1500,0.233035,0.299397
3267,50,0.68189,0.423804
4610,2550,0.212359,0.321109
4540,50,0.44336,0.337096
8958,300,0.225233,0.358025
3111,1500,0.165909,0.281261
2860,4350,0.183394,0.256544
5053,50,0.510909,0.496882
1616,50,0.500424,0.446057
6331,50,0.2793,0.372264
4979,750,0.29902,0.280845
6202,50,0.624956,0.586471
4511,400,0.212846,0.396198
3969,450,0.300006,0.315678
7737,50,0.520373,0.502469
6520,50,0.714269,0.589674
1147,700,0.218273,0.332453
4533,100,0.363225,0.347167
2053,50,0.53907,0.400032
6722,50,0.409695,0.484534
9187,50,0.709159,0.598369
1853,50,0.564923,0.412695
236,100,0.262118,0.308146
1393,100,0.480555,0.552197
56,200,0.262366,0.400814
1552,150,0.238279,0.22329
497,50,0.345618,0.397786
8123,1450,0.180235,0.365634
3442,50,0.457441,0.416146
8752,1600,0.191439,0.257689
2373,50,0.496504,0.34127
1315,50,0.554179,0.573757
1311,50,0.707758,0.67772
9689,5000,0.183547,0.354435
8361,4400,0.252552,0.270765
1272,450,0.323136,0.323816
4831,200,0.383276,0.436828
9131,50,0.652629,0.687436
9526,5000,0.338641,0.252706
5825,600,0.168753,0.301889
6981,50,0.608355,0.524879
4356,850,0.229407,0.385041
7639,600,0.232597,0.278775
6069,50,0.620755,0.461663
9264,100,0.459286,0.366638
2496,50,0.74258,0.601118
9123,600,0.290388,0.38725
1940,300,0.327017,0.316073
7121,400,0.312829,0.301219
7809,150,0.270295,0.317486
868,50,0.574166,0.449114
9485,50,0.577309,0.613865
3366,2400,0.259864,0.309634
3421,450,0.269541,0.302941
2164,50,0.714174,0.584642
5111,50,0.545062,0.552649
5951,50,0.428917,0.370723
9545,50,0.639948,0.552165
1952,150,0.415764,0.306199
5797,300,0.24611,0.238367
214,450,0.29694,0.281346
5112,50,0.625427,0.565097
3317,50,0.399629,0.312954
9433,3500,0.175178,0.318593
2868,100,0.540805,0.394284
719,200,0.245742,0.310383
5438,700,0.313053,0.306654
8827,1100,0.256009,0.365495
4599,1000,0.201436,0.260188
1364,100,0.389324,0.42439
2139,50,0.51842,0.463821
6623,800,0.252175,0.341246
3712,50,0.557414,0.433276
5323,600,0.3185,0.349494
4427,700,0.252964,0.383017
2156,400,0.237499,0.33603
7532,50,0.551673,0.475049
7399,50,0.648716,0.666611
5337,4150,0.180987,0.363951
4657,2450,0.261144,0.380699
4498,200,0.370278,0.266455
1228,50,0.389379,0.439986
7453,450,0.267388,0.300377
3944,50,0.656351,0.355213
6457,250,0.355243,0.322012
3410,50,0.496984,0.45317
1674,250,0.29019,0.373867
4375,200,0.26421,0.358959
624,550,0.328582,0.370657
4683,50,0.49596,0.526285
4288,250,0.279274,0.406126
2413,500,0.177903,0.345753
7135,100,0.318493,0.329287
6654,50,0.525125,0.358153
2845,50,0.451146,0.436057
6837,50,0.581814,0.342177
366,800,0.351629,0.336309
779,1600,0.271218,0.346346
6708,1400,0.29635,0.313854
6604,50,0.544464,0.299326
9999,100,0.297945,0.265751
165,50,0.534543,0.495483
5370,4400,0.344246,0.291734
6767,50,0.433648,0.362601
1836,50,0.691629,0.587615
9104,950,0.232656,0.382675
1409,50,0.689351,0.663064
5904,50,0.578352,0.453516
1994,200,0.32681,0.318309
120,50,0.564042,0.388147
136,50,0.55682,0.529934
892,3200,0.391612,0.372005
9616,5000,0.345318,0.390554
2073,300,0.297383,0.336597
7449,3600,0.190077,0.315193
5048,50,0.652728,0.56988
9596,50,0.47637,0.433133
3800,50,0.445368,0.392048
4162,150,0.38279,0.361663
6307,250,0.442477,0.379741
3322,200,0.421321,0.301826
1250,950,0.254782,0.320267
8026,200,0.24977,0.222403
587,100,0.429179,0.489419
2968,50,0.731489,0.466781
2547,50,0.420941,0.370377
3778,50,0.449716,0.484869
7027,50,0.807445,0.600978
4235,50,0.563019,0.616489
2572,100,0.443302,0.353132
5573,1600,0.176311,0.313768
4502,1000,0.338549,0.341413
4232,50,0.451585,0.401237
8244,50,0.75918,0.580102
3848,150,0.324957,0.480917
4582,50,0.446194,0.245289
234,1050,0.290447,0.329012
8662,50,0.634772,0.522745
9669,50,0.527877,0.428596
7118,50,0.641779,0.521227
4297,50,0.530176,0.609424
7042,50,0.457126,0.458636
3288,1250,0.284221,0.414821
323,1050,0.306099,0.382842
1277,50,0.762547,0.420391
8679,50,0.490304,0.426576
271,850,0.311839,0.284254
9444,50,0.601577,0.387504
62,1300,0.194816,0.295307
7441,800,0.209159,0.312516
7421,2500,0.188197,0.332771
8438,5000,0.399362,0.414169
3614,950,0.208287,0.301974
7596,1800,0.202922,0.404629
792,50,0.537663,0.609011
401,50,0.596395,0.487335
2343,50,0.474891,0.517352
5192,100,0.475082,0.500608
356,50,0.688652,0.617912
118,50,0.721219,0.596922
4290,300,0.189959,0.227085
9642,50,0.391119,0.348016
9639,50,0.707256,0.43815
831,4800,0.20076,0.310616
9756,50,0.431854,0.524591
7084,1300,0.217679,0.338252
1507,200,0.178496,0.333712
3962,800,0.235063,0.312447
9213,1250,0.273266,0.333103
3633,1150,0.243683,0.347459
1802,2050,0.246869,0.288078
3884,50,0.409361,0.332689
3280,50,0.440979,0.5315
8505,200,0.397387,0.510702
8756,3350,0.17454,0.265548
2294,1950,0.23048,0.329893
8849,5000,0.191178,0.390545
6040,50,0.472352,0.399044
4286,50,0.549997,0.541777
8234,150,0.315996,0.318638
5912,200,0.34768,0.368161
9033,5000,0.186086,0.307885
5967,50,0.526029,0.376568
586,50,0.521425,0.340011
1048,500,0.366088,0.365511
1428,50,0.413387,0.480657
8801,250,0.320504,0.388614
2771,50,0.283131,0.311197
197,50,0.732015,0.529979
7022,400,0.321672,0.304019
3100,750,0.280884,0.346437
725,150,0.433665,0.469544
4355,50,0.81069,0.509411
3325,50,0.785255,0.684165
9651,50,0.385276,0.398752
1499,450,0.187279,0.3324
8010,350,0.254218,0.359948
8809,2800,0.483564,0.319593
2820,250,0.288075,0.326032
8455,50,0.661155,0.603682
9823,150,0.271867,0.341206
6619,50,0.835575,0.671492
5788,50,0.380092,0.405836
6677,50,0.640116,0.458491
515,50,0.407276,0.526882
6718,550,0.325062,0.317114
5804,100,0.371443,0.356767
3494,100,0.508783,0.456316
2023,50,0.463641,0.460229
1293,1150,0.272552,0.36452
2162,1500,0.373674,0.336313
4707,950,0.227534,0.366003
3559,50,0.475905,0.473751
7760,50,0.329205,0.35664
2584,50,0.750413,0.711773
4418,650,0.277164,0.286984
375,100,0.595846,0.51498
3601,50,0.536058,0.52915
7910,100,0.537233,0.488062
6528,700,0.224691,0.313451
1528,50,0.549329,0.459489
8511,100,0.467399,0.584014
4008,450,0.222132,0.263625
9255,250,0.275417,0.218032
5987,50,0.494984,0.289897
8965,50,0.679985,0.570079
2939,2350,0.342342,0.322277
6183,400,0.310522,0.287691
4523,2250,0.178687,0.30884
5796,150,0.559453,0.470384
7265,300,0.209904,0.263652
8240,50,0.298816,0.381472
1974,650,0.218626,0.370141
1543,50,0.651213,0.567708
7964,50,0.640617,0.578496
8493,250,0.230453,0.326634
3441,350,0.46118,0.387458
8177,2400,0.332995,0.348613
1697,50,0.599758,0.411727
8378,50,0.400407,0.420038
4019,50,0.698254,0.585806
5885,250,0.221817,0.273494
4802,100,0.45081,0.274388
1316,200,0.309011,0.358173
9534,550,0.244715,0.296358
9582,50,0.658263,0.639122
7911,50,0.363063,0.410105
2340,250,0.28204,0.287263
5418,350,0.337712,0.228991
5755,50,0.299295,0.234496
6274,50,0.373381,0.330062
4416,200,0.348471,0.297532
636,50,0.626498,0.417521
8554,1200,0.340366,0.324967
2611,400,0.214619,0.307294
7952,5000,0.200762,0.332304
617,150,0.363472,0.282925
3469,1200,0.258958,0.348489
9432,50,0.384428,0.449256
9859,50,0.528452,0.589669
7094,2800,0.281256,0.373659
4070,1400,0.207736,0.262702
3911,1300,0.223842,0.379122
6696,50,0.53764,0.525633
4994,650,0.180994,0.339987
3303,50,0.573758,0.513995
8818,2000,0.180912,0.350272
6173,750,0.270902,0.416177
6694,50,0.487611,0.479576
4403,850,0.225024,0.324457
8227,2200,0.195464,0.297688
8233,250,0.221634,0.239031
2862,50,0.480545,0.424391
5608,750,0.251896,0.347971
2198,1550,0.226019,0.428281
4302,100,0.317526,0.338381
6870,4600,0.180114,0.227728
1995,2650,0.22131,0.348075
8513,50,0.554241,0.472836
8551,200,0.413498,0.446752
7731,50,0.732273,0.70531
8105,850,0.298869,0.444873
2009,50,0.60368,0.402139
8245,50,0.51705,0.418861
5478,500,0.293267,0.328725
3887,500,0.282408,0.351833
9658,450,0.367525,0.332952
5821,50,0.532171,0.506993
6901,150,0.384983,0.359434
2713,50,0.384363,0.349952
8156,50,0.650246,0.70662
2178,850,0.301415,0.273923
9819,250,0.292788,0.416792
4261,750,0.208522,0.291016
1706,400,0.330835,0.280683
6505,200,0.360879,0.350264
8782,50,0.47965,0.623266
9337,50,0.749105,0.740331
4295,100,0.463966,0.534014
9891,100,0.360126,0.379787
7052,50,0.587708,0.374021
9053,250,0.206036,0.302718
3094,50,0.468126,0.454685
2590,300,0.241816,0.312579
2305,500,0.250901,0.362849
4804,50,0.700106,0.489713
8722,200,0.361391,0.409393
5520,250,0.321544,0.30296
4551,50,0.613432,0.454358
6229,50,0.411481,0.376873
3789,50,0.639422,0.689102
8684,1600,0.236792,0.28883
1457,1800,0.276842,0.378103
3838,350,0.204443,0.398112
9195,1500,0.186773,0.319775
132,100,0.341235,0.27157
1118,100,0.512582,0.533044
2235,50,0.363176,0.29252
4916,1300,0.20097,0.304282
5995,250,0.431242,0.32953
1590,900,0.278568,0.33632
1596,50,0.332081,0.342884
6548,50,0.642858,0.496116
3396,50,0.656638,0.546859
5791,50,0.455502,0.593612
5574,100,0.365128,0.386452
5137,3800,0.202897,0.300305
4967,900,0.207331,0.320825
1862,650,0.149201,0.319098
5487,2100,0.128557,0.288005
9163,150,0.375596,0.442071
1097,450,0.329813,0.275696
9567,3300,0.315716,0.31989
830,50,0.476634,0.470153
3986,50,0.676832,0.595368
9771,50,0.490376,0.441148
6350,650,0.263751,0.261766
8824,50,0.564946,0.664218
2286,100,0.393398,0.474821
3990,50,0.447565,0.576121
1407,100,0.357918,0.401624
2078,300,0.21396,0.279798
5237,150,0.357382,0.439628
9058,350,0.242464,0.405402
4200,1250,0.195328,0.218802
331,1350,0.239011,0.275256
6537,2200,0.301939,0.311859
9792,100,0.451583,0.423223
5557,50,0.701774,0.670711
5082,50,0.56409,0.421824
1200,100,0.389148,0.391426
7343,5000,0.263795,0.369967
5539,1350,0.20766,0.403735
2450,1250,0.255665,0.261295
1797,50,0.614178,0.626792
3535,50,0.419843,0.265543
1869,5000,0.253834,0.342064
3609,50,0.50535,0.432274
5218,3750,0.336455,0.274148
7155,100,0.36995,0.339576
3721,150,0.433541,0.471232
6192,850,0.247424,0.359241
6034,3600,0.197863,0.349116
3731,5000,0.167413,0.258023
1921,100,0.468661,0.557129
2624,50,0.590645,0.498288
3554,50,0.443395,0.375261
1108,50,0.489747,0.507963
3228,50,0.730403,0.513471
2994,50,0.400387,0.402592
987,5000,0.168215,0.313706
5988,50,0.768682,0.679231
726,50,0.65369,0.619405
6559,100,0.450123,0.272562
1721,50,0.508168,0.282662
343,300,0.438746,0.34392
9212,250,0.212118,0.369749
2088,350,0.293418,0.463512
3555,250,0.333461,0.391851
5354,50,0.408271,0.491278
7060,100,0.340056,0.370313
1410,2350,0.201385,0.315333
8926,50,0.390046,0.299404
8265,100,0.394112,0.383397
2838,200,0.274218,0.375724
1443,250,0.332241,0.242699
6674,1850,0.270074,0.308368
5776,200,0.359691,0.30877
5649,50,0.601808,0.619756
6671,50,0.49007,0.352888
6487,50,0.606727,0.548729
9102,350,0.241276,0.407009
7185,50,0.408944,0.440476
6462,50,0.517137,0.534445
5314,300,0.313405,0.448131
8862,50,0.650523,0.553364
2059,50,0.604665,0.600539
6093,100,0.332349,0.309423
6479,1000,0.223021,0.359077
3805,150,0.363002,0.443054
4712,350,0.332335,0.327452
1677,100,0.41718,0.271367
3235,50,0.43933,0.389268
1627,50,0.526991,0.462758
3227,50,0.530439,0.388311
3700,250,0.475379,0.418865
6262,50,0.490174,0.615948
6554,5000,0.24485,0.384461
9834,4250,0.299061,0.387213
7967,200,0.500443,0.519378
1643,400,0.276312,0.277481
3276,2850,0.262994,0.35063
7297,50,0.533746,0.529097
9944,1800,0.279299,0.303317
1811,300,0.199001,0.366455
6721,50,0.503291,0.364396
2597,2150,0.209068,0.397359
7806,100,0.481802,0.593052
4364,500,0.363202,0.375315
9900,300,0.302401,0.351657
8356,1100,0.337109,0.33386
7370,350,0.257565,0.334336
9155,50,0.695853,0.576153
6880,800,0.156949,0.370202
4226,700,0.265031,0.457281
7321,150,0.327713,0.342095
7386,400,0.283331,0.3137
2419,50,0.546356,0.326501
3811,550,0.23843,0.316002
3058,1350,0.180372,0.246432
9327,100,0.41848,0.395012
450,5000,0.218949,0.22955
7011,550,0.332878,0.279866
5100,150,0.24081,0.322031
4957,1200,0.202575,0.311353
2918,50,0.495208,0.456866
4002,50,0.453947,0.398163
3038,550,0.355521,0.399951
7778,150,0.216667,0.325257
8841,100,0.510127,0.482532
8028,50,0.443486,0.452343
4052,50,0.760496,0.770304
2285,1250,0.369347,0.318727
8209,100,0.366792,0.428067
2501,100,0.300994,0.296528
1396,150,0.351308,0.284551
979,950,0.26644,0.303755
8575,100,0.310455,0.406452
6393,50,0.503453,0.405921
5924,100,0.480767,0.473488
9955,250,0.325618,0.509683
168,2650,0.190353,0.342312
5488,1200,0.218,0.344545
9613,50,0.640738,0.585726
9305,250,0.318047,0.287022
2625,50,0.376424,0.333799
4236,3150,0.199655,0.296376
9183,100,0.544683,0.376852
9650,3600,0.150254,0.245998
4076,300,0.297262,0.314955
9242,300,0.456576,0.518465
8386,50,0.325412,0.318244
3999,50,0.563793,0.31339
9412,50,0.37038,0.322855
8460,50,0.349793,0.35801
6219,50,0.420889,0.301352
1350,1550,0.177095,0.342
9381,50,0.567809,0.675218
3729,50,0.623926,0.537951
5230,50,0.719297,0.636882
8142,50,0.520617,0.384054
5536,2450,0.177379,0.332898
8757,50,0.412128,0.328837
360,300,0.301447,0.305965
753,50,0.356708,0.322554
709,400,0.241919,0.266424
4460,50,0.587443,0.447236
4198,1800,0.442309,0.459823
9347,250,0.338188,0.309809
8048,50,0.503564,0.480032
5243,350,0.28092,0.283798
5633,150,0.301357,0.302276
1791,900,0.202577,0.35883
5074,1150,0.305215,0.28455
8262,50,0.335837,0.272651
244,50,0.374724,0.33536
4101,50,0.479697,0.37148
5938,50,0.586266,0.385657
6207,450,0.184086,0.272665
7466,5000,0.187299,0.350141
3784,200,0.245273,0.217405
6105,50,0.570896,0.363527
2707,50,0.465412,0.563102
3558,100,0.530259,0.513495
1416,550,0.176949,0.273738
6796,300,0.378252,0.325257
2117,50,0.416996,0.449203
9590,1450,0.176941,0.244452
4984,600,0.294856,0.281228
1253,100,0.489794,0.429362
7564,50,0.589463,0.562475
577,50,0.674777,0.504203
9326,200,0.38862,0.377816
4855,100,0.488446,0.364309
9987,50,0.637749,0.709868
4499,450,0.286921,0.350798
2832,50,0.401599,0.355357
6514,50,0.615246,0.458243
380,50,0.77076,0.673115
561,50,0.475102,0.449629
7316,50,0.444575,0.520761
8787,100,0.373235,0.351154
6819,50,0.435238,0.549882
4344,50,0.390721,0.471843
6749,700,0.194181,0.30586
839,1900,0.289061,0.333789
4478,50,0.457778,0.399547
175,400,0.33232,0.355802
2362,50,0.730931,0.628198
1989,50,0.551852,0.600601
2134,250,0.276038,0.394516
6799,50,0.448499,0.524631
5935,50,0.328267,0.253229
8672,150,0.213462,0.268118
8795,50,0.675879,0.618581
7473,1500,0.187172,0.284641
815,2200,0.211495,0.314907
5999,150,0.392873,0.432992
4602,50,0.451453,0.500853
2814,100,0.37241,0.380345
2473,50,0.464074,0.43828
7464,1350,0.20375,0.347352
206,50,0.40788,0.36062
3713,2250,0.273226,0.212381
8616,900,0.224673,0.287415
4892,100,0.352821,0.428165
1367,100,0.492676,0.430581
8457,1200,0.211964,0.262003
4541,4800,0.190271,0.35594
4570,50,0.74229,0.568754
3753,1000,0.258164,0.240366
8962,100,0.524972,0.557218
7450,50,0.682272,0.592354
8004,100,0.323679,0.309098
6073,350,0.211524,0.307034
5219,200,0.482354,0.463593
1288,50,0.53525,0.351726
1343,100,0.334688,0.357415
9817,50,0.343831,0.458924
3717,50,0.317999,0.423029
6890,50,0.544175,0.341158
7200,50,0.628774,0.597999
5739,150,0.413524,0.460304
3620,50,0.584023,0.592718
7747,100,0.339588,0.297616
7703,200,0.413325,0.571865
9818,100,0.329259,0.467171
7340,4200,0.201164,0.328881
7270,750,0.268938,0.381694
948,100,0.528286,0.504313
1960,50,0.70146,0.539886
7864,3250,0.183615,0.321907
9777,50,0.542013,0.443202
6600,5000,0.309666,0.392014
7926,950,0.202819,0.309124
9835,50,0.310282,0.34769
7326,2600,0.331625,0.391308
4538,350,0.268547,0.405465
2703,600,0.204716,0.304812
1945,50,0.497194,0.504268
648,250,0.194713,0.31557
9330,1250,0.311392,0.356372
5339,500,0.274673,0.303842
7099,50,0.478374,0.456539
7375,100,0.371615,0.404472
1634,100,0.563367,0.539114
7828,50,0.451143,0.298962
2553,3050,0.239434,0.330083
2464,300,0.202852,0.286735
4414,5000,0.298204,0.358706
9086,50,0.694782,0.371464
4037,100,0.456115,0.542765
7575,5000,0.373526,0.282512
578,5000,0.186058,0.343937
1003,3550,0.176987,0.293324
9911,150,0.259377,0.28839
9037,1950,0.196918,0.281299
1508,2750,0.156177,0.301411
6139,50,0.660776,0.652375
4130,150,0.33264,0.398096
7673,50,0.615753,0.448603
4472,200,0.355176,0.451562
5134,50,0.367864,0.339928
1992,800,0.200349,0.287552
9009,250,0.248382,0.363157
270,350,0.225352,0.33063
7422,450,0.326242,0.350352
5667,3100,0.221081,0.362837
7404,50,0.417796,0.374452
8690,50,0.449046,0.370021
3422,350,0.432729,0.399453
9909,100,0.330985,0.369476
9313,300,0.389404,0.355186
5540,50,0.573508,0.557103
4396,50,0.375742,0.468585
9933,400,0.441347,0.455555
4909,150,0.369725,0.41381
5693,5000,0.259764,0.290617
8515,3150,0.266073,0.326107
2815,50,0.555284,0.485659
6384,50,0.500549,0.546274
8047,200,0.455085,0.444078
1935,450,0.241509,0.246484
2907,50,0.56965,0.605211
7692,50,0.698331,0.613831
5431,50,0.316334,0.301454
8543,50,0.617728,0.618695
4330,150,0.236005,0.1715
6259,500,0.44176,0.435229
9478,50,0.732687,0.748237
2975,50,0.56981,0.416613
4851,350,0.296579,0.330994
3819,50,0.43426,0.562243
476,250,0.226769,0.247375
8742,900,0.278304,0.31994
7678,50,0.403113,0.405969
1957,150,0.504541,0.291344
4561,650,0.236159,0.290908
4312,100,0.347652,0.302133
1985,100,0.477464,0.33731
6104,150,0.478769,0.537419
3249,50,0.692782,0.489012
2669,50,0.424168,0.513682
3097,50,0.716292,0.490257
7182,50,0.469561,0.529846
824,250,0.273216,0.304132
6975,100,0.423576,0.401571
9781,1850,0.266502,0.304527
7802,150,0.364169,0.354106
8631,1100,0.216915,0.353119
654,50,0.590601,0.534131
1612,50,0.540478,0.307151
3642,50,0.473176,0.360175
3612,100,0.484704,0.321036
3618,100,0.462677,0.429251
3533,1050,0.200417,0.286377
2937,200,0.258178,0.252812
9612,200,0.305268,0.444485
4664,3550,0.209784,0.412616
5905,900,0.263195,0.305052
9483,100,0.33695,0.554536
2581,50,0.498811,0.658439
7434,50,0.587231,0.621518
8003,150,0.440614,0.428181
1997,250,0.227176,0.333685
1456,50,0.494069,0.504405
9232,100,0.36748,0.258172
7559,5000,0.212249,0.320075
1715,1250,0.223954,0.281514
4644,2500,0.200675,0.320513
8611,250,0.321182,0.397069
7834,50,0.476491,0.373765
3739,50,0.642875,0.504053
2802,50,0.566399,0.355672
8032,50,0.549082,0.464006
9914,500,0.175283,0.372798
6415,3100,0.282794,0.364337
2412,100,0.536085,0.349678
5542,2600,0.183889,0.188056
3192,550,0.336009,0.380025
9409,50,0.661871,0.688388
82,1900,0.162525,0.297619
7146,50,0.506884,0.498827
3248,50,0.456593,0.549823
1553,5000,0.257588,0.309858
9922,2300,0.182561,0.340121
4951,250,0.40887,0.391935
8535,250,0.291446,0.388479
1600,50,0.422629,0.503496
7515,300,0.353609,0.421933
2304,5000,0.178844,0.244058
6860,1000,0.262511,0.296568
5458,50,0.451037,0.3681
6597,1800,0.130718,0.260407
2969,900,0.227914,0.27787
3026,50,0.44325,0.406981
7123,2000,0.162363,0.313699
4969,50,0.758808,0.663391
4020,100,0.312591,0.355377
653,50,0.431175,0.328911
6636,250,0.466677,0.308873
2003,50,0.523066,0.521061
4221,3400,0.229302,0.244789
8874,400,0.244874,0.367879
3803,50,0.74044,0.723003
1968,200,0.335245,0.372561
7076,100,0.463793,0.360688
9318,450,0.313242,0.385078
8337,50,0.436081,0.416268
1007,1250,0.251959,0.341857
2883,2000,0.220279,0.320758
8153,200,0.21327,0.31674
7424,300,0.210189,0.272153
294,1100,0.364869,0.429305
6397,50,0.60838,0.587595
3183,100,0.395189,0.356359
8275,950,0.226898,0.309601
5636,50,0.554785,0.422401
5895,50,0.616893,0.565565
2150,1750,0.225331,0.342026
714,50,0.624746,0.530694
92,150,0.363067,0.345535
2577,50,0.772727,0.725355
4779,150,0.254579,0.397031
7862,1650,0.206578,0.173952
9615,100,0.371448,0.326301
9940,5000,0.171917,0.316111
5798,250,0.387237,0.369562
8952,800,0.167662,0.304463
108,50,0.652536,0.502154
6951,100,0.362351,0.312997
1284,1050,0.23772,0.317371
1971,50,0.663533,0.414835
4746,2950,0.221505,0.341319
6080,250,0.287839,0.243807
8429,5000,0.231599,0.320942
3583,50,0.394632,0.373595
7141,2350,0.390376,0.360774
965,150,0.251877,0.362464
6707,150,0.43668,0.382653
6841,50,0.554615,0.498224
6133,650,0.160005,0.342434
3542,2450,0.236509,0.308088
5039,50,0.379479,0.232271
5334,50,0.669383,0.739371
4272,550,0.387278,0.353075
8135,800,0.291359,0.275991
1186,3600,0.25642,0.372151
227,150,0.455396,0.364631
6321,150,0.47631,0.4048
7799,4700,0.184837,0.278789
9672,1650,0.253144,0.437282
9525,50,0.589374,0.687535
6595,50,0.562148,0.605629
7365,150,0.378475,0.281785
446,3150,0.287092,0.217013
8629,100,0.347601,0.382405
7869,1150,0.23529,0.35252
5148,50,0.757805,0.505973
1753,50,0.495901,0.354035
293,2550,0.305387,0.338319
2603,50,0.525389,0.42589
7859,600,0.391558,0.407451
2723,750,0.20644,0.435571
3617,1300,0.345135,0.39503
3043,350,0.300002,0.390753
1399,50,0.46453,0.624245
7688,3050,0.251687,0.337062
8660,50,0.595321,0.469056
1852,750,0.42655,0.364977
923,150,0.306484,0.313569
233,150,0.369703,0.271509
5991,600,0.290367,0.348489
6117,150,0.328508,0.38652
1550,100,0.42655,0.458809
9749,50,0.544084,0.458423
4649,50,0.57065,0.566418
1434,150,0.443975,0.338379
3278,1550,0.183248,0.386591
2371,50,0.600735,0.497693
1103,50,0.46135,0.324344
8213,50,0.345142,0.426993
3545,150,0.475571,0.48899
5327,50,0.402745,0.398964
2903,2000,0.358614,0.464942
4562,100,0.286735,0.342479
9008,1250,0.200694,0.257883
3869,1250,0.177595,0.257237
4529,50,0.543613,0.510538
3493,750,0.239798,0.293529
8161,50,0.409187,0.456324
5621,50,0.507693,0.403753
9228,100,0.418905,0.464932
6504,2850,0.185909,0.349866
8019,50,0.689874,0.667078
4699,50,0.401228,0.431925
8944,2550,0.305334,0.392948
9509,50,0.706506,0.391298
5385,400,0.444793,0.374246
6477,800,0.234971,0.301224
9858,100,0.519072,0.436821
2902,50,0.498947,0.378285
6667,450,0.349237,0.333227
7895,100,0.607802,0.569267
15,100,0.534662,0.339043
5479,50,0.646466,0.771863
9132,50,0.717355,0.591257
6134,150,0.437006,0.35621
1472,1150,0.174588,0.321924
3230,50,0.61767,0.529675
4958,100,0.316623,0.248096
7775,1700,0.206257,0.26494
2764,50,0.308749,0.453282
104,2350,0.170774,0.318896
4736,50,0.674478,0.438927
7201,950,0.542677,0.497405
7863,150,0.334853,0.339636
2963,200,0.327868,0.383836
4866,300,0.438157,0.326917
5535,50,0.574082,0.32761
8350,200,0.340952,0.315791
6740,850,0.324003,0.285207
3186,100,0.247916,0.295819
8419,50,0.683481,0.728857
1002,100,0.511996,0.41665
8682,450,0.19644,0.281512
5654,50,0.397251,0.459428
266,350,0.348774,0.252894
8755,50,0.678249,0.62056
6248,1300,0.199507,0.323675
6385,50,0.34205,0.410227
1868,50,0.686152,0.694569
1076,150,0.388283,0.337082
2403,50,0.56476,0.474505
6005,50,0.550259,0.395098
1891,550,0.238232,0.305629
5132,50,0.307654,0.356284
6691,1350,0.208158,0.42036
7741,250,0.5872,0.343255
4016,550,0.299738,0.357959
8168,100,0.435388,0.196107
8514,100,0.508254,0.597478
9369,50,0.54265,0.374324
6400,50,0.509552,0.604094
706,100,0.480853,0.397461
9605,2100,0.314516,0.27724
8620,5000,0.168259,0.349177
5953,5000,0.150412,0.232916
3688,50,0.585827,0.512061
7253,600,0.182244,0.368133
6376,50,0.443273,0.37381
451,5000,0.200459,0.297755
9535,50,0.633485,0.587829
996,450,0.300445,0.283733
9262,50,0.522778,0.324647
3179,150,0.500965,0.314687
1916,3300,0.26122,0.324695
9622,2000,0.152399,0.339552
5900,50,0.737612,0.510165
9092,50,0.516284,0.466376
9168,5000,0.188271,0.323779
735,100,0.418546,0.348221
2185,1350,0.196658,0.342208
394,50,0.766553,0.542799
4167,50,0.449353,0.329541
866,150,0.405671,0.276571
8678,50,0.45984,0.423281
9152,1950,0.325786,0.400197
5321,50,0.568188,0.455939
9698,300,0.268145,0.357555
2274,50,0.369076,0.379865
8269,700,0.360042,0.331835
8391,850,0.211563,0.364599
2687,300,0.287737,0.346833
8523,50,0.408328,0.376436
2950,4400,0.181412,0.236043
1924,50,0.62836,0.674426
2443,5000,0.308807,0.362791
2740,50,0.359962,0.372572
4931,750,0.213463,0.296158
8779,50,0.655616,0.63972
2126,1000,0.252522,0.297106
53,150,0.296681,0.34395
5489,600,0.339148,0.324967
8691,100,0.481555,0.423637
3880,5000,0.148338,0.324805
7991,300,0.259477,0.320511
7594,1950,0.215125,0.364735
4110,50,0.483346,0.405953
2540,650,0.18335,0.31872
4788,50,0.558653,0.482611
3205,50,0.448714,0.378773
3932,2400,0.519498,0.536328
2011,50,0.435686,0.452947
5342,350,0.249253,0.239618
9665,150,0.314881,0.405298
7272,100,0.300081,0.290267
927,500,0.248385,0.225078
9355,200,0.269467,0.343693
9768,3400,0.229212,0.310589
8812,950,0.181591,0.384369
4884,50,0.468794,0.437243
335,750,0.185786,0.265377
6635,600,0.334122,0.523503
4883,50,0.518481,0.564462
1394,5000,0.167565,0.356685
8545,50,0.385552,0.276629
127,1700,0.219976,0.278625
3831,50,0.627886,0.425837
4950,50,0.694283,0.561891
763,50,0.739361,0.634172
2457,2000,0.226646,0.401822
7307,100,0.413705,0.303457
2758,750,0.529627,0.514374
324,50,0.707075,0.595286
7680,200,0.385153,0.477203
275,100,0.436983,0.425787
7328,500,0.378375,0.335919
7044,50,0.310217,0.397542
7289,50,0.641797,0.445512
5305,200,0.398726,0.391055
6347,450,0.385222,0.396437
9447,1500,0.230009,0.329484
8426,700,0.243209,0.315347
4860,50,0.662838,0.41244
7659,50,0.525011,0.525245
1335,50,0.60771,0.47761
4069,2250,0.285489,0.406171
6039,100,0.342874,0.292071
1714,50,0.40365,0.412978
7965,1800,0.224384,0.376741
2642,50,0.495676,0.314197
1712,50,0.589896,0.498092
1004,50,0.450666,0.65105
9971,1050,0.181492,0.296469
8948,150,0.412713,0.495964
9647,150,0.465562,0.355786
1773,150,0.403577,0.272611
1568,50,0.700892,0.409118
2546,50,0.629703,0.546162
6123,400,0.316482,0.477869
8873,100,0.414193,0.439671
4273,300,0.231383,0.275148
6751,50,0.5336,0.351724
183,1050,0.21916,0.316274
8538,50,0.661989,0.682946
1883,250,0.389561,0.409124
6875,100,0.438984,0.339179
7046,50,0.471584,0.32617
549,250,0.348414,0.22407
1679,100,0.422074,0.386788
5357,100,0.483795,0.268803
1511,200,0.336929,0.293895
8223,50,0.632046,0.552019
7578,700,0.265833,0.254702
7435,750,0.284458,0.289017
9276,50,0.593131,0.632297
3984,250,0.239114,0.326773
2993,4400,0.189803,0.339136
3034,50,0.525243,0.568555
4473,150,0.313736,0.400071
5516,1600,0.259882,0.314372
5572,50,0.498005,0.478842
5530,450,0.272773,0.34532
7580,50,0.499014,0.295671
8963,50,0.483494,0.441697
2234,400,0.387428,0.280874
2560,50,0.526753,0.431216
6852,100,0.454209,0.483992
9973,150,0.283757,0.306852
6431,50,0.585075,0.270524
7700,50,0.432044,0.447166
3879,50,0.699244,0.41562
8469,100,0.450701,0.402297
6754,50,0.639622,0.410215
9583,150,0.243909,0.334517
9557,400,0.234641,0.255927
9013,100,0.387609,0.306417
6555,300,0.281396,0.459607
8256,5000,0.232913,0.239014
8122,3300,0.20153,0.289075
6092,100,0.337074,0.404774
7088,500,0.267345,0.353183
4864,1150,0.233101,0.341332
3743,50,0.601217,0.326151
8415,50,0.441096,0.367331
9364,50,0.477925,0.568234
8674,1450,0.193257,0.326975
6099,100,0.549453,0.483466
6790,1050,0.385907,0.516862
6506,50,0.592616,0.562658
5822,50,0.573484,0.529247
4565,150,0.391732,0.328481
8676,100,0.479264,0.513689
4185,5000,0.346161,0.299378
8253,100,0.303867,0.287602
1295,250,0.273223,0.393083
4929,50,0.543308,0.661688
3839,200,0.399337,0.501676
1189,1350,0.38958,0.504139
2387,500,0.315889,0.372037
6534,50,0.683452,0.600069
659,100,0.257214,0.27757
764,1900,0.281753,0.247206
5716,300,0.290165,0.287056
7231,100,0.327126,0.271702
7533,50,0.518256,0.375662
4943,1350,0.239874,0.337545
7257,100,0.257783,0.413484
1045,350,0.259333,0.30943
232,350,0.21342,0.347342
5944,50,0.752146,0.473379
4648,50,0.569256,0.553387
250,100,0.309684,0.282228
9068,300,0.360725,0.363098
1232,300,0.26359,0.361081
787,50,0.478916,0.533103
5965,50,0.497909,0.327637
357,100,0.372611,0.394046
8215,1800,0.24115,0.294778
4968,50,0.605123,0.465673
6768,1400,0.252313,0.40765
8,50,0.572083,0.471321
1422,100,0.50424,0.379907
8210,50,0.481066,0.401312
1581,50,0.394529,0.385925
8744,300,0.239951,0.390962
5547,50,0.395229,0.424223
545,50,0.286615,0.322019
1962,100,0.463978,0.340355
1927,2600,0.157104,0.293247
7883,550,0.222921,0.308238
1187,200,0.272898,0.305457
6267,850,0.373425,0.344823
4820,50,0.524365,0.492515
2675,100,0.342596,0.455552
6231,150,0.451152,0.398835
1237,50,0.44087,0.392889
8820,100,0.325284,0.283385
3945,500,0.218024,0.342466
6466,50,0.737334,0.433352
2930,1300,0.28544,0.46257
7358,50,0.494745,0.484146
4509,100,0.527784,0.451373
2986,50,0.511525,0.550923
886,4850,0.221433,0.269002
8288,100,0.404268,0.503801
7360,600,0.352236,0.328309
9020,3600,0.195281,0.37416
4394,100,0.401204,0.465079
2114,50,0.367504,0.313025
1421,2050,0.190709,0.259946
7558,450,0.247345,0.296471
7613,50,0.499797,0.349282
1283,50,0.600345,0.508133
9201,2050,0.195493,0.312219
9112,50,0.476273,0.402991
4976,400,0.260861,0.416942
3671,50,0.796692,0.701293
834,400,0.418235,0.297347
7789,250,0.314374,0.349458
5638,350,0.263213,0.284964
5582,100,0.362254,0.459639
2128,150,0.245866,0.362704
6909,50,0.588058,0.50864
4112,550,0.33829,0.359912
448,1450,0.228335,0.337537
8925,150,0.244892,0.276598
8321,50,0.508381,0.457518
9211,1200,0.192494,0.283622
1760,50,0.52899,0.46216
5830,1500,0.352773,0.435686
4500,100,0.306527,0.402866
860,5000,0.213219,0.334021
3159,50,0.770716,0.760555
8037,50,0.386385,0.399833
781,250,0.318602,0.411041
9151,700,0.205833,0.304766
268,50,0.412997,0.53343
823,200,0.433669,0.341401
3910,350,0.428614,0.404197
4121,50,0.439867,0.396174
2250,1000,0.231778,0.320687
2554,50,0.679504,0.673507
4256,150,0.221126,0.35633
6640,600,0.39193,0.406338
552,1000,0.24526,0.242829
3364,50,0.57834,0.658404
4449,50,0.55131,0.481447
6705,200,0.309034,0.31216
4398,1650,0.253373,0.300565
4600,100,0.359748,0.273886
8894,150,0.384295,0.316503
7190,150,0.329052,0.288064
4703,50,0.519728,0.560622
9484,350,0.262496,0.249721
7427,2150,0.263622,0.38602
911,50,0.619527,0.481161
7314,50,0.76324,0.670533
3352,450,0.24441,0.251044
106,100,0.373762,0.398012
5035,1650,0.266811,0.344798
2858,200,0.25825,0.379327
5618,50,0.421221,0.337882
4353,100,0.455572,0.402434
8131,50,0.411685,0.456916
3024,2300,0.338662,0.389363
4963,250,0.30588,0.29376
2167,900,0.224121,0.259382
9246,50,0.603816,0.446309
3534,1000,0.326593,0.369651
9274,50,0.426911,0.387018
3009,100,0.316827,0.380003
387,50,0.79283,0.668136
8608,2250,0.344987,0.277143
6325,250,0.363432,0.405827
8411,3450,0.330149,0.355529
4965,50,0.63432,0.418041
4983,50,0.626304,0.464007
5706,1900,0.208403,0.220728
1204,50,0.486048,0.466993
3048,50,0.599377,0.504781
6270,50,0.650137,0.409354
1110,100,0.533983,0.571928
45,50,0.449498,0.275812
957,50,0.621004,0.655898
752,100,0.454307,0.455185
8574,5000,0.176925,0.348924
3415,50,0.675491,0.607662
6189,50,0.447187,0.585774
7412,150,0.405761,0.486527
1920,100,0.475563,0.528117
4783,100,0.316798,0.382024
6233,1150,0.255241,0.426382
6490,50,0.599528,0.602141
2147,200,0.274104,0.320744
7423,250,0.360745,0.446132
8141,50,0.52056,0.412746
1107,50,0.636238,0.627101
7179,50,0.404319,0.472374
964,100,0.421023,0.376406
6230,200,0.364629,0.280639
8635,100,0.342313,0.413283
2734,50,0.336836,0.562372
5578,50,0.610934,0.52848
6999,50,0.574237,0.520235
3110,50,0.518046,0.544213
4925,50,0.420796,0.392731
7771,100,0.518906,0.360551
5184,50,0.656094,0.673088
2947,50,0.846902,0.82751
931,1050,0.138315,0.264961
1809,800,0.351119,0.285653
3580,5000,0.191688,0.27964
6502,50,0.785563,0.70606
7481,50,0.786336,0.692289
4531,50,0.545951,0.513944
970,1800,0.18771,0.374715
1812,2450,0.415471,0.428407
4902,50,0.504965,0.564455
4655,100,0.56129,0.43595
6786,100,0.38623,0.279221
8628,50,0.72277,0.485569
9892,50,0.504435,0.383078
5840,500,0.229406,0.278743
8144,1300,0.305056,0.431998
7701,50,0.334638,0.558369
8279,50,0.646728,0.60055
2270,1300,0.288856,0.383053
1294,50,0.500873,0.410452
8857,1100,0.512225,0.45489
9788,50,0.479327,0.372843
9219,100,0.496517,0.409288
8731,50,0.673833,0.658072
9239,650,0.300179,0.367058
9180,50,0.681629,0.560434
7142,50,0.569433,0.540222
7369,350,0.188153,0.302196
8964,2500,0.179973,0.319479
8907,3800,0.244221,0.298173
3105,5000,0.203787,0.368185
7320,500,0.305713,0.428391
4248,450,0.440874,0.401209
575,2850,0.193764,0.288282
8542,50,0.593304,0.432235
4140,1000,0.205123,0.278152
153,50,0.51879,0.523771
4063,300,0.201576,0.202662
2243,250,0.40323,0.399813
9380,50,0.435714,0.427186
8847,200,0.317394,0.433937
5356,50,0.476634,0.399665
5000,900,0.251934,0.369085
8530,50,0.782779,0.539545
5838,1300,0.272909,0.337021
7661,50,0.639012,0.66853
5679,2400,0.288022,0.381783
9890,300,0.325427,0.389383
1460,900,0.188883,0.373832
2431,1050,0.514199,0.553059
2132,4600,0.213301,0.289898
6633,50,0.452464,0.460651
1095,50,0.445085,0.305607
216,50,0.383029,0.313023
8056,500,0.25389,0.392394
117,350,0.324125,0.27664
6561,3150,0.200171,0.417218
4899,100,0.329102,0.292979
9729,50,0.587945,0.364183
8231,50,0.538705,0.589593
6419,50,0.535507,0.569685
5579,100,0.438482,0.536337
7835,5000,0.269023,0.240555
78,200,0.251318,0.29872
3532,400,0.332852,0.443401
7467,100,0.465116,0.541794
1858,50,0.702518,0.458811
4617,1850,0.235167,0.368903
5158,3350,0.302593,0.40512
9519,50,0.623507,0.433835
9147,150,0.303388,0.410298
9976,50,0.593562,0.449286
2886,50,0.545267,0.342566
4084,150,0.330137,0.275628
4901,4050,0.459646,0.461823
4029,2800,0.249228,0.362194
6939,50,0.503239,0.393972
6714,200,0.399381,0.275439
8704,350,0.304484,0.425683
213,50,0.417029,0.381446
6007,1050,0.222563,0.418859
9855,900,0.545341,0.418118
4869,600,0.193941,0.291346
6152,50,0.55754,0.597466
9328,550,0.213484,0.323877
4912,350,0.322058,0.372103
4309,900,0.203124,0.338156
6836,450,0.308048,0.325658
9862,50,0.503247,0.433807
9129,5000,0.212617,0.339457
4100,2100,0.282438,0.266683
3202,2700,0.523438,0.312412
6950,3550,0.260646,0.429692
6288,100,0.307186,0.387633
7556,5000,0.182119,0.357124
7116,250,0.300339,0.361227
9736,50,0.406378,0.431008
4811,150,0.491751,0.45798
3409,50,0.581835,0.372238
7488,50,0.482144,0.402783
6607,5000,0.23183,0.45463
1719,100,0.462716,0.43648
1381,300,0.242483,0.407257
920,950,0.205151,0.392683
2828,50,0.655232,0.474258
7614,150,0.319645,0.391493
4085,50,0.749429,0.474742
6067,300,0.258707,0.330346
611,100,0.284073,0.324311
9574,50,0.811607,0.759001
8119,4400,0.303173,0.344658
6403,50,0.506232,0.54096
7496,200,0.328119,0.3868
9838,50,0.599385,0.588343
3665,3950,0.145851,0.25855
7368,100,0.470906,0.455897
5731,2600,0.180401,0.277051
4745,50,0.625983,0.543275
783,700,0.340994,0.339014
5326,200,0.238845,0.314736
9568,50,0.610589,0.64948
4117,50,0.775289,0.690361
4087,300,0.353956,0.399147
7037,50,0.525573,0.30116
3973,200,0.33198,0.421055
7073,100,0.451207,0.404656
3627,950,0.283297,0.336282
6050,1800,0.312214,0.250871
2727,100,0.282919,0.324728
1598,1650,0.237709,0.220973
6119,400,0.258212,0.443963
6825,1350,0.178685,0.282321
2454,50,0.490331,0.475732
2012,100,0.606688,0.665689
9224,50,0.547759,0.475757
6954,750,0.254867,0.316533
7604,50,0.633059,0.466973
1383,50,0.31245,0.425317
2001,250,0.277958,0.271989
5190,200,0.310212,0.287719
9343,150,0.309243,0.265948
3229,550,0.406011,0.330604
4850,50,0.623906,0.501564
5947,650,0.31795,0.392725
436,150,0.307589,0.447003
8559,50,0.748732,0.435494
1280,300,0.278102,0.375162
6539,300,0.317058,0.350576
5463,50,0.665583,0.60206
8896,1300,0.259192,0.277311
678,50,0.514247,0.466875
5597,200,0.539534,0.44748
5113,50,0.446338,0.457123
7096,2650,0.188078,0.27559
466,800,0.165944,0.34136
1106,600,0.325928,0.404805
7794,100,0.3778,0.305487
1282,200,0.264246,0.208355
8104,150,0.289027,0.310338
7248,100,0.352973,0.508351
9182,50,0.544221,0.532455
8624,50,0.511367,0.372089
7669,50,0.531085,0.421126
253,2050,0.152596,0.345433
9040,50,0.504155,0.266063
6118,150,0.378998,0.25169
9798,3100,0.305659,0.333153
5620,450,0.31791,0.340683
7774,50,0.540478,0.592243
3553,300,0.223753,0.315857
5247,100,0.391486,0.466862
7090,150,0.393836,0.455355
2958,400,0.258587,0.32319
8590,150,0.37614,0.294515
8728,50,0.678983,0.462048
837,100,0.575182,0.536075
4292,50,0.477073,0.35201
593,50,0.42679,0.296521
3550,2600,0.200185,0.417734
5194,50,0.594958,0.515245
501,100,0.575426,0.563805
6249,50,0.408174,0.39494
7753,350,0.339104,0.331903
3005,550,0.288185,0.360112
1928,50,0.62298,0.529076
5090,50,0.640454,0.591225
670,1300,0.186106,0.296736
4853,50,0.623124,0.516874
4099,50,0.757087,0.738998
3075,100,0.421459,0.285182
4807,1450,0.300009,0.288906
9413,50,0.662437,0.641842
5948,50,0.631654,0.618638
6299,100,0.535327,0.539566
8196,50,0.537971,0.364352
5185,250,0.234824,0.332373
3252,50,0.691856,0.524685
1122,100,0.363893,0.342881
4424,100,0.368447,0.268263
9089,250,0.217325,0.316665
1520,50,0.501449,0.343418
8786,400,0.655283,0.346127
5355,50,0.434778,0.284518
5309,50,0.675058,0.692878
8930,50,0.541658,0.464315
9481,400,0.291974,0.359699
9800,50,0.393692,0.362531
7925,150,0.440391,0.390677
6433,50,0.438299,0.520732
1633,3800,0.262053,0.382746
1300,900,0.233392,0.410846
9931,50,0.587362,0.665115
5754,400,0.259619,0.344101
2418,50,0.733623,0.611728
7787,2550,0.175795,0.322569
7312,1350,0.205429,0.43822
604,50,0.427048,0.44812
2344,5000,0.187576,0.316965
5934,2550,0.253788,0.198696
8830,50,0.614154,0.623356
3548,200,0.360607,0.408277
9066,50,0.603267,0.435126
5434,350,0.36161,0.309486
7783,350,0.335058,0.397013
5328,100,0.505431,0.311125
1875,100,0.540652,0.429357
3530,150,0.474902,0.423118
1333,300,0.233731,0.410162
289,50,0.69685,0.667596
5777,50,0.713333,0.572942
2770,50,0.604039,0.495629
8661,100,0.299159,0.417963
403,100,0.314693,0.41055
6210,100,0.298968,0.290894
5860,550,0.334984,0.376672
5958,450,0.304161,0.322497
4067,100,0.42864,0.551011
2328,4750,0.200051,0.226
2593,250,0.234262,0.367326
103,100,0.339244,0.420754
4650,250,0.350374,0.263077
9986,100,0.393259,0.482515
9311,50,0.575733,0.396117
715,400,0.343452,0.454471
1398,500,0.288997,0.284372
6116,650,0.309714,0.337906
9745,1150,0.192451,0.33865
9960,50,0.54271,0.316116
1726,2000,0.14665,0.283698
7416,200,0.342262,0.329149
1605,300,0.253278,0.315637
3217,50,0.553,0.431275
1604,100,0.309475,0.409389
3307,50,0.478537,0.491359
8564,50,0.370891,0.270509
6618,50,0.591781,0.466744
7056,100,0.470093,0.473397
7970,150,0.360716,0.26568
3835,250,0.274232,0.388612
9935,50,0.653051,0.638584
5180,50,0.576372,0.453974
4812,300,0.297447,0.295739
8936,50,0.438204,0.389648
6748,50,0.378347,0.300524
7282,50,0.695268,0.639016
7083,50,0.619215,0.600461
599,50,0.533622,0.477934
8018,100,0.24453,0.399562
6611,50,0.477632,0.438011
7028,50,0.350372,0.466248
7717,1450,0.186324,0.291506
8325,50,0.446544,0.475147
3837,50,0.457792,0.406733
8102,200,0.300799,0.320539
5415,50,0.419289,0.454973
6031,1450,0.332902,0.33325
906,100,0.407922,0.37328
4710,1000,0.422276,0.364585
8308,200,0.495447,0.358602
5131,4400,0.207991,0.295632
2510,50,0.53937,0.566106
6486,450,0.349209,0.48828
7931,150,0.510993,0.477318
6429,150,0.312439,0.303829
1060,300,0.28679,0.29996
6834,5000,0.193654,0.282736
1603,50,0.670609,0.415877
2568,5000,0.211173,0.368635
5374,700,0.311669,0.32007
1391,50,0.641534,0.624737
7306,400,0.248486,0.209674
4147,150,0.234874,0.247368
3076,750,0.283162,0.324758
8255,500,0.276126,0.202065
2563,300,0.384392,0.366181
4454,5000,0.185968,0.385658
5395,150,0.355587,0.509327
9603,2650,0.266622,0.373607
3149,50,0.393189,0.542882
7413,50,0.541161,0.410221
1112,50,0.697688,0.632049
1286,50,0.434624,0.356679
54,100,0.349596,0.417597
3970,850,0.34799,0.455799
1426,100,0.394477,0.407948
2917,150,0.381987,0.432451
4573,150,0.49298,0.378374
319,1150,0.168831,0.296283
589,50,0.636838,0.511747
3283,50,0.631491,0.642347
6235,200,0.314251,0.371244
6180,5000,0.194478,0.398704
5,200,0.282876,0.409318
1820,2350,0.192716,0.350459
6335,550,0.369811,0.321036
7759,50,0.560878,0.436729
5462,50,0.499188,0.398236
4408,50,0.60071,0.436859
2016,50,0.449966,0.501842
775,2550,0.311765,0.37187
3621,250,0.279503,0.352019
8637,50,0.584494,0.489583
2898,550,0.336997,0.318802
1322,50,0.495564,0.360965
3180,100,0.353016,0.271695
5928,50,0.639619,0.435166
2420,2000,0.25759,0.395127
5890,50,0.565694,0.511963
5937,100,0.678271,0.640304
5844,650,0.277784,0.329823
399,50,0.823475,0.647283
2843,100,0.477701,0.266956
5026,50,0.270559,0.32864
316,50,0.337364,0.327735
9702,100,0.409192,0.334723
5886,250,0.431218,0.453092
801,50,0.763643,0.614563
9046,50,0.560864,0.308825
4913,50,0.489243,0.392002
5114,50,0.309912,0.42627
6282,50,0.387848,0.414389
530,50,0.45484,0.514484
6994,150,0.435824,0.353306
8290,50,0.420782,0.34783
5661,500,0.297999,0.233691
2341,300,0.191329,0.305447
7049,250,0.269657,0.361918
8705,50,0.479849,0.400308
720,50,0.58821,0.591756
5906,50,0.617132,0.462592
7199,150,0.419075,0.450199
1672,650,0.246895,0.251753
7378,4350,0.20063,0.356068
1837,50,0.617356,0.634777
370,50,0.567191,0.521636
4092,100,0.35548,0.446209
1057,400,0.261058,0.259331
16,50,0.860599,0.824117
7714,3350,0.152526,0.266662
566,200,0.30662,0.230964
9757,350,0.379642,0.298649
7029,50,0.536681,0.476102
7333,50,0.381088,0.327466
5484,2200,0.175958,0.305496
6222,700,0.484191,0.409367
666,50,0.593215,0.579265
5718,50,0.562756,0.431117
3515,50,0.67042,0.651846
5362,50,0.692138,0.721498
9871,50,0.512618,0.509779
7080,200,0.270232,0.263777
6670,50,0.66951,0.434707
3468,800,0.301547,0.273055
8615,550,0.223185,0.341396
3659,200,0.304708,0.338567
20,2300,0.299426,0.380299
6302,50,0.448955,0.262025
7681,100,0.423054,0.344852
7943,100,0.367564,0.477391
428,450,0.395187,0.482974
3429,50,0.756603,0.727179
3046,1700,0.220757,0.335191
8182,50,0.343422,0.297296
4125,200,0.227632,0.368414
6026,50,0.518954,0.449561
623,50,0.782262,0.466539
2195,50,0.411518,0.472916
8913,5000,0.268845,0.350701
3131,2000,0.219388,0.31115
3607,50,0.246312,0.359196
3589,100,0.642352,0.457659
8148,1800,0.189552,0.277994
3465,1550,0.244979,0.301817
201,400,0.253241,0.331471
2068,450,0.235832,0.334757
3697,3450,0.198,0.268304
5178,50,0.437701,0.444841
5881,50,0.577008,0.351899
2480,1100,0.274682,0.317552
9320,100,0.506588,0.48185
4155,50,0.475058,0.377247
5875,50,0.696693,0.712102
7744,1200,0.283773,0.407363
7904,50,0.502813,0.481802
2940,100,0.241548,0.438553
5834,50,0.523411,0.46192
6377,50,0.355186,0.34061
9034,100,0.407971,0.35837
8099,50,0.509627,0.393141
2194,50,0.491302,0.504436
4653,50,0.577846,0.527363
3974,100,0.389296,0.392556
8648,50,0.62371,0.55675
440,50,0.737334,0.58271
8097,200,0.286167,0.375645
1611,50,0.548636,0.543483
3496,650,0.262427,0.236119
1639,1350,0.242522,0.320851
7,350,0.198836,0.337042
8920,250,0.214131,0.29497
7366,900,0.329058,0.337835
4854,350,0.370659,0.434433
3049,150,0.546983,0.53898
5209,50,0.489821,0.527938
9802,2750,0.245303,0.354639
5156,150,0.519766,0.382845
519,50,0.513377,0.365198
1488,400,0.261292,0.262108
9105,150,0.214992,0.317812
6857,50,0.55625,0.388914
7350,50,0.392437,0.505252
2769,100,0.278821,0.441818
5396,50,0.535416,0.507367
5276,50,0.622727,0.544068
6209,350,0.197485,0.28173
416,50,0.524069,0.413998
3277,50,0.785812,0.785858
6124,600,0.25269,0.294314
6291,3250,0.142962,0.237177
5691,50,0.525803,0.322609
3975,50,0.456715,0.332678
5861,4500,0.18476,0.286154
798,50,0.563549,0.377474
6053,100,0.497743,0.359193
1071,100,0.312764,0.40128
3258,100,0.330989,0.251892
9024,50,0.620531,0.583402
8927,50,0.437314,0.372425
2760,50,0.586981,0.542244
2049,750,0.281828,0.271472
3543,50,0.359821,0.4576
8260,100,0.385793,0.478572
8357,50,0.554408,0.405779
898,50,0.705592,0.610588
8706,100,0.421605,0.453404
5684,250,0.336489,0.349139
8117,550,0.363747,0.44735
7016,3500,0.314866,0.316498
9254,50,0.480632,0.466171
8730,100,0.32812,0.431736
7047,150,0.276305,0.395974
4980,550,0.335531,0.414274
8157,100,0.394639,0.368232
8993,1650,0.214626,0.24954
472,3650,0.232503,0.297825
1465,250,0.263926,0.33001
838,50,0.591907,0.644566
4018,250,0.343863,0.382353
3645,750,0.212313,0.237277
9604,50,0.631818,0.553225
7896,50,0.508405,0.33464
9714,50,0.667483,0.710791
7526,50,0.500571,0.330249
700,1000,0.320136,0.250062
9694,50,0.658065,0.415158
6414,1950,0.181081,0.290782
5827,50,0.544035,0.559623
6339,500,0.206236,0.313834
8715,5000,0.240663,0.357536
1065,50,0.486915,0.518763
475,450,0.264604,0.353169
9,1250,0.279231,0.364373
4566,650,0.385136,0.392378
582,50,0.629202,0.456026
3600,600,0.304006,0.360411
5969,50,0.723026,0.743376
85,50,0.555667,0.552667
585,50,0.328891,0.363386
1846,650,0.237089,0.242091
6827,100,0.48494,0.398091
4455,2850,0.161599,0.174494
2008,50,0.681303,0.457426
9725,2050,0.196978,0.298538
6616,1300,0.187397,0.344122
6546,50,0.603568,0.520764
5350,50,0.735585,0.444346
9833,50,0.539472,0.483047
9490,50,0.442305,0.49002
325,5000,0.195686,0.319654
2621,100,0.439938,0.407372
8725,150,0.267393,0.551359
8011,50,0.60333,0.297184
3573,50,0.55609,0.515284
9099,100,0.331836,0.343699
4081,50,0.723244,0.567633
1296,200,0.379497,0.522107
8977,450,0.355406,0.318326
6549,1050,0.299774,0.340153
8501,300,0.223686,0.271698
38,50,0.439424,0.384427
4598,50,0.557193,0.449248
2249,5000,0.188411,0.388272
312,1450,0.282426,0.260268
5085,50,0.594703,0.470325
107,50,0.42257,0.356527
22,1700,0.204735,0.34601
1349,50,0.491144,0.384522
2461,50,0.505568,0.588378
6617,100,0.380398,0.291286
2736,50,0.742023,0.609802
724,500,0.274588,0.332631
200,450,0.211561,0.283791
151,250,0.429226,0.465587
7993,50,0.709559,0.667875
3920,900,0.361482,0.382931
9558,50,0.498429,0.344226
9632,250,0.348888,0.45262
9184,50,0.448436,0.422259
2730,50,0.611371,0.447481
1700,1250,0.307653,0.387092
2520,50,0.578681,0.626102
8442,100,0.416807,0.355951
5625,50,0.800343,0.657719
5371,100,0.468554,0.39858
8800,250,0.322793,0.394082
8477,50,0.3651,0.378921
5125,2100,0.184868,0.318717
8298,200,0.301295,0.298696
5205,50,0.421114,0.29816
198,1400,0.160955,0.258125
6865,1000,0.183106,0.257501
9032,300,0.539128,0.481551
5403,50,0.730905,0.612947
4372,750,0.15466,0.287838
4183,50,0.476471,0.343896
2014,50,0.762243,0.658004
4143,450,0.22978,0.278678
9680,50,0.48623,0.618472
1709,50,0.58271,0.39255
7739,50,0.647755,0.510636
9773,100,0.429328,0.521509
3309,200,0.353554,0.342315
7122,50,0.646717,0.418807
7045,600,0.378842,0.347989
602,50,0.418719,0.345114
6949,200,0.30565,0.346775
8212,100,0.473199,0.352327
5748,150,0.328803,0.403705
8621,50,0.766526,0.615976
1150,50,0.693755,0.684417
5576,50,0.779938,0.75502
3443,100,0.40591,0.33539
9329,300,0.215459,0.268911
5668,50,0.628468,0.530041
3502,2300,0.372632,0.329373
5523,50,0.630459,0.644088
680,1200,0.25686,0.351861
1077,50,0.457816,0.517349
2706,100,0.479006,0.477565
8320,750,0.351199,0.34083
1980,250,0.346794,0.430756
4269,50,0.518558,0.442203
6868,550,0.308439,0.391143
4920,100,0.415127,0.361767
3686,50,0.569789,0.585052
9087,50,0.668174,0.592301
377,300,0.341359,0.374585
6287,150,0.357275,0.26606
5950,50,0.563846,0.46271
479,2350,0.169939,0.248982
8956,100,0.330367,0.394817
9346,700,0.25883,0.353214
5968,850,0.210315,0.310376
4384,50,0.415679,0.43416
8587,50,0.332191,0.348403
929,2750,0.232742,0.350594
6495,100,0.304728,0.45838
7664,1000,0.279849,0.204916
6364,1800,0.276622,0.279493
9925,50,0.526292,0.560421
2677,50,0.709982,0.541677
733,300,0.270749,0.306321
3506,3150,0.205102,0.302977
5639,1000,0.245177,0.334475
6338,3150,0.319541,0.361693
7432,100,0.419351,0.524319
7419,1250,0.412981,0.297535
3302,50,0.67694,0.508055
3462,600,0.233097,0.338792
4987,100,0.400117,0.296043
6840,50,0.324407,0.238068
6044,200,0.392639,0.416022
5028,1850,0.240837,0.40043
9085,100,0.409335,0.374824
6737,50,0.546292,0.5324
5876,100,0.470005,0.395583
2140,700,0.222693,0.356034
418,50,0.619172,0.378766
1037,50,0.612348,0.407825
5518,700,0.354887,0.421058
3679,50,0.290083,0.317671
9561,100,0.413691,0.449865
3315,50,0.580789,0.471298
8573,3600,0.177132,0.292273
9655,1650,0.26276,0.451997
3098,2100,0.185208,0.300133
7230,50,0.529311,0.442525
3032,4350,0.165817,0.258357
2070,550,0.20678,0.352376
4919,50,0.399412,0.546015
8613,50,0.422057,0.311988
4385,50,0.512181,0.528837
4327,1400,0.257718,0.29239
5245,50,0.452666,0.329613
1906,3500,0.187269,0.306495
641,100,0.49495,0.49201
5622,50,0.502185,0.472434
5926,50,0.578612,0.470127
7065,350,0.311766,0.332248
5929,250,0.195397,0.333397
286,700,0.234381,0.332551
895,100,0.368003,0.457437
1565,2400,0.175472,0.350685
6980,200,0.281751,0.261012
1402,50,0.389,0.366674
